-- MySQL dump 10.13  Distrib 9.2.0, for Linux (x86_64)
--
-- Host: localhost    Database: datn
-- ------------------------------------------------------
-- Server version	9.2.0

/*!40101 SET @OLD_CHARACTER_SET_CLIENT=@@CHARACTER_SET_CLIENT */;
/*!40101 SET @OLD_CHARACTER_SET_RESULTS=@@CHARACTER_SET_RESULTS */;
/*!40101 SET @OLD_COLLATION_CONNECTION=@@COLLATION_CONNECTION */;
/*!50503 SET NAMES utf8mb4 */;
/*!40103 SET @OLD_TIME_ZONE=@@TIME_ZONE */;
/*!40103 SET TIME_ZONE='+00:00' */;
/*!40014 SET @OLD_UNIQUE_CHECKS=@@UNIQUE_CHECKS, UNIQUE_CHECKS=0 */;
/*!40014 SET @OLD_FOREIGN_KEY_CHECKS=@@FOREIGN_KEY_CHECKS, FOREIGN_KEY_CHECKS=0 */;
/*!40101 SET @OLD_SQL_MODE=@@SQL_MODE, SQL_MODE='NO_AUTO_VALUE_ON_ZERO' */;
/*!40111 SET @OLD_SQL_NOTES=@@SQL_NOTES, SQL_NOTES=0 */;

--
-- Table structure for table `anh`
--

DROP TABLE IF EXISTS `anh`;
/*!40101 SET @saved_cs_client     = @@character_set_client */;
/*!50503 SET character_set_client = utf8mb4 */;
CREATE TABLE `anh` (
  `ID` int NOT NULL AUTO_INCREMENT,
  `SAN_PHAM_ID` int DEFAULT NULL,
  `MAU_SAC_ID` int DEFAULT NULL,
  `IS_DEFAULT` bit(1) NOT NULL DEFAULT b'0',
  `URL` varchar(255) CHARACTER SET utf8mb4 COLLATE utf8mb4_unicode_ci NOT NULL,
  `IS_DELETED` bit(1) NOT NULL DEFAULT b'0',
  PRIMARY KEY (`ID`),
  KEY `SAN_PHAM_ID` (`SAN_PHAM_ID`),
  KEY `MAU_SAC_ID` (`MAU_SAC_ID`),
  CONSTRAINT `anh_ibfk_1` FOREIGN KEY (`SAN_PHAM_ID`) REFERENCES `san_pham` (`ID`),
  CONSTRAINT `anh_ibfk_2` FOREIGN KEY (`MAU_SAC_ID`) REFERENCES `mau_sac` (`ID`)
) ENGINE=InnoDB AUTO_INCREMENT=15280 DEFAULT CHARSET=utf8mb4 COLLATE=utf8mb4_unicode_ci;
/*!40101 SET character_set_client = @saved_cs_client */;

--
-- Dumping data for table `anh`
--

LOCK TABLES `anh` WRITE;
/*!40000 ALTER TABLE `anh` DISABLE KEYS */;
INSERT INTO `anh` VALUES (10053,482,2,_binary '','https://media3.coolmate.me/cdn-cgi/image/width=672,height=990,quality=85/uploads/December2024/ao-dai-tay-the-thao-1699-trang_(3).jpg',_binary '\0'),(10119,482,2,_binary '\0','https://media3.coolmate.me/cdn-cgi/image/width=672,height=990,quality=85/uploads/December2024/ao-giu-nhiet-ex-warm-lenzing-modal-co-cao-trang-1.jpg',_binary '\0'),(10122,18,4,_binary '','https://media3.coolmate.me/cdn-cgi/image/width=672,height=990,quality=85/uploads/December2024/ao-hoodie-essential-fleece-xam-nhat_(6).jpg',_binary '\0'),(10472,18,4,_binary '\0','https://media3.coolmate.me/cdn-cgi/image/width=672,height=990,quality=85/uploads/December2024/ao-phao-nhe-ultrawarm-xam-1.jpg',_binary '\0'),(10649,489,4,_binary '','https://media3.coolmate.me/cdn-cgi/image/width=672,height=990,quality=85/uploads/December2024/ao-phao-nhe-ultrawarm-co-mu-xam-1.jpg',_binary '\0'),(11026,489,4,_binary '\0','https://media3.coolmate.me/cdn-cgi/image/width=672,height=990,quality=85/uploads/December2024/ao-giu-nhiet-ex-warm-lenzing-modal-co-cao-xam-1.jpg',_binary '\0'),(11102,440,3,_binary '','https://media3.coolmate.me/cdn-cgi/image/width=672,height=990,quality=85/uploads/December2024/ao-giu-nhiet-essential-brush-poly-co-trung-xam-nhat-1.jpg',_binary '\0'),(11167,18,4,_binary '\0','https://media3.coolmate.me/cdn-cgi/image/width=672,height=990,quality=85/uploads/December2024/ao-dai-tay-the-thao-essentials-xam-1.jpg',_binary '\0'),(11247,489,4,_binary '\0','https://media3.coolmate.me/cdn-cgi/image/width=672,height=990,quality=85/uploads/November2024/24CMCW.SM007_-_Xam_3.jpg',_binary '\0'),(11254,441,2,_binary '','https://media3.coolmate.me/cdn-cgi/image/width=672,height=990,quality=85/uploads/December2024/ao-dai-tay-the-thao-essentials-trang-1.jpg',_binary '\0'),(11319,488,2,_binary '','https://media3.coolmate.me/cdn-cgi/image/width=672,height=990,quality=85/uploads/November2024/24CMCW.SM007_-_Trang_1.jpg',_binary '\0'),(11334,411,1,_binary '','https://media3.coolmate.me/cdn-cgi/image/width=672,height=990,quality=85/uploads/December2024/ao-dai-tay-the-thao-1699-den_(1).jpg',_binary '\0'),(11514,488,2,_binary '\0','https://media3.coolmate.me/cdn-cgi/image/width=672,height=990,quality=85/uploads/December2024/ao-giu-nhiet-ex-warm-lenzing-modal-co-trung-trang-1.jpg',_binary '\0'),(11530,482,2,_binary '\0','https://media3.coolmate.me/cdn-cgi/image/width=672,height=990,quality=85/uploads/October2024/2484.ULSMV.TSZ707_HEHEHEVENOM_0058_-12_TRANG_57.jpg',_binary '\0'),(11550,431,2,_binary '','https://media3.coolmate.me/cdn-cgi/image/width=672,height=990,quality=85/uploads/October2024/2484.ULSMV.TSZ702_VENOM_0028_-42_TRANG_57.jpg',_binary '\0'),(11657,4,1,_binary '','https://media3.coolmate.me/cdn-cgi/image/width=672,height=990,quality=85/uploads/December2024/ao-thun-nam-the-thao-phoi-bo-co-den_(1).jpg',_binary '\0'),(11659,448,1,_binary '','https://media3.coolmate.me/cdn-cgi/image/width=672,height=990,quality=85/uploads/December2024/ao-khoac-2-lop-casual-den_(3).jpg',_binary '\0'),(11676,479,1,_binary '','https://media3.coolmate.me/cdn-cgi/image/width=672,height=990,quality=85/uploads/December2024/ao-hoodie-essential-fleece-den_(1).jpg',_binary '\0'),(11735,480,4,_binary '','https://media3.coolmate.me/cdn-cgi/image/width=672,height=990,quality=85/uploads/November2024/24CMHU.GN001_-_Xam_1.jpg',_binary '\0'),(11756,427,1,_binary '','https://media3.coolmate.me/cdn-cgi/image/width=672,height=990,quality=85/uploads/December2024/ao-phao-day-ultrawarm-puffer-den_(11).jpg',_binary '\0'),(11821,444,1,_binary '','https://media3.coolmate.me/cdn-cgi/image/width=672,height=990,quality=85/uploads/December2024/ao-phao-nhe-ultrawarm-den-1.jpg',_binary '\0'),(11855,448,1,_binary '\0','https://media3.coolmate.me/cdn-cgi/image/width=672,height=990,quality=85/uploads/December2024/ao-phao-nhe-ultrawarm-co-mu-den-1.jpg',_binary '\0'),(11856,486,4,_binary '','https://media3.coolmate.me/cdn-cgi/image/width=672,height=990,quality=85/uploads/February2025/ao-thun-the-thao-jacquard-seamless-xam-1.jpg',_binary '\0'),(11870,467,4,_binary '','https://media3.coolmate.me/cdn-cgi/image/width=672,height=990,quality=85/uploads/August2024/24CMAW.AT030.23.jpg',_binary '\0'),(11888,448,4,_binary '','https://media3.coolmate.me/cdn-cgi/image/width=672,height=990,quality=85/uploads/November2024/24CMCW.QD004__Xam_Xanh_1.jpg',_binary '\0'),(11904,477,1,_binary '','https://media3.coolmate.me/cdn-cgi/image/width=672,height=990,quality=85/uploads/December2024/ao-giu-nhiet-ex-warm-lenzing-modal-co-cao-den-6.jpg',_binary '\0'),(11918,419,3,_binary '','https://media3.coolmate.me/cdn-cgi/image/width=672,height=990,quality=85/uploads/November2024/24CMAW.KM010_-_Xam_2.jpg',_binary '\0'),(11934,500,3,_binary '','https://media3.coolmate.me/cdn-cgi/image/width=672,height=990,quality=85/uploads/November2024/24CMCW.ST002_-_Xam_1.jpg',_binary '\0'),(11946,441,2,_binary '\0','https://media3.coolmate.me/cdn-cgi/image/width=672,height=990,quality=85/uploads/October2024/2484.ULSMV.TSZ702_VENOM_0028_-42_TRANG_71.jpg',_binary '\0'),(11961,441,1,_binary '','https://media3.coolmate.me/cdn-cgi/image/width=672,height=990,quality=85/uploads/December2024/ao-giu-nhiet-essential-brush-poly-co-trung-den-1.jpg',_binary '\0'),(11963,479,1,_binary '\0','https://media3.coolmate.me/cdn-cgi/image/width=672,height=990,quality=85/uploads/December2024/ao-dai-tay-the-thao-essentials-den-1.jpg',_binary '\0'),(11969,431,2,_binary '\0','https://media3.coolmate.me/cdn-cgi/image/width=672,height=990,quality=85/uploads/October2024/2484.ULSMV.TSZ701_WEAREVENOM_0023_-47_TRANG_25.jpg',_binary '\0'),(12063,470,1,_binary '','https://media3.coolmate.me/cdn-cgi/image/width=672,height=990,quality=85/uploads/November2024/24CMCW.SM007_-_Den_2.jpg',_binary '\0'),(12065,18,2,_binary '','https://media3.coolmate.me/cdn-cgi/image/width=672,height=990,quality=85/uploads/October2024/2484.ULSMV.TSZ698_LETSDANCEVENOM_0008_-62_TRANG.jpg',_binary '\0'),(12066,448,4,_binary '\0','https://media3.coolmate.me/cdn-cgi/image/width=672,height=990,quality=85/uploads/November2023/dt001.gym.10_83.jpg',_binary '\0'),(12070,502,2,_binary '','https://media3.coolmate.me/cdn-cgi/image/width=672,height=990,quality=85/uploads/July2024/Dobby_7.jpg',_binary '\0'),(12075,427,2,_binary '','https://media3.coolmate.me/cdn-cgi/image/width=672,height=990,quality=85/uploads/November2024/24CMCW.QD004__Trang_6.jpg',_binary '\0'),(12106,504,4,_binary '','https://media3.coolmate.me/cdn-cgi/image/width=672,height=990,quality=85/uploads/February2025/ao-thun-the-thao-nam-active-basics-nhanh-kho-ex-dry-xam-dam-1.jpg',_binary '\0'),(12161,414,3,_binary '','https://media3.coolmate.me/cdn-cgi/image/width=672,height=990,quality=85/uploads/November2023/3dsinglet.1.jpg',_binary '\0'),(12228,480,4,_binary '\0','https://media3.coolmate.me/cdn-cgi/image/width=672,height=990,quality=85/uploads/November2023/_CMM5391.jpg',_binary '\0'),(12237,491,2,_binary '','https://media3.coolmate.me/cdn-cgi/image/width=672,height=990,quality=85/uploads/November2024/Mickey_Mouse_Club_House_2.1.jpg',_binary '\0'),(12247,488,3,_binary '','https://media3.coolmate.me/cdn-cgi/image/width=672,height=990,quality=85/uploads/December2024/23CMCW.ST002.2_Xam-D.jpg',_binary '\0'),(12253,482,2,_binary '\0','https://media3.coolmate.me/cdn-cgi/image/width=672,height=990,quality=85/uploads/November2024/MouseNap_1.1.jpg',_binary '\0'),(12263,501,3,_binary '','https://media3.coolmate.me/cdn-cgi/image/width=672,height=990,quality=85/uploads/April2023/Ao_thun_chay_bo_nam_Advanced_Fast__Free_Run12.jpg',_binary '\0'),(12275,470,4,_binary '','https://media3.coolmate.me/cdn-cgi/image/width=672,height=990,quality=85/uploads/December2024/ao-polo-nam-cafe-mau-xam-nhat-1.jpg',_binary '\0'),(12276,434,1,_binary '','https://media3.coolmate.me/cdn-cgi/image/width=672,height=990,quality=85/uploads/December2024/ao-giu-nhiet-ex-warm-lenzing-modal-co-trung-den-1.jpg',_binary '\0'),(12297,459,4,_binary '','https://media3.coolmate.me/cdn-cgi/image/width=672,height=990,quality=85/uploads/October2024/ADT.CP_-__Xam-1testtt_(1)_(1)_(1)_(1).jpg',_binary '\0'),(12310,430,1,_binary '','https://media3.coolmate.me/cdn-cgi/image/width=672,height=990,quality=85/uploads/November2024/24CMHU.GN001_-_Den_1.jpg',_binary '\0'),(12313,487,2,_binary '','https://media3.coolmate.me/cdn-cgi/image/width=672,height=990,quality=85/uploads/December2024/2484CW.DT002_-6564_-_TRANG.jpg',_binary '\0'),(12363,444,3,_binary '','https://media3.coolmate.me/cdn-cgi/image/width=672,height=990,quality=85/uploads/April2024/AT.CP.29.jpg',_binary '\0'),(12369,419,3,_binary '\0','https://media3.coolmate.me/cdn-cgi/image/width=672,height=990,quality=85/uploads/December2024/ao-polo-nam-the-thao-promax-s1-mau-xam-tarmac_(1).jpg',_binary '\0'),(12371,18,4,_binary '\0','https://media3.coolmate.me/cdn-cgi/image/width=672,height=990,quality=85/uploads/February2025/ASMC_Somi_Cafe_-_12_XAMN.jpg',_binary '\0'),(12372,477,1,_binary '\0','https://media3.coolmate.me/cdn-cgi/image/width=672,height=990,quality=85/uploads/October2024/2484.ULSMV.TSZ707_HEHEHEVENOM_0052_-18_DEN_70.jpg',_binary '\0'),(12375,462,4,_binary '','https://media3.coolmate.me/cdn-cgi/image/width=672,height=990,quality=85/uploads/February2025/24CMCW.KM001_-_19_XAM1.jpg',_binary '\0'),(12376,444,3,_binary '\0','https://media3.coolmate.me/cdn-cgi/image/width=672,height=990,quality=85/uploads/February2025/24CMCW.KM002_-_19_XAM1.jpg',_binary '\0'),(12386,496,4,_binary '','https://media3.coolmate.me/cdn-cgi/image/width=672,height=990,quality=85/uploads/December2024/ao-polo-nam-cafe-essentials-thoang-mat-chong-uv-xam-2.jpg',_binary '\0'),(12399,474,2,_binary '','https://media3.coolmate.me/cdn-cgi/image/width=672,height=990,quality=85/uploads/October2023/84rs.rep.2_32.jpg',_binary '\0'),(12404,467,4,_binary '\0','https://media3.coolmate.me/cdn-cgi/image/width=672,height=990,quality=85/uploads/June2024/24CMCW.CN003.6_78.jpg',_binary '\0'),(12424,444,3,_binary '\0','https://media3.coolmate.me/cdn-cgi/image/width=672,height=990,quality=85/uploads/December2024/ao-polo-the-thao-active-premium-thoang-khi-exdry-xam-1.jpg',_binary '\0'),(12429,440,3,_binary '\0','https://media3.coolmate.me/cdn-cgi/image/width=672,height=990,quality=85/uploads/December2024/ao-polo-the-thao-pro-active-1595-thoang-khi-ex-dry-xam-whiecaps_(2).jpg',_binary '\0'),(12438,480,3,_binary '','https://media3.coolmate.me/cdn-cgi/image/width=672,height=990,quality=85/uploads/July2024/xam1.jpg',_binary '\0'),(12441,463,1,_binary '','https://media3.coolmate.me/cdn-cgi/image/width=672,height=990,quality=85/uploads/February2025/ao-thun-the-thao-jacquard-seamless-den-1_66.jpg',_binary '\0'),(12445,473,1,_binary '','https://media3.coolmate.me/cdn-cgi/image/width=672,height=990,quality=85/uploads/October2024/2484.ULSMV.TSZ705__CLASSICVENOM-27_DEN_89.jpg',_binary '\0'),(12451,503,3,_binary '','https://media3.coolmate.me/cdn-cgi/image/width=672,height=990,quality=85/uploads/March2024/24CMAW.SL002.11_60.jpg',_binary '\0'),(12466,453,3,_binary '','https://media3.coolmate.me/cdn-cgi/image/width=672,height=990,quality=85/uploads/October2024/ABL.RN.F.11_62.jpg',_binary '\0'),(12468,473,3,_binary '','https://media3.coolmate.me/cdn-cgi/image/width=672,height=990,quality=85/uploads/March2024/24CMAW.AT014.1_86.jpg',_binary '\0'),(12471,441,1,_binary '\0','https://media3.coolmate.me/cdn-cgi/image/width=672,height=990,quality=85/uploads/July2024/24CMAW.TT011.29_85.jpg',_binary '\0'),(12482,496,4,_binary '\0','https://media3.coolmate.me/cdn-cgi/image/width=672,height=990,quality=85/uploads/December2024/24CMAW.DT003---Xam-1_98.jpg',_binary '\0'),(12491,427,2,_binary '\0','https://media3.coolmate.me/cdn-cgi/image/width=672,height=990,quality=85/uploads/October2023/sao_giu_nhiet_trang_6.jpg',_binary '\0'),(12492,1,4,_binary '','https://media3.coolmate.me/cdn-cgi/image/width=672,height=990,quality=85/uploads/March2024/24CMAW.TT003.23_84.jpg',_binary '\0'),(12497,500,3,_binary '\0','https://media3.coolmate.me/cdn-cgi/image/width=672,height=990,quality=85/uploads/December2024/ao-hoodie-essential-fleece-xam-nhat_(6).jpg',_binary '\0'),(12499,17,4,_binary '','https://media3.coolmate.me/cdn-cgi/image/width=672,height=990,quality=85/uploads/December2024/ao-phao-nhe-ultrawarm-xam-1.jpg',_binary '\0'),(12500,450,2,_binary '','https://media3.coolmate.me/cdn-cgi/image/width=672,height=990,quality=85/uploads/February2025/coolmate-x-copper-denim-ao-thun-phoi-jean-trang-1.jpg',_binary '\0'),(12511,477,1,_binary '\0','https://media3.coolmate.me/cdn-cgi/image/width=672,height=990,quality=85/uploads/October2024/2484.ULSMV.TSZ700_LETHALPROTECTOR1VENOM_0018_-52_DEN_60.jpg',_binary '\0'),(12523,504,4,_binary '\0','https://media3.coolmate.me/cdn-cgi/image/width=672,height=990,quality=85/uploads/December2024/ao-phao-nhe-ultrawarm-co-mu-xam-1.jpg',_binary '\0'),(12533,440,3,_binary '\0','https://media3.coolmate.me/cdn-cgi/image/width=672,height=990,quality=85/uploads/December2024/ao-giu-nhiet-ex-warm-lenzing-modal-co-cao-xam-1.jpg',_binary '\0'),(12538,478,4,_binary '','https://media3.coolmate.me/cdn-cgi/image/width=672,height=990,quality=85/uploads/December2024/ao-giu-nhiet-essential-brush-poly-co-trung-xam-nhat-1.jpg',_binary '\0'),(12544,442,1,_binary '','https://media3.coolmate.me/cdn-cgi/image/width=672,height=990,quality=85/uploads/October2024/2484.ULSMV.TSZ698_LETSDANCEVENOM_0003_-67_DEN.jpg',_binary '\0'),(12548,501,3,_binary '\0','https://media3.coolmate.me/cdn-cgi/image/width=672,height=990,quality=85/uploads/December2024/ao-dai-tay-the-thao-essentials-xam-1.jpg',_binary '\0'),(12549,486,4,_binary '\0','https://media3.coolmate.me/cdn-cgi/image/width=672,height=990,quality=85/uploads/November2024/24CMCW.SM007_-_Xam_3.jpg',_binary '\0'),(12555,487,4,_binary '','https://media3.coolmate.me/cdn-cgi/image/width=672,height=990,quality=85/uploads/November2024/24CMHU.GN001_-_Xam_1.jpg',_binary '\0'),(12559,458,2,_binary '','https://media3.coolmate.me/cdn-cgi/image/width=672,height=990,quality=85/uploads/October2024/_ADT.CP_-__Trang2.jpg',_binary '\0'),(12560,500,4,_binary '','https://media3.coolmate.me/cdn-cgi/image/width=672,height=990,quality=85/uploads/February2025/ao-thun-the-thao-jacquard-seamless-xam-1.jpg',_binary '\0'),(12563,497,2,_binary '','https://media3.coolmate.me/cdn-cgi/image/width=672,height=990,quality=85/uploads/April2024/APL.EC.T.2_18.jpg',_binary '\0'),(12566,418,3,_binary '','https://media3.coolmate.me/cdn-cgi/image/width=672,height=990,quality=85/uploads/August2024/24CMAW.AT030.23.jpg',_binary '\0'),(12568,472,1,_binary '','https://media3.coolmate.me/cdn-cgi/image/width=672,height=990,quality=85/uploads/August2024/Ao_Thun_Nam_The_Thao_Coolmate_Basics_-_Den_6_(3).jpg',_binary '\0'),(12573,487,2,_binary '\0','https://media3.coolmate.me/cdn-cgi/image/width=672,height=990,quality=85/uploads/June2024/2484SW.AT011.13.jpg',_binary '\0'),(12585,429,4,_binary '','https://media3.coolmate.me/cdn-cgi/image/width=672,height=990,quality=85/uploads/November2024/24CMCW.QD004__Xam_Xanh_1.jpg',_binary '\0'),(12586,4,1,_binary '\0','https://media3.coolmate.me/cdn-cgi/image/width=672,height=990,quality=85/uploads/March2024/DSC04870_copy.jpg',_binary '\0'),(12587,467,3,_binary '','https://media3.coolmate.me/cdn-cgi/image/width=672,height=990,quality=85/uploads/November2024/24CMAW.KM010_-_Xam_2.jpg',_binary '\0'),(12588,474,2,_binary '\0','https://media3.coolmate.me/cdn-cgi/image/width=672,height=990,quality=85/uploads/June2024/2484SW.AT010.7.jpg',_binary '\0'),(12590,4,1,_binary '\0','https://media3.coolmate.me/cdn-cgi/image/width=672,height=990,quality=85/uploads/October2024/Legend_Club_3.1.jpg',_binary '\0'),(12593,449,1,_binary '','https://media3.coolmate.me/cdn-cgi/image/width=672,height=990,quality=85/uploads/August2024/24CMAW.AT024.31.jpg',_binary '\0'),(12607,427,1,_binary '\0','https://media3.coolmate.me/cdn-cgi/image/width=672,height=990,quality=85/uploads/May2024/23CMAW.AT003.fixmau13_94.jpg',_binary '\0'),(12631,462,1,_binary '','https://media3.coolmate.me/cdn-cgi/image/width=672,height=990,quality=85/uploads/November2024/24CMCW.QD004__24CMCW.QD004__Den_1.jpg',_binary '\0'),(12641,435,1,_binary '','https://media3.coolmate.me/cdn-cgi/image/width=672,height=990,quality=85/uploads/December2024/24CMAW.KM007_-_Den_12.jpg',_binary '\0'),(12642,434,2,_binary '','https://media3.coolmate.me/cdn-cgi/image/width=672,height=990,quality=85/uploads/May2022/Cafe_trang_1.jpg',_binary '\0'),(12655,501,3,_binary '\0','https://media3.coolmate.me/cdn-cgi/image/width=672,height=990,quality=85/uploads/November2024/24CMCW.ST002_-_Xam_1.jpg',_binary '\0'),(12656,498,1,_binary '','https://media3.coolmate.me/cdn-cgi/image/width=672,height=990,quality=85/uploads/November2024/Mickey_Mouse_Club_House_1.1.jpg',_binary '\0'),(12660,418,3,_binary '\0','https://media3.coolmate.me/cdn-cgi/image/width=672,height=990,quality=85/uploads/November2023/dt001.gym.10_83.jpg',_binary '\0'),(12681,502,2,_binary '\0','https://media3.coolmate.me/cdn-cgi/image/width=672,height=990,quality=85/uploads/October2024/2484.ULSMV.TSZ706_EVERYDAYVENOM_0046__24_TRANG.jpg',_binary '\0'),(12686,415,4,_binary '','https://media3.coolmate.me/cdn-cgi/image/width=672,height=990,quality=85/uploads/February2025/ao-thun-the-thao-nam-active-basics-nhanh-kho-ex-dry-xam-dam-1.jpg',_binary '\0'),(12692,436,4,_binary '','https://media3.coolmate.me/cdn-cgi/image/width=672,height=990,quality=85/uploads/November2023/3dsinglet.1.jpg',_binary '\0'),(12694,468,2,_binary '','https://media3.coolmate.me/cdn-cgi/image/width=672,height=990,quality=85/uploads/October2024/Starring_Mickey_Mouse_1.1.jpg',_binary '\0'),(12696,475,4,_binary '','https://media3.coolmate.me/cdn-cgi/image/width=672,height=990,quality=85/uploads/November2023/_CMM5391.jpg',_binary '\0'),(12711,468,2,_binary '\0','https://media3.coolmate.me/cdn-cgi/image/width=672,height=990,quality=85/uploads/April2023/shadowAo_thun_oversize__84RISING_logo5.jpg',_binary '\0'),(12723,478,4,_binary '\0','https://media3.coolmate.me/cdn-cgi/image/width=672,height=990,quality=85/uploads/December2024/23CMCW.ST002.2_Xam-D.jpg',_binary '\0'),(12739,504,4,_binary '\0','https://media3.coolmate.me/cdn-cgi/image/width=672,height=990,quality=85/uploads/April2023/Ao_thun_chay_bo_nam_Advanced_Fast__Free_Run12.jpg',_binary '\0'),(12742,425,2,_binary '','https://media3.coolmate.me/cdn-cgi/image/width=672,height=990,quality=85/uploads/October2023/CM006.thumb1.2_74.jpg',_binary '\0'),(12760,504,1,_binary '','https://media3.coolmate.me/cdn-cgi/image/width=672,height=990,quality=85/uploads/November2024/MouseNap_2.1.jpg',_binary '\0'),(12762,470,1,_binary '\0','https://media3.coolmate.me/cdn-cgi/image/width=672,height=990,quality=85/uploads/December2024/2484CW.DT002_-70-_DEN.jpg',_binary '\0'),(12764,416,4,_binary '','https://media3.coolmate.me/cdn-cgi/image/width=672,height=990,quality=85/uploads/December2024/ao-polo-nam-cafe-mau-xam-nhat-1.jpg',_binary '\0'),(12771,466,1,_binary '','https://media3.coolmate.me/cdn-cgi/image/width=672,height=990,quality=85/uploads/November2024/24CMCW.ST002_-_Den_1.jpg',_binary '\0'),(12784,415,4,_binary '\0','https://media3.coolmate.me/cdn-cgi/image/width=672,height=990,quality=85/uploads/October2024/ADT.CP_-__Xam-1testtt_(1)_(1)_(1)_(1).jpg',_binary '\0'),(12786,468,2,_binary '\0','https://media3.coolmate.me/cdn-cgi/image/width=672,height=990,quality=85/uploads/April2024/AT.CP.220.jpg',_binary '\0'),(12787,414,3,_binary '\0','https://media3.coolmate.me/cdn-cgi/image/width=672,height=990,quality=85/uploads/April2024/AT.CP.29.jpg',_binary '\0'),(12789,495,2,_binary '','https://media3.coolmate.me/cdn-cgi/image/width=672,height=990,quality=85/uploads/March2024/stitchbeach2.jpg',_binary '\0'),(12795,17,4,_binary '\0','https://media3.coolmate.me/cdn-cgi/image/width=672,height=990,quality=85/uploads/December2024/ao-polo-nam-the-thao-promax-s1-mau-xam-tarmac_(1).jpg',_binary '\0'),(12808,424,2,_binary '','https://media3.coolmate.me/cdn-cgi/image/width=672,height=990,quality=85/uploads/January2024/AT.220.den6.jpg',_binary '\0'),(12814,491,1,_binary '','https://media3.coolmate.me/cdn-cgi/image/width=672,height=990,quality=85/uploads/December2024/24CMAW.CM001_-_Den_1.jpg',_binary '\0'),(12816,441,2,_binary '\0','https://media3.coolmate.me/cdn-cgi/image/width=672,height=990,quality=85/uploads/December2024/polo-pique-basic-cotton-104-trang_(3).jpg',_binary '\0'),(12824,449,1,_binary '\0','https://media3.coolmate.me/cdn-cgi/image/width=672,height=990,quality=85/uploads/December2024/24CMAW.KM002_-_Den_1.jpg',_binary '\0'),(12829,434,1,_binary '\0','https://media3.coolmate.me/cdn-cgi/image/width=672,height=990,quality=85/uploads/December2024/24CMAW.KM005_-_Den_1.jpg',_binary '\0'),(12835,429,3,_binary '','https://media3.coolmate.me/cdn-cgi/image/width=672,height=990,quality=85/uploads/February2025/ASMC_Somi_Cafe_-_12_XAMN.jpg',_binary '\0'),(12837,473,4,_binary '','https://media3.coolmate.me/cdn-cgi/image/width=672,height=990,quality=85/uploads/February2025/24CMCW.KM001_-_19_XAM1.jpg',_binary '\0'),(12845,415,3,_binary '','https://media3.coolmate.me/cdn-cgi/image/width=672,height=990,quality=85/uploads/February2025/24CMCW.KM002_-_19_XAM1.jpg',_binary '\0'),(12849,430,3,_binary '','https://media3.coolmate.me/cdn-cgi/image/width=672,height=990,quality=85/uploads/December2024/ao-polo-nam-cafe-essentials-thoang-mat-chong-uv-xam-2.jpg',_binary '\0'),(12850,483,3,_binary '','https://media3.coolmate.me/cdn-cgi/image/width=672,height=990,quality=85/uploads/June2024/24CMCW.CN003.6_78.jpg',_binary '\0'),(12854,416,4,_binary '\0','https://media3.coolmate.me/cdn-cgi/image/width=672,height=990,quality=85/uploads/December2024/ao-polo-the-thao-active-premium-thoang-khi-exdry-xam-1.jpg',_binary '\0'),(12856,424,1,_binary '','https://media3.coolmate.me/cdn-cgi/image/width=672,height=990,quality=85/uploads/December2024/24CMCW.SM012---Den-11_99.jpg',_binary '\0'),(12860,449,2,_binary '','https://media3.coolmate.me/cdn-cgi/image/width=672,height=990,quality=85/uploads/April2024/ATT.SN.T.ex2_27.jpg',_binary '\0'),(12862,473,3,_binary '\0','https://media3.coolmate.me/cdn-cgi/image/width=672,height=990,quality=85/uploads/December2024/ao-polo-the-thao-pro-active-1595-thoang-khi-ex-dry-xam-whiecaps_(2).jpg',_binary '\0'),(12874,504,1,_binary '\0','https://media3.coolmate.me/cdn-cgi/image/width=672,height=990,quality=85/uploads/November2023/dt001.gym.5_50.jpg',_binary '\0'),(12875,479,1,_binary '\0','https://media3.coolmate.me/cdn-cgi/image/width=672,height=990,quality=85/uploads/April2022/DSC04765-copy.jpg',_binary '\0'),(12876,456,3,_binary '','https://media3.coolmate.me/cdn-cgi/image/width=672,height=990,quality=85/uploads/July2024/xam1.jpg',_binary '\0'),(12880,478,4,_binary '\0','https://media3.coolmate.me/cdn-cgi/image/width=672,height=990,quality=85/uploads/March2024/24CMAW.SL002.11_60.jpg',_binary '\0'),(12886,449,1,_binary '\0','https://media3.coolmate.me/cdn-cgi/image/width=672,height=990,quality=85/uploads/December2024/ao-dai-tay-the-thao-1699-den_(1).jpg',_binary '\0'),(12893,441,2,_binary '\0','https://media3.coolmate.me/cdn-cgi/image/width=672,height=990,quality=85/uploads/March2024/ATT.PM.LGV2.10.jpg',_binary '\0'),(12894,16,2,_binary '','https://media3.coolmate.me/cdn-cgi/image/width=672,height=990,quality=85/uploads/December2024/ao-polo-nam-the-thao-promax-s1-trang-1.png',_binary '\0'),(12898,495,2,_binary '\0','https://media3.coolmate.me/cdn-cgi/image/width=672,height=990,quality=85/uploads/February2025/ASMC_Somi_Cafe_-_2_TRANG.jpg',_binary '\0'),(12917,439,1,_binary '','https://media3.coolmate.me/cdn-cgi/image/width=672,height=990,quality=85/uploads/December2024/ao-thun-nam-the-thao-phoi-bo-co-den_(1).jpg',_binary '\0'),(12919,439,1,_binary '\0','https://media3.coolmate.me/cdn-cgi/image/width=672,height=990,quality=85/uploads/December2024/ao-khoac-2-lop-casual-den_(3).jpg',_binary '\0'),(12921,18,3,_binary '','https://media3.coolmate.me/cdn-cgi/image/width=672,height=990,quality=85/uploads/October2024/ABL.RN.F.11_62.jpg',_binary '\0'),(12926,503,3,_binary '\0','https://media3.coolmate.me/cdn-cgi/image/width=672,height=990,quality=85/uploads/March2024/24CMAW.AT014.1_86.jpg',_binary '\0'),(12927,450,3,_binary '','https://media3.coolmate.me/cdn-cgi/image/width=672,height=990,quality=85/uploads/December2024/24CMAW.DT003---Xam-1_98.jpg',_binary '\0'),(12928,490,3,_binary '','https://media3.coolmate.me/cdn-cgi/image/width=672,height=990,quality=85/uploads/March2024/24CMAW.TT003.23_84.jpg',_binary '\0'),(12932,444,1,_binary '\0','https://media3.coolmate.me/cdn-cgi/image/width=672,height=990,quality=85/uploads/December2024/ao-hoodie-essential-fleece-den_(1).jpg',_binary '\0'),(12950,466,3,_binary '','https://media3.coolmate.me/cdn-cgi/image/width=672,height=990,quality=85/uploads/December2024/ao-hoodie-essential-fleece-xam-nhat_(6).jpg',_binary '\0'),(12959,490,3,_binary '\0','https://media3.coolmate.me/cdn-cgi/image/width=672,height=990,quality=85/uploads/December2024/ao-phao-nhe-ultrawarm-xam-1.jpg',_binary '\0'),(12966,418,4,_binary '','https://media3.coolmate.me/cdn-cgi/image/width=672,height=990,quality=85/uploads/December2024/ao-phao-nhe-ultrawarm-co-mu-xam-1.jpg',_binary '\0'),(12971,450,3,_binary '\0','https://media3.coolmate.me/cdn-cgi/image/width=672,height=990,quality=85/uploads/December2024/ao-giu-nhiet-ex-warm-lenzing-modal-co-cao-xam-1.jpg',_binary '\0'),(12972,430,3,_binary '\0','https://media3.coolmate.me/cdn-cgi/image/width=672,height=990,quality=85/uploads/December2024/ao-giu-nhiet-essential-brush-poly-co-trung-xam-nhat-1.jpg',_binary '\0'),(12973,490,4,_binary '','https://media3.coolmate.me/cdn-cgi/image/width=672,height=990,quality=85/uploads/December2024/ao-dai-tay-the-thao-essentials-xam-1.jpg',_binary '\0'),(12984,422,2,_binary '','https://media3.coolmate.me/cdn-cgi/image/width=672,height=990,quality=85/uploads/May2024/pack3aobalotrg.jpg',_binary '\0'),(12985,490,4,_binary '\0','https://media3.coolmate.me/cdn-cgi/image/width=672,height=990,quality=85/uploads/November2024/24CMCW.SM007_-_Xam_3.jpg',_binary '\0'),(13001,429,3,_binary '\0','https://media3.coolmate.me/cdn-cgi/image/width=672,height=990,quality=85/uploads/November2024/24CMHU.GN001_-_Xam_1.jpg',_binary '\0'),(13002,18,2,_binary '\0','https://media3.coolmate.me/cdn-cgi/image/width=672,height=990,quality=85/uploads/December2024/ao-polo-the-thao-pro-active-1595-thoang-khi-ex-dry-phoi-mau-trang_(1).jpg',_binary '\0'),(13011,500,4,_binary '\0','https://media3.coolmate.me/cdn-cgi/image/width=672,height=990,quality=85/uploads/February2025/ao-thun-the-thao-jacquard-seamless-xam-1.jpg',_binary '\0'),(13019,461,1,_binary '','https://media3.coolmate.me/cdn-cgi/image/width=672,height=990,quality=85/uploads/December2024/ao-phao-day-ultrawarm-puffer-den_(11).jpg',_binary '\0'),(13024,490,1,_binary '','https://media3.coolmate.me/cdn-cgi/image/width=672,height=990,quality=85/uploads/December2024/ao-phao-nhe-ultrawarm-den-1.jpg',_binary '\0'),(13028,490,4,_binary '\0','https://media3.coolmate.me/cdn-cgi/image/width=672,height=990,quality=85/uploads/August2024/24CMAW.AT030.23.jpg',_binary '\0'),(13029,16,2,_binary '\0','https://media3.coolmate.me/cdn-cgi/image/width=672,height=990,quality=85/uploads/December2024/ao-polo-the-thao-pro-active-1595-thoang-khi-ex-dry-trang_(2).jpg',_binary '\0'),(13040,17,4,_binary '\0','https://media3.coolmate.me/cdn-cgi/image/width=672,height=990,quality=85/uploads/November2024/24CMCW.QD004__Xam_Xanh_1.jpg',_binary '\0'),(13053,443,1,_binary '','https://media3.coolmate.me/cdn-cgi/image/width=672,height=990,quality=85/uploads/December2024/ao-phao-nhe-ultrawarm-co-mu-den-1.jpg',_binary '\0'),(13054,497,2,_binary '\0','https://media3.coolmate.me/cdn-cgi/image/width=672,height=990,quality=85/uploads/February2022/IMG_5991_copy.jpg',_binary '\0'),(13055,484,3,_binary '','https://media3.coolmate.me/cdn-cgi/image/width=672,height=990,quality=85/uploads/November2024/24CMAW.KM010_-_Xam_2.jpg',_binary '\0'),(13059,3,3,_binary '','https://media3.coolmate.me/cdn-cgi/image/width=672,height=990,quality=85/uploads/November2024/24CMCW.ST002_-_Xam_1.jpg',_binary '\0'),(13060,482,1,_binary '','https://media3.coolmate.me/cdn-cgi/image/width=672,height=990,quality=85/uploads/December2024/ao-giu-nhiet-ex-warm-lenzing-modal-co-cao-den-6.jpg',_binary '\0'),(13062,460,2,_binary '','https://media3.coolmate.me/cdn-cgi/image/width=672,height=990,quality=85/uploads/February2025/ao-thun-gym-comfort-oversize-mau-trang_(7).jpg',_binary '\0'),(13065,447,1,_binary '','https://media3.coolmate.me/cdn-cgi/image/width=672,height=990,quality=85/uploads/December2024/ao-giu-nhiet-essential-brush-poly-co-trung-den-1.jpg',_binary '\0'),(13079,488,3,_binary '\0','https://media3.coolmate.me/cdn-cgi/image/width=672,height=990,quality=85/uploads/November2023/dt001.gym.10_83.jpg',_binary '\0'),(13082,441,1,_binary '\0','https://media3.coolmate.me/cdn-cgi/image/width=672,height=990,quality=85/uploads/December2024/ao-dai-tay-the-thao-essentials-den-1.jpg',_binary '\0'),(13086,445,3,_binary '','https://media3.coolmate.me/cdn-cgi/image/width=672,height=990,quality=85/uploads/February2025/ao-thun-the-thao-nam-active-basics-nhanh-kho-ex-dry-xam-dam-1.jpg',_binary '\0'),(13092,502,1,_binary '','https://media3.coolmate.me/cdn-cgi/image/width=672,height=990,quality=85/uploads/November2024/24CMCW.SM007_-_Den_2.jpg',_binary '\0'),(13095,438,1,_binary '','https://media3.coolmate.me/cdn-cgi/image/width=672,height=990,quality=85/uploads/December2024/ao-giu-nhiet-ex-warm-lenzing-modal-co-trung-den-1.jpg',_binary '\0'),(13097,466,1,_binary '\0','https://media3.coolmate.me/cdn-cgi/image/width=672,height=990,quality=85/uploads/November2024/24CMHU.GN001_-_Den_1.jpg',_binary '\0'),(13107,452,1,_binary '','https://media3.coolmate.me/cdn-cgi/image/width=672,height=990,quality=85/uploads/October2024/2484.ULSMV.TSZ707_HEHEHEVENOM_0052_-18_DEN_70.jpg',_binary '\0'),(13119,448,4,_binary '\0','https://media3.coolmate.me/cdn-cgi/image/width=672,height=990,quality=85/uploads/November2023/3dsinglet.1.jpg',_binary '\0'),(13121,416,3,_binary '','https://media3.coolmate.me/cdn-cgi/image/width=672,height=990,quality=85/uploads/November2023/_CMM5391.jpg',_binary '\0'),(13126,448,2,_binary '','https://media3.coolmate.me/cdn-cgi/image/width=672,height=990,quality=85/uploads/October2024/Mockup_Ao_tran_ao_tot_bunggang_copy_(7).jpg',_binary '\0'),(13128,447,1,_binary '\0','https://media3.coolmate.me/cdn-cgi/image/width=672,height=990,quality=85/uploads/February2025/ao-thun-the-thao-jacquard-seamless-den-1_66.jpg',_binary '\0'),(13134,422,1,_binary '','https://media3.coolmate.me/cdn-cgi/image/width=672,height=990,quality=85/uploads/October2024/2484.ULSMV.TSZ705__CLASSICVENOM-27_DEN_89.jpg',_binary '\0'),(13135,416,4,_binary '\0','https://media3.coolmate.me/cdn-cgi/image/width=672,height=990,quality=85/uploads/December2024/23CMCW.ST002.2_Xam-D.jpg',_binary '\0'),(13140,1,4,_binary '\0','https://media3.coolmate.me/cdn-cgi/image/width=672,height=990,quality=85/uploads/April2023/Ao_thun_chay_bo_nam_Advanced_Fast__Free_Run12.jpg',_binary '\0'),(13144,4,1,_binary '\0','https://media3.coolmate.me/cdn-cgi/image/width=672,height=990,quality=85/uploads/July2024/24CMAW.TT011.29_85.jpg',_binary '\0'),(13146,425,2,_binary '\0','https://media3.coolmate.me/cdn-cgi/image/width=672,height=990,quality=85/uploads/June2024/24CMCL.AT009.15_18.jpg',_binary '\0'),(13147,434,1,_binary '\0','https://media3.coolmate.me/cdn-cgi/image/width=672,height=990,quality=85/uploads/October2024/2484.ULSMV.TSZ700_LETHALPROTECTOR1VENOM_0018_-52_DEN_60.jpg',_binary '\0'),(13148,17,2,_binary '','https://media3.coolmate.me/cdn-cgi/image/width=672,height=990,quality=85/uploads/October2024/2_embe_copy_2_(6).jpg',_binary '\0'),(13153,475,4,_binary '\0','https://media3.coolmate.me/cdn-cgi/image/width=672,height=990,quality=85/uploads/December2024/ao-polo-nam-cafe-mau-xam-nhat-1.jpg',_binary '\0'),(13161,496,1,_binary '','https://media3.coolmate.me/cdn-cgi/image/width=672,height=990,quality=85/uploads/October2024/2484.ULSMV.TSZ698_LETSDANCEVENOM_0003_-67_DEN.jpg',_binary '\0'),(13164,450,4,_binary '','https://media3.coolmate.me/cdn-cgi/image/width=672,height=990,quality=85/uploads/October2024/ADT.CP_-__Xam-1testtt_(1)_(1)_(1)_(1).jpg',_binary '\0'),(13166,481,1,_binary '','https://media3.coolmate.me/cdn-cgi/image/width=672,height=990,quality=85/uploads/August2024/Ao_Thun_Nam_The_Thao_Coolmate_Basics_-_Den_6_(3).jpg',_binary '\0'),(13168,490,2,_binary '','https://media3.coolmate.me/cdn-cgi/image/width=672,height=990,quality=85/uploads/September2023/cat_mama-2.jpg',_binary '\0'),(13174,458,2,_binary '\0','https://media3.coolmate.me/cdn-cgi/image/width=672,height=990,quality=85/uploads/October2024/1_Ao_dai_tay_RELAXED_FIT_CARE_SHARE_-_AO_AM_CHO_EM_trang.jpg',_binary '\0'),(13175,482,1,_binary '\0','https://media3.coolmate.me/cdn-cgi/image/width=672,height=990,quality=85/uploads/March2024/DSC04870_copy.jpg',_binary '\0'),(13176,483,3,_binary '\0','https://media3.coolmate.me/cdn-cgi/image/width=672,height=990,quality=85/uploads/April2024/AT.CP.29.jpg',_binary '\0'),(13177,466,1,_binary '\0','https://media3.coolmate.me/cdn-cgi/image/width=672,height=990,quality=85/uploads/October2024/Legend_Club_3.1.jpg',_binary '\0'),(13178,501,4,_binary '','https://media3.coolmate.me/cdn-cgi/image/width=672,height=990,quality=85/uploads/December2024/ao-polo-nam-the-thao-promax-s1-mau-xam-tarmac_(1).jpg',_binary '\0'),(13183,460,2,_binary '\0','https://media3.coolmate.me/cdn-cgi/image/width=672,height=990,quality=85/uploads/October2024/5_Ngoan_(1).jpg',_binary '\0'),(13184,479,3,_binary '','https://media3.coolmate.me/cdn-cgi/image/width=672,height=990,quality=85/uploads/February2025/ASMC_Somi_Cafe_-_12_XAMN.jpg',_binary '\0'),(13186,492,1,_binary '','https://media3.coolmate.me/cdn-cgi/image/width=672,height=990,quality=85/uploads/August2024/24CMAW.AT024.31.jpg',_binary '\0'),(13189,485,2,_binary '','https://media3.coolmate.me/cdn-cgi/image/width=672,height=990,quality=85/uploads/March2024/stitchcaydua21.jpg',_binary '\0'),(13190,491,2,_binary '\0','https://media3.coolmate.me/cdn-cgi/image/width=672,height=990,quality=85/uploads/May2024/watertimi5.jpg',_binary '\0'),(13191,465,3,_binary '','https://media3.coolmate.me/cdn-cgi/image/width=672,height=990,quality=85/uploads/February2025/24CMCW.KM001_-_19_XAM1.jpg',_binary '\0'),(13192,461,2,_binary '','https://media3.coolmate.me/cdn-cgi/image/width=672,height=990,quality=85/uploads/October2024/3_iuembe_2D_2_copy_(4).jpg',_binary '\0'),(13197,473,4,_binary '\0','https://media3.coolmate.me/cdn-cgi/image/width=672,height=990,quality=85/uploads/February2025/24CMCW.KM002_-_19_XAM1.jpg',_binary '\0'),(13198,482,4,_binary '','https://media3.coolmate.me/cdn-cgi/image/width=672,height=990,quality=85/uploads/December2024/ao-polo-nam-cafe-essentials-thoang-mat-chong-uv-xam-2.jpg',_binary '\0'),(13200,417,1,_binary '','https://media3.coolmate.me/cdn-cgi/image/width=672,height=990,quality=85/uploads/May2024/23CMAW.AT003.fixmau13_94.jpg',_binary '\0'),(13201,456,4,_binary '','https://media3.coolmate.me/cdn-cgi/image/width=672,height=990,quality=85/uploads/June2024/24CMCW.CN003.6_78.jpg',_binary '\0'),(13202,463,1,_binary '\0','https://media3.coolmate.me/cdn-cgi/image/width=672,height=990,quality=85/uploads/November2024/24CMCW.QD004__24CMCW.QD004__Den_1.jpg',_binary '\0'),(13209,461,4,_binary '','https://media3.coolmate.me/cdn-cgi/image/width=672,height=990,quality=85/uploads/December2024/ao-polo-the-thao-active-premium-thoang-khi-exdry-xam-1.jpg',_binary '\0'),(13212,451,1,_binary '','https://media3.coolmate.me/cdn-cgi/image/width=672,height=990,quality=85/uploads/December2024/24CMAW.KM007_-_Den_12.jpg',_binary '\0'),(13220,20,2,_binary '','https://media3.coolmate.me/cdn-cgi/image/width=672,height=990,quality=85/uploads/May2024/firesign3_37.jpg',_binary '\0'),(13221,425,2,_binary '\0','https://media3.coolmate.me/cdn-cgi/image/width=672,height=990,quality=85/uploads/October2024/Mockup_Ao_tran_ao_tot_bunggang_copy_(8).jpg',_binary '\0'),(13222,460,3,_binary '','https://media3.coolmate.me/cdn-cgi/image/width=672,height=990,quality=85/uploads/December2024/ao-polo-the-thao-pro-active-1595-thoang-khi-ex-dry-xam-whiecaps_(2).jpg',_binary '\0'),(13224,415,4,_binary '\0','https://media3.coolmate.me/cdn-cgi/image/width=672,height=990,quality=85/uploads/July2024/xam1.jpg',_binary '\0'),(13230,421,4,_binary '','https://media3.coolmate.me/cdn-cgi/image/width=672,height=990,quality=85/uploads/March2024/24CMAW.SL002.11_60.jpg',_binary '\0'),(13232,466,3,_binary '\0','https://media3.coolmate.me/cdn-cgi/image/width=672,height=990,quality=85/uploads/October2024/ABL.RN.F.11_62.jpg',_binary '\0'),(13233,499,3,_binary '','https://media3.coolmate.me/cdn-cgi/image/width=672,height=990,quality=85/uploads/March2024/24CMAW.AT014.1_86.jpg',_binary '\0'),(13235,416,4,_binary '\0','https://media3.coolmate.me/cdn-cgi/image/width=672,height=990,quality=85/uploads/December2024/24CMAW.DT003---Xam-1_98.jpg',_binary '\0'),(13255,429,1,_binary '','https://media3.coolmate.me/cdn-cgi/image/width=672,height=990,quality=85/uploads/November2024/Mickey_Mouse_Club_House_1.1.jpg',_binary '\0'),(13257,474,2,_binary '\0','https://media3.coolmate.me/cdn-cgi/image/width=672,height=990,quality=85/uploads/September2023/chubby_corgi_pappa-2.jpg',_binary '\0'),(13259,486,4,_binary '\0','https://media3.coolmate.me/cdn-cgi/image/width=672,height=990,quality=85/uploads/March2024/24CMAW.TT003.23_84.jpg',_binary '\0'),(13264,449,2,_binary '\0','https://media3.coolmate.me/cdn-cgi/image/width=672,height=990,quality=85/uploads/October2024/5_Ao_dai_tay_RELAXED_FIT_CARE_SHARE_-_AO_AM_CHO_EM_-_NGOAN_XINH_IU.jpg',_binary '\0'),(13265,453,3,_binary '\0','https://media3.coolmate.me/cdn-cgi/image/width=672,height=990,quality=85/uploads/December2024/ao-hoodie-essential-fleece-xam-nhat_(6).jpg',_binary '\0'),(13268,417,1,_binary '\0','https://media3.coolmate.me/cdn-cgi/image/width=672,height=990,quality=85/uploads/November2024/MouseNap_2.1.jpg',_binary '\0'),(13275,445,4,_binary '','https://media3.coolmate.me/cdn-cgi/image/width=672,height=990,quality=85/uploads/December2024/ao-phao-nhe-ultrawarm-xam-1.jpg',_binary '\0'),(13281,497,3,_binary '','https://media3.coolmate.me/cdn-cgi/image/width=672,height=990,quality=85/uploads/December2024/ao-phao-nhe-ultrawarm-co-mu-xam-1.jpg',_binary '\0'),(13283,462,4,_binary '\0','https://media3.coolmate.me/cdn-cgi/image/width=672,height=990,quality=85/uploads/December2024/ao-giu-nhiet-ex-warm-lenzing-modal-co-cao-xam-1.jpg',_binary '\0'),(13285,483,4,_binary '','https://media3.coolmate.me/cdn-cgi/image/width=672,height=990,quality=85/uploads/December2024/ao-giu-nhiet-essential-brush-poly-co-trung-xam-nhat-1.jpg',_binary '\0'),(13286,3,3,_binary '\0','https://media3.coolmate.me/cdn-cgi/image/width=672,height=990,quality=85/uploads/December2024/ao-dai-tay-the-thao-essentials-xam-1.jpg',_binary '\0'),(13295,429,4,_binary '\0','https://media3.coolmate.me/cdn-cgi/image/width=672,height=990,quality=85/uploads/November2024/24CMCW.SM007_-_Xam_3.jpg',_binary '\0'),(13298,449,4,_binary '','https://media3.coolmate.me/cdn-cgi/image/width=672,height=990,quality=85/uploads/November2024/24CMHU.GN001_-_Xam_1.jpg',_binary '\0'),(13299,501,3,_binary '\0','https://media3.coolmate.me/cdn-cgi/image/width=672,height=990,quality=85/uploads/February2025/ao-thun-the-thao-jacquard-seamless-xam-1.jpg',_binary '\0'),(13303,497,1,_binary '','https://media3.coolmate.me/cdn-cgi/image/width=672,height=990,quality=85/uploads/December2024/2484CW.DT002_-70-_DEN.jpg',_binary '\0'),(13305,423,4,_binary '','https://media3.coolmate.me/cdn-cgi/image/width=672,height=990,quality=85/uploads/August2024/24CMAW.AT030.23.jpg',_binary '\0'),(13306,468,3,_binary '','https://media3.coolmate.me/cdn-cgi/image/width=672,height=990,quality=85/uploads/November2024/24CMCW.QD004__Xam_Xanh_1.jpg',_binary '\0'),(13308,1,1,_binary '','https://media3.coolmate.me/cdn-cgi/image/width=672,height=990,quality=85/uploads/November2024/24CMCW.ST002_-_Den_1.jpg',_binary '\0'),(13313,19,1,_binary '','https://media3.coolmate.me/cdn-cgi/image/width=672,height=990,quality=85/uploads/December2024/24CMAW.CM001_-_Den_1.jpg',_binary '\0'),(13315,466,4,_binary '','https://media3.coolmate.me/cdn-cgi/image/width=672,height=990,quality=85/uploads/November2024/24CMAW.KM010_-_Xam_2.jpg',_binary '\0'),(13328,456,4,_binary '\0','https://media3.coolmate.me/cdn-cgi/image/width=672,height=990,quality=85/uploads/November2024/24CMCW.ST002_-_Xam_1.jpg',_binary '\0'),(13331,423,4,_binary '\0','https://media3.coolmate.me/cdn-cgi/image/width=672,height=990,quality=85/uploads/November2023/dt001.gym.10_83.jpg',_binary '\0'),(13336,433,1,_binary '','https://media3.coolmate.me/cdn-cgi/image/width=672,height=990,quality=85/uploads/December2024/24CMAW.KM002_-_Den_1.jpg',_binary '\0'),(13338,480,1,_binary '','https://media3.coolmate.me/cdn-cgi/image/width=672,height=990,quality=85/uploads/December2024/24CMAW.KM005_-_Den_1.jpg',_binary '\0'),(13339,20,4,_binary '','https://media3.coolmate.me/cdn-cgi/image/width=672,height=990,quality=85/uploads/February2025/ao-thun-the-thao-nam-active-basics-nhanh-kho-ex-dry-xam-dam-1.jpg',_binary '\0'),(13341,470,4,_binary '\0','https://media3.coolmate.me/cdn-cgi/image/width=672,height=990,quality=85/uploads/November2023/3dsinglet.1.jpg',_binary '\0'),(13344,494,3,_binary '','https://media3.coolmate.me/cdn-cgi/image/width=672,height=990,quality=85/uploads/November2023/_CMM5391.jpg',_binary '\0'),(13345,433,3,_binary '','https://media3.coolmate.me/cdn-cgi/image/width=672,height=990,quality=85/uploads/December2024/23CMCW.ST002.2_Xam-D.jpg',_binary '\0'),(13350,20,2,_binary '\0','https://media3.coolmate.me/cdn-cgi/image/width=672,height=990,quality=85/uploads/September2023/happy_cat-2.jpg',_binary '\0'),(13351,413,4,_binary '','https://media3.coolmate.me/cdn-cgi/image/width=672,height=990,quality=85/uploads/April2023/Ao_thun_chay_bo_nam_Advanced_Fast__Free_Run12.jpg',_binary '\0'),(13353,468,1,_binary '','https://media3.coolmate.me/cdn-cgi/image/width=672,height=990,quality=85/uploads/December2024/24CMCW.SM012---Den-11_99.jpg',_binary '\0'),(13354,19,2,_binary '','https://media3.coolmate.me/cdn-cgi/image/width=672,height=990,quality=85/uploads/October2024/1_AACE_copy_(2).jpg',_binary '\0'),(13355,451,1,_binary '\0','https://media3.coolmate.me/cdn-cgi/image/width=672,height=990,quality=85/uploads/November2023/dt001.gym.5_50.jpg',_binary '\0'),(13360,448,2,_binary '\0','https://media3.coolmate.me/cdn-cgi/image/width=672,height=990,quality=85/uploads/February2025/ao-thun-care-share-mau-trang_(1).jpg',_binary '\0'),(13362,425,4,_binary '','https://media3.coolmate.me/cdn-cgi/image/width=672,height=990,quality=85/uploads/December2024/ao-polo-nam-cafe-mau-xam-nhat-1.jpg',_binary '\0'),(13364,445,3,_binary '\0','https://media3.coolmate.me/cdn-cgi/image/width=672,height=990,quality=85/uploads/October2024/ADT.CP_-__Xam-1testtt_(1)_(1)_(1)_(1).jpg',_binary '\0'),(13367,17,2,_binary '\0','https://media3.coolmate.me/cdn-cgi/image/width=672,height=990,quality=85/uploads/June2024/24CMAW.AT017.1_65.jpg',_binary '\0'),(13369,421,4,_binary '\0','https://media3.coolmate.me/cdn-cgi/image/width=672,height=990,quality=85/uploads/April2024/AT.CP.29.jpg',_binary '\0'),(13370,416,3,_binary '\0','https://media3.coolmate.me/cdn-cgi/image/width=672,height=990,quality=85/uploads/December2024/ao-polo-nam-the-thao-promax-s1-mau-xam-tarmac_(1).jpg',_binary '\0'),(13371,490,2,_binary '\0','https://media3.coolmate.me/cdn-cgi/image/width=672,height=990,quality=85/uploads/September2023/chubby_corgi--2.jpg',_binary '\0'),(13372,468,4,_binary '','https://media3.coolmate.me/cdn-cgi/image/width=672,height=990,quality=85/uploads/February2025/ASMC_Somi_Cafe_-_12_XAMN.jpg',_binary '\0'),(13373,434,3,_binary '','https://media3.coolmate.me/cdn-cgi/image/width=672,height=990,quality=85/uploads/February2025/24CMCW.KM001_-_19_XAM1.jpg',_binary '\0'),(13377,413,2,_binary '','https://media3.coolmate.me/cdn-cgi/image/width=672,height=990,quality=85/uploads/January2024/conheo2.jpg',_binary '\0'),(13384,489,2,_binary '','https://media3.coolmate.me/cdn-cgi/image/width=672,height=990,quality=85/uploads/January2024/concho1.jpg',_binary '\0'),(13386,3,3,_binary '\0','https://media3.coolmate.me/cdn-cgi/image/width=672,height=990,quality=85/uploads/February2025/24CMCW.KM002_-_19_XAM1.jpg',_binary '\0'),(13392,486,4,_binary '\0','https://media3.coolmate.me/cdn-cgi/image/width=672,height=990,quality=85/uploads/December2024/ao-polo-nam-cafe-essentials-thoang-mat-chong-uv-xam-2.jpg',_binary '\0'),(13395,422,2,_binary '\0','https://media3.coolmate.me/cdn-cgi/image/width=672,height=990,quality=85/uploads/May2024/earthsing6_92.jpg',_binary '\0'),(13397,473,1,_binary '\0','https://media3.coolmate.me/cdn-cgi/image/width=672,height=990,quality=85/uploads/April2022/DSC04765-copy.jpg',_binary '\0'),(13400,478,1,_binary '','https://media3.coolmate.me/cdn-cgi/image/width=672,height=990,quality=85/uploads/December2024/ao-dai-tay-the-thao-1699-den_(1).jpg',_binary '\0'),(13401,494,1,_binary '','https://media3.coolmate.me/cdn-cgi/image/width=672,height=990,quality=85/uploads/December2024/ao-thun-nam-the-thao-phoi-bo-co-den_(1).jpg',_binary '\0'),(13405,499,4,_binary '','https://media3.coolmate.me/cdn-cgi/image/width=672,height=990,quality=85/uploads/June2024/24CMCW.CN003.6_78.jpg',_binary '\0'),(13407,500,3,_binary '\0','https://media3.coolmate.me/cdn-cgi/image/width=672,height=990,quality=85/uploads/December2024/ao-polo-the-thao-active-premium-thoang-khi-exdry-xam-1.jpg',_binary '\0'),(13408,483,4,_binary '\0','https://media3.coolmate.me/cdn-cgi/image/width=672,height=990,quality=85/uploads/December2024/ao-polo-the-thao-pro-active-1595-thoang-khi-ex-dry-xam-whiecaps_(2).jpg',_binary '\0'),(13409,505,1,_binary '','https://media3.coolmate.me/cdn-cgi/image/width=672,height=990,quality=85/uploads/December2024/ao-khoac-2-lop-casual-den_(3).jpg',_binary '\0'),(13410,470,3,_binary '','https://media3.coolmate.me/cdn-cgi/image/width=672,height=990,quality=85/uploads/July2024/xam1.jpg',_binary '\0'),(13417,419,2,_binary '','https://media3.coolmate.me/cdn-cgi/image/width=672,height=990,quality=85/uploads/January2024/consuu.3_27.jpg',_binary '\0'),(13420,492,1,_binary '\0','https://media3.coolmate.me/cdn-cgi/image/width=672,height=990,quality=85/uploads/December2024/ao-hoodie-essential-fleece-den_(1).jpg',_binary '\0'),(13423,432,4,_binary '','https://media3.coolmate.me/cdn-cgi/image/width=672,height=990,quality=85/uploads/March2024/24CMAW.SL002.11_60.jpg',_binary '\0'),(13424,421,2,_binary '','https://media3.coolmate.me/cdn-cgi/image/width=672,height=990,quality=85/uploads/January2024/conmeo2.jpg',_binary '\0'),(13429,494,2,_binary '','https://media3.coolmate.me/cdn-cgi/image/width=672,height=990,quality=85/uploads/January2024/conho1.jpg',_binary '\0'),(13430,496,2,_binary '','https://media3.coolmate.me/cdn-cgi/image/width=672,height=990,quality=85/uploads/February2023/2a0C_S_T-SHIRT_VALENTINE-03.jpg',_binary '\0'),(13431,503,3,_binary '\0','https://media3.coolmate.me/cdn-cgi/image/width=672,height=990,quality=85/uploads/October2024/ABL.RN.F.11_62.jpg',_binary '\0'),(13440,413,4,_binary '\0','https://media3.coolmate.me/cdn-cgi/image/width=672,height=990,quality=85/uploads/March2024/24CMAW.AT014.1_86.jpg',_binary '\0'),(13443,431,2,_binary '\0','https://media3.coolmate.me/cdn-cgi/image/width=672,height=990,quality=85/uploads/October2024/7_IMG_5162_(1).jpg',_binary '\0'),(13446,411,1,_binary '\0','https://media3.coolmate.me/cdn-cgi/image/width=672,height=990,quality=85/uploads/December2024/ao-phao-day-ultrawarm-puffer-den_(11).jpg',_binary '\0'),(13449,423,2,_binary '','https://media3.coolmate.me/cdn-cgi/image/width=672,height=990,quality=85/uploads/January2024/24CSCS.AT0011_95.jpg',_binary '\0'),(13450,429,1,_binary '\0','https://media3.coolmate.me/cdn-cgi/image/width=672,height=990,quality=85/uploads/December2024/ao-phao-nhe-ultrawarm-den-1.jpg',_binary '\0'),(13461,468,3,_binary '\0','https://media3.coolmate.me/cdn-cgi/image/width=672,height=990,quality=85/uploads/December2024/24CMAW.DT003---Xam-1_98.jpg',_binary '\0'),(13463,449,1,_binary '\0','https://media3.coolmate.me/cdn-cgi/image/width=672,height=990,quality=85/uploads/December2024/ao-phao-nhe-ultrawarm-co-mu-den-1.jpg',_binary '\0'),(13465,427,2,_binary '\0','https://media3.coolmate.me/cdn-cgi/image/width=672,height=990,quality=85/uploads/September2023/trung_thu-2.jpg',_binary '\0'),(13469,16,3,_binary '','https://media3.coolmate.me/cdn-cgi/image/width=672,height=990,quality=85/uploads/March2024/24CMAW.TT003.23_84.jpg',_binary '\0'),(13473,426,2,_binary '','https://media3.coolmate.me/cdn-cgi/image/width=672,height=990,quality=85/uploads/January2024/conngua2.jpg',_binary '\0'),(13475,4,3,_binary '','https://media3.coolmate.me/cdn-cgi/image/width=672,height=990,quality=85/uploads/December2024/ao-hoodie-essential-fleece-xam-nhat_(6).jpg',_binary '\0'),(13476,502,2,_binary '\0','https://media3.coolmate.me/cdn-cgi/image/width=672,height=990,quality=85/uploads/January2024/conga3_93.jpg',_binary '\0'),(13477,494,3,_binary '\0','https://media3.coolmate.me/cdn-cgi/image/width=672,height=990,quality=85/uploads/December2024/ao-phao-nhe-ultrawarm-xam-1.jpg',_binary '\0'),(13480,500,1,_binary '','https://media3.coolmate.me/cdn-cgi/image/width=672,height=990,quality=85/uploads/December2024/ao-giu-nhiet-ex-warm-lenzing-modal-co-cao-den-6.jpg',_binary '\0'),(13483,433,3,_binary '\0','https://media3.coolmate.me/cdn-cgi/image/width=672,height=990,quality=85/uploads/December2024/ao-phao-nhe-ultrawarm-co-mu-xam-1.jpg',_binary '\0'),(13488,458,3,_binary '','https://media3.coolmate.me/cdn-cgi/image/width=672,height=990,quality=85/uploads/December2024/ao-giu-nhiet-ex-warm-lenzing-modal-co-cao-xam-1.jpg',_binary '\0'),(13489,417,4,_binary '','https://media3.coolmate.me/cdn-cgi/image/width=672,height=990,quality=85/uploads/December2024/ao-giu-nhiet-essential-brush-poly-co-trung-xam-nhat-1.jpg',_binary '\0'),(13497,438,2,_binary '','https://media3.coolmate.me/cdn-cgi/image/width=672,height=990,quality=85/uploads/January2024/conti.2.jpg',_binary '\0'),(13498,497,3,_binary '\0','https://media3.coolmate.me/cdn-cgi/image/width=672,height=990,quality=85/uploads/December2024/ao-dai-tay-the-thao-essentials-xam-1.jpg',_binary '\0'),(13502,482,4,_binary '\0','https://media3.coolmate.me/cdn-cgi/image/width=672,height=990,quality=85/uploads/November2024/24CMCW.SM007_-_Xam_3.jpg',_binary '\0'),(13503,450,2,_binary '\0','https://media3.coolmate.me/cdn-cgi/image/width=672,height=990,quality=85/uploads/January2024/conkhi2_71.jpg',_binary '\0'),(13504,460,3,_binary '\0','https://media3.coolmate.me/cdn-cgi/image/width=672,height=990,quality=85/uploads/November2024/24CMHU.GN001_-_Xam_1.jpg',_binary '\0'),(13505,463,3,_binary '','https://media3.coolmate.me/cdn-cgi/image/width=672,height=990,quality=85/uploads/February2025/ao-thun-the-thao-jacquard-seamless-xam-1.jpg',_binary '\0'),(13506,489,2,_binary '\0','https://media3.coolmate.me/cdn-cgi/image/width=672,height=990,quality=85/uploads/December2024/ao-dai-tay-the-thao-1699-trang_(3).jpg',_binary '\0'),(13512,473,2,_binary '','https://media3.coolmate.me/cdn-cgi/image/width=672,height=990,quality=85/uploads/December2024/ao-giu-nhiet-ex-warm-lenzing-modal-co-cao-trang-1.jpg',_binary '\0'),(13515,454,2,_binary '','https://media3.coolmate.me/cdn-cgi/image/width=672,height=990,quality=85/uploads/December2024/ao-dai-tay-the-thao-essentials-trang-1.jpg',_binary '\0'),(13516,471,3,_binary '','https://media3.coolmate.me/cdn-cgi/image/width=672,height=990,quality=85/uploads/August2024/24CMAW.AT030.23.jpg',_binary '\0'),(13517,412,2,_binary '','https://media3.coolmate.me/cdn-cgi/image/width=672,height=990,quality=85/uploads/November2024/24CMCW.SM007_-_Trang_1.jpg',_binary '\0'),(13518,492,1,_binary '\0','https://media3.coolmate.me/cdn-cgi/image/width=672,height=990,quality=85/uploads/December2024/ao-giu-nhiet-essential-brush-poly-co-trung-den-1.jpg',_binary '\0'),(13519,460,2,_binary '\0','https://media3.coolmate.me/cdn-cgi/image/width=672,height=990,quality=85/uploads/December2024/ao-giu-nhiet-ex-warm-lenzing-modal-co-trung-trang-1.jpg',_binary '\0'),(13521,452,1,_binary '\0','https://media3.coolmate.me/cdn-cgi/image/width=672,height=990,quality=85/uploads/December2024/ao-dai-tay-the-thao-essentials-den-1.jpg',_binary '\0'),(13523,465,1,_binary '','https://media3.coolmate.me/cdn-cgi/image/width=672,height=990,quality=85/uploads/November2024/24CMCW.SM007_-_Den_2.jpg',_binary '\0'),(13525,442,1,_binary '\0','https://media3.coolmate.me/cdn-cgi/image/width=672,height=990,quality=85/uploads/December2024/ao-giu-nhiet-ex-warm-lenzing-modal-co-trung-den-1.jpg',_binary '\0'),(13526,476,4,_binary '','https://media3.coolmate.me/cdn-cgi/image/width=672,height=990,quality=85/uploads/November2024/24CMCW.QD004__Xam_Xanh_1.jpg',_binary '\0'),(13531,478,1,_binary '\0','https://media3.coolmate.me/cdn-cgi/image/width=672,height=990,quality=85/uploads/November2024/24CMHU.GN001_-_Den_1.jpg',_binary '\0'),(13532,16,4,_binary '','https://media3.coolmate.me/cdn-cgi/image/width=672,height=990,quality=85/uploads/November2024/24CMAW.KM010_-_Xam_2.jpg',_binary '\0'),(13536,482,4,_binary '\0','https://media3.coolmate.me/cdn-cgi/image/width=672,height=990,quality=85/uploads/November2024/24CMCW.ST002_-_Xam_1.jpg',_binary '\0'),(13537,468,4,_binary '\0','https://media3.coolmate.me/cdn-cgi/image/width=672,height=990,quality=85/uploads/November2023/dt001.gym.10_83.jpg',_binary '\0'),(13538,471,3,_binary '\0','https://media3.coolmate.me/cdn-cgi/image/width=672,height=990,quality=85/uploads/February2025/ao-thun-the-thao-nam-active-basics-nhanh-kho-ex-dry-xam-dam-1.jpg',_binary '\0'),(13539,467,4,_binary '\0','https://media3.coolmate.me/cdn-cgi/image/width=672,height=990,quality=85/uploads/November2023/3dsinglet.1.jpg',_binary '\0'),(13541,450,4,_binary '\0','https://media3.coolmate.me/cdn-cgi/image/width=672,height=990,quality=85/uploads/November2023/_CMM5391.jpg',_binary '\0'),(13542,489,3,_binary '','https://media3.coolmate.me/cdn-cgi/image/width=672,height=990,quality=85/uploads/December2024/23CMCW.ST002.2_Xam-D.jpg',_binary '\0'),(13543,462,3,_binary '','https://media3.coolmate.me/cdn-cgi/image/width=672,height=990,quality=85/uploads/April2023/Ao_thun_chay_bo_nam_Advanced_Fast__Free_Run12.jpg',_binary '\0'),(13549,418,3,_binary '\0','https://media3.coolmate.me/cdn-cgi/image/width=672,height=990,quality=85/uploads/December2024/ao-polo-nam-cafe-mau-xam-nhat-1.jpg',_binary '\0'),(13553,448,3,_binary '','https://media3.coolmate.me/cdn-cgi/image/width=672,height=990,quality=85/uploads/October2024/ADT.CP_-__Xam-1testtt_(1)_(1)_(1)_(1).jpg',_binary '\0'),(13558,455,1,_binary '','https://media3.coolmate.me/cdn-cgi/image/width=672,height=990,quality=85/uploads/October2024/2484.ULSMV.TSZ707_HEHEHEVENOM_0052_-18_DEN_70.jpg',_binary '\0'),(13561,449,2,_binary '\0','https://media3.coolmate.me/cdn-cgi/image/width=672,height=990,quality=85/uploads/October2024/2484.ULSMV.TSZ707_HEHEHEVENOM_0058_-12_TRANG_57.jpg',_binary '\0'),(13562,493,1,_binary '','https://media3.coolmate.me/cdn-cgi/image/width=672,height=990,quality=85/uploads/February2025/ao-thun-the-thao-jacquard-seamless-den-1_66.jpg',_binary '\0'),(13563,470,1,_binary '\0','https://media3.coolmate.me/cdn-cgi/image/width=672,height=990,quality=85/uploads/October2024/2484.ULSMV.TSZ705__CLASSICVENOM-27_DEN_89.jpg',_binary '\0'),(13564,478,2,_binary '','https://media3.coolmate.me/cdn-cgi/image/width=672,height=990,quality=85/uploads/October2024/2484.ULSMV.TSZ702_VENOM_0028_-42_TRANG_57.jpg',_binary '\0'),(13569,453,1,_binary '','https://media3.coolmate.me/cdn-cgi/image/width=672,height=990,quality=85/uploads/July2024/24CMAW.TT011.29_85.jpg',_binary '\0'),(13571,418,1,_binary '','https://media3.coolmate.me/cdn-cgi/image/width=672,height=990,quality=85/uploads/October2024/2484.ULSMV.TSZ700_LETHALPROTECTOR1VENOM_0018_-52_DEN_60.jpg',_binary '\0'),(13572,447,2,_binary '','https://media3.coolmate.me/cdn-cgi/image/width=672,height=990,quality=85/uploads/October2024/2484.ULSMV.TSZ702_VENOM_0028_-42_TRANG_71.jpg',_binary '\0'),(13573,483,1,_binary '','https://media3.coolmate.me/cdn-cgi/image/width=672,height=990,quality=85/uploads/October2024/2484.ULSMV.TSZ698_LETSDANCEVENOM_0003_-67_DEN.jpg',_binary '\0'),(13577,497,4,_binary '','https://media3.coolmate.me/cdn-cgi/image/width=672,height=990,quality=85/uploads/April2024/AT.CP.29.jpg',_binary '\0'),(13579,427,1,_binary '\0','https://media3.coolmate.me/cdn-cgi/image/width=672,height=990,quality=85/uploads/August2024/Ao_Thun_Nam_The_Thao_Coolmate_Basics_-_Den_6_(3).jpg',_binary '\0'),(13583,18,3,_binary '\0','https://media3.coolmate.me/cdn-cgi/image/width=672,height=990,quality=85/uploads/December2024/ao-polo-nam-the-thao-promax-s1-mau-xam-tarmac_(1).jpg',_binary '\0'),(13586,19,3,_binary '','https://media3.coolmate.me/cdn-cgi/image/width=672,height=990,quality=85/uploads/February2025/ASMC_Somi_Cafe_-_12_XAMN.jpg',_binary '\0'),(13588,463,4,_binary '','https://media3.coolmate.me/cdn-cgi/image/width=672,height=990,quality=85/uploads/February2025/24CMCW.KM001_-_19_XAM1.jpg',_binary '\0'),(13592,504,1,_binary '\0','https://media3.coolmate.me/cdn-cgi/image/width=672,height=990,quality=85/uploads/March2024/DSC04870_copy.jpg',_binary '\0'),(13593,417,4,_binary '\0','https://media3.coolmate.me/cdn-cgi/image/width=672,height=990,quality=85/uploads/February2025/24CMCW.KM002_-_19_XAM1.jpg',_binary '\0'),(13594,417,2,_binary '','https://media3.coolmate.me/cdn-cgi/image/width=672,height=990,quality=85/uploads/October2024/2484.ULSMV.TSZ701_WEAREVENOM_0023_-47_TRANG_25.jpg',_binary '\0'),(13597,480,4,_binary '\0','https://media3.coolmate.me/cdn-cgi/image/width=672,height=990,quality=85/uploads/December2024/ao-polo-nam-cafe-essentials-thoang-mat-chong-uv-xam-2.jpg',_binary '\0'),(13598,441,3,_binary '','https://media3.coolmate.me/cdn-cgi/image/width=672,height=990,quality=85/uploads/June2024/24CMCW.CN003.6_78.jpg',_binary '\0'),(13599,434,2,_binary '\0','https://media3.coolmate.me/cdn-cgi/image/width=672,height=990,quality=85/uploads/October2024/2484.ULSMV.TSZ698_LETSDANCEVENOM_0008_-62_TRANG.jpg',_binary '\0'),(13601,439,1,_binary '\0','https://media3.coolmate.me/cdn-cgi/image/width=672,height=990,quality=85/uploads/October2024/Legend_Club_3.1.jpg',_binary '\0'),(13605,424,4,_binary '','https://media3.coolmate.me/cdn-cgi/image/width=672,height=990,quality=85/uploads/December2024/ao-polo-the-thao-active-premium-thoang-khi-exdry-xam-1.jpg',_binary '\0'),(13607,470,3,_binary '\0','https://media3.coolmate.me/cdn-cgi/image/width=672,height=990,quality=85/uploads/December2024/ao-polo-the-thao-pro-active-1595-thoang-khi-ex-dry-xam-whiecaps_(2).jpg',_binary '\0'),(13611,413,4,_binary '\0','https://media3.coolmate.me/cdn-cgi/image/width=672,height=990,quality=85/uploads/July2024/xam1.jpg',_binary '\0'),(13613,461,2,_binary '\0','https://media3.coolmate.me/cdn-cgi/image/width=672,height=990,quality=85/uploads/July2024/Dobby_7.jpg',_binary '\0'),(13616,416,1,_binary '','https://media3.coolmate.me/cdn-cgi/image/width=672,height=990,quality=85/uploads/August2024/24CMAW.AT024.31.jpg',_binary '\0'),(13617,480,3,_binary '\0','https://media3.coolmate.me/cdn-cgi/image/width=672,height=990,quality=85/uploads/March2024/24CMAW.SL002.11_60.jpg',_binary '\0'),(13620,503,2,_binary '','https://media3.coolmate.me/cdn-cgi/image/width=672,height=990,quality=85/uploads/November2024/24CMCW.QD004__Trang_6.jpg',_binary '\0'),(13622,480,1,_binary '\0','https://media3.coolmate.me/cdn-cgi/image/width=672,height=990,quality=85/uploads/May2024/23CMAW.AT003.fixmau13_94.jpg',_binary '\0'),(13623,503,1,_binary '','https://media3.coolmate.me/cdn-cgi/image/width=672,height=990,quality=85/uploads/November2024/24CMCW.QD004__24CMCW.QD004__Den_1.jpg',_binary '\0'),(13624,482,3,_binary '','https://media3.coolmate.me/cdn-cgi/image/width=672,height=990,quality=85/uploads/October2024/ABL.RN.F.11_62.jpg',_binary '\0'),(13626,474,1,_binary '','https://media3.coolmate.me/cdn-cgi/image/width=672,height=990,quality=85/uploads/December2024/24CMAW.KM007_-_Den_12.jpg',_binary '\0'),(13629,456,4,_binary '\0','https://media3.coolmate.me/cdn-cgi/image/width=672,height=990,quality=85/uploads/March2024/24CMAW.AT014.1_86.jpg',_binary '\0'),(13630,490,3,_binary '\0','https://media3.coolmate.me/cdn-cgi/image/width=672,height=990,quality=85/uploads/December2024/24CMAW.DT003---Xam-1_98.jpg',_binary '\0'),(13632,424,1,_binary '\0','https://media3.coolmate.me/cdn-cgi/image/width=672,height=990,quality=85/uploads/November2024/Mickey_Mouse_Club_House_1.1.jpg',_binary '\0'),(13638,481,1,_binary '\0','https://media3.coolmate.me/cdn-cgi/image/width=672,height=990,quality=85/uploads/November2024/MouseNap_2.1.jpg',_binary '\0'),(13641,16,1,_binary '','https://media3.coolmate.me/cdn-cgi/image/width=672,height=990,quality=85/uploads/December2024/2484CW.DT002_-70-_DEN.jpg',_binary '\0'),(13644,454,4,_binary '','https://media3.coolmate.me/cdn-cgi/image/width=672,height=990,quality=85/uploads/March2024/24CMAW.TT003.23_84.jpg',_binary '\0'),(13653,438,4,_binary '','https://media3.coolmate.me/cdn-cgi/image/width=672,height=990,quality=85/uploads/December2024/ao-hoodie-essential-fleece-xam-nhat_(6).jpg',_binary '\0'),(13654,16,3,_binary '\0','https://media3.coolmate.me/cdn-cgi/image/width=672,height=990,quality=85/uploads/December2024/ao-phao-nhe-ultrawarm-xam-1.jpg',_binary '\0'),(13655,411,3,_binary '','https://media3.coolmate.me/cdn-cgi/image/width=672,height=990,quality=85/uploads/December2024/ao-phao-nhe-ultrawarm-co-mu-xam-1.jpg',_binary '\0'),(13656,482,3,_binary '\0','https://media3.coolmate.me/cdn-cgi/image/width=672,height=990,quality=85/uploads/December2024/ao-giu-nhiet-ex-warm-lenzing-modal-co-cao-xam-1.jpg',_binary '\0'),(13658,418,4,_binary '\0','https://media3.coolmate.me/cdn-cgi/image/width=672,height=990,quality=85/uploads/December2024/ao-giu-nhiet-essential-brush-poly-co-trung-xam-nhat-1.jpg',_binary '\0'),(13659,460,3,_binary '\0','https://media3.coolmate.me/cdn-cgi/image/width=672,height=990,quality=85/uploads/December2024/ao-dai-tay-the-thao-essentials-xam-1.jpg',_binary '\0'),(13660,434,1,_binary '\0','https://media3.coolmate.me/cdn-cgi/image/width=672,height=990,quality=85/uploads/November2024/24CMCW.ST002_-_Den_1.jpg',_binary '\0'),(13662,483,3,_binary '\0','https://media3.coolmate.me/cdn-cgi/image/width=672,height=990,quality=85/uploads/November2024/24CMCW.SM007_-_Xam_3.jpg',_binary '\0'),(13666,456,1,_binary '','https://media3.coolmate.me/cdn-cgi/image/width=672,height=990,quality=85/uploads/December2024/24CMAW.CM001_-_Den_1.jpg',_binary '\0'),(13668,493,4,_binary '','https://media3.coolmate.me/cdn-cgi/image/width=672,height=990,quality=85/uploads/November2024/24CMHU.GN001_-_Xam_1.jpg',_binary '\0'),(13671,449,2,_binary '\0','https://media3.coolmate.me/cdn-cgi/image/width=672,height=990,quality=85/uploads/November2024/Mickey_Mouse_Club_House_2.1.jpg',_binary '\0'),(13672,423,2,_binary '\0','https://media3.coolmate.me/cdn-cgi/image/width=672,height=990,quality=85/uploads/November2024/MouseNap_1.1.jpg',_binary '\0'),(13676,503,2,_binary '\0','https://media3.coolmate.me/cdn-cgi/image/width=672,height=990,quality=85/uploads/December2024/2484CW.DT002_-6564_-_TRANG.jpg',_binary '\0'),(13677,430,3,_binary '\0','https://media3.coolmate.me/cdn-cgi/image/width=672,height=990,quality=85/uploads/February2025/ao-thun-the-thao-jacquard-seamless-xam-1.jpg',_binary '\0'),(13681,18,2,_binary '\0','https://media3.coolmate.me/cdn-cgi/image/width=672,height=990,quality=85/uploads/October2023/84rs.rep.2_32.jpg',_binary '\0'),(13683,443,3,_binary '','https://media3.coolmate.me/cdn-cgi/image/width=672,height=990,quality=85/uploads/August2024/24CMAW.AT030.23.jpg',_binary '\0'),(13688,453,4,_binary '','https://media3.coolmate.me/cdn-cgi/image/width=672,height=990,quality=85/uploads/November2024/24CMCW.QD004__Xam_Xanh_1.jpg',_binary '\0'),(13689,4,4,_binary '','https://media3.coolmate.me/cdn-cgi/image/width=672,height=990,quality=85/uploads/November2024/24CMAW.KM010_-_Xam_2.jpg',_binary '\0'),(13690,438,2,_binary '\0','https://media3.coolmate.me/cdn-cgi/image/width=672,height=990,quality=85/uploads/October2023/sao_giu_nhiet_trang_6.jpg',_binary '\0'),(13692,495,3,_binary '','https://media3.coolmate.me/cdn-cgi/image/width=672,height=990,quality=85/uploads/November2024/24CMCW.ST002_-_Xam_1.jpg',_binary '\0'),(13698,455,1,_binary '\0','https://media3.coolmate.me/cdn-cgi/image/width=672,height=990,quality=85/uploads/December2024/24CMAW.KM002_-_Den_1.jpg',_binary '\0'),(13700,483,1,_binary '\0','https://media3.coolmate.me/cdn-cgi/image/width=672,height=990,quality=85/uploads/December2024/24CMAW.KM005_-_Den_1.jpg',_binary '\0'),(13701,421,2,_binary '\0','https://media3.coolmate.me/cdn-cgi/image/width=672,height=990,quality=85/uploads/February2025/coolmate-x-copper-denim-ao-thun-phoi-jean-trang-1.jpg',_binary '\0'),(13704,413,2,_binary '\0','https://media3.coolmate.me/cdn-cgi/image/width=672,height=990,quality=85/uploads/October2024/_ADT.CP_-__Trang2.jpg',_binary '\0'),(13705,430,1,_binary '\0','https://media3.coolmate.me/cdn-cgi/image/width=672,height=990,quality=85/uploads/December2024/24CMCW.SM012---Den-11_99.jpg',_binary '\0'),(13706,483,2,_binary '','https://media3.coolmate.me/cdn-cgi/image/width=672,height=990,quality=85/uploads/April2024/APL.EC.T.2_18.jpg',_binary '\0'),(13707,18,3,_binary '\0','https://media3.coolmate.me/cdn-cgi/image/width=672,height=990,quality=85/uploads/November2023/dt001.gym.10_83.jpg',_binary '\0'),(13709,494,2,_binary '\0','https://media3.coolmate.me/cdn-cgi/image/width=672,height=990,quality=85/uploads/June2024/2484SW.AT011.13.jpg',_binary '\0'),(13711,505,1,_binary '\0','https://media3.coolmate.me/cdn-cgi/image/width=672,height=990,quality=85/uploads/November2023/dt001.gym.5_50.jpg',_binary '\0'),(13712,470,2,_binary '','https://media3.coolmate.me/cdn-cgi/image/width=672,height=990,quality=85/uploads/June2024/2484SW.AT010.7.jpg',_binary '\0'),(13715,433,3,_binary '\0','https://media3.coolmate.me/cdn-cgi/image/width=672,height=990,quality=85/uploads/February2025/ao-thun-the-thao-nam-active-basics-nhanh-kho-ex-dry-xam-dam-1.jpg',_binary '\0'),(13716,502,1,_binary '\0','https://media3.coolmate.me/cdn-cgi/image/width=672,height=990,quality=85/uploads/April2022/DSC04765-copy.jpg',_binary '\0'),(13719,416,2,_binary '','https://media3.coolmate.me/cdn-cgi/image/width=672,height=990,quality=85/uploads/May2022/Cafe_trang_1.jpg',_binary '\0'),(13722,450,3,_binary '\0','https://media3.coolmate.me/cdn-cgi/image/width=672,height=990,quality=85/uploads/November2023/3dsinglet.1.jpg',_binary '\0'),(13723,412,2,_binary '\0','https://media3.coolmate.me/cdn-cgi/image/width=672,height=990,quality=85/uploads/October2024/2484.ULSMV.TSZ706_EVERYDAYVENOM_0046__24_TRANG.jpg',_binary '\0'),(13727,444,4,_binary '','https://media3.coolmate.me/cdn-cgi/image/width=672,height=990,quality=85/uploads/November2023/_CMM5391.jpg',_binary '\0'),(13729,470,3,_binary '\0','https://media3.coolmate.me/cdn-cgi/image/width=672,height=990,quality=85/uploads/December2024/23CMCW.ST002.2_Xam-D.jpg',_binary '\0'),(13731,485,1,_binary '','https://media3.coolmate.me/cdn-cgi/image/width=672,height=990,quality=85/uploads/December2024/ao-dai-tay-the-thao-1699-den_(1).jpg',_binary '\0'),(13734,463,4,_binary '\0','https://media3.coolmate.me/cdn-cgi/image/width=672,height=990,quality=85/uploads/April2023/Ao_thun_chay_bo_nam_Advanced_Fast__Free_Run12.jpg',_binary '\0'),(13735,424,4,_binary '\0','https://media3.coolmate.me/cdn-cgi/image/width=672,height=990,quality=85/uploads/December2024/ao-polo-nam-cafe-mau-xam-nhat-1.jpg',_binary '\0'),(13736,2,1,_binary '','https://media3.coolmate.me/cdn-cgi/image/width=672,height=990,quality=85/uploads/December2024/ao-thun-nam-the-thao-phoi-bo-co-den_(1).jpg',_binary '\0'),(13741,494,1,_binary '\0','https://media3.coolmate.me/cdn-cgi/image/width=672,height=990,quality=85/uploads/December2024/ao-khoac-2-lop-casual-den_(3).jpg',_binary '\0'),(13742,472,1,_binary '\0','https://media3.coolmate.me/cdn-cgi/image/width=672,height=990,quality=85/uploads/December2024/ao-hoodie-essential-fleece-den_(1).jpg',_binary '\0'),(13743,426,2,_binary '\0','https://media3.coolmate.me/cdn-cgi/image/width=672,height=990,quality=85/uploads/October2024/Starring_Mickey_Mouse_1.1.jpg',_binary '\0'),(13745,417,2,_binary '\0','https://media3.coolmate.me/cdn-cgi/image/width=672,height=990,quality=85/uploads/April2023/shadowAo_thun_oversize__84RISING_logo5.jpg',_binary '\0'),(13750,493,4,_binary '\0','https://media3.coolmate.me/cdn-cgi/image/width=672,height=990,quality=85/uploads/October2024/ADT.CP_-__Xam-1testtt_(1)_(1)_(1)_(1).jpg',_binary '\0'),(13751,481,3,_binary '','https://media3.coolmate.me/cdn-cgi/image/width=672,height=990,quality=85/uploads/April2024/AT.CP.29.jpg',_binary '\0'),(13754,427,3,_binary '','https://media3.coolmate.me/cdn-cgi/image/width=672,height=990,quality=85/uploads/December2024/ao-polo-nam-the-thao-promax-s1-mau-xam-tarmac_(1).jpg',_binary '\0'),(13756,471,3,_binary '\0','https://media3.coolmate.me/cdn-cgi/image/width=672,height=990,quality=85/uploads/February2025/ASMC_Somi_Cafe_-_12_XAMN.jpg',_binary '\0'),(13758,20,3,_binary '','https://media3.coolmate.me/cdn-cgi/image/width=672,height=990,quality=85/uploads/February2025/24CMCW.KM001_-_19_XAM1.jpg',_binary '\0'),(13759,439,3,_binary '','https://media3.coolmate.me/cdn-cgi/image/width=672,height=990,quality=85/uploads/February2025/24CMCW.KM002_-_19_XAM1.jpg',_binary '\0'),(13762,460,4,_binary '','https://media3.coolmate.me/cdn-cgi/image/width=672,height=990,quality=85/uploads/December2024/ao-polo-nam-cafe-essentials-thoang-mat-chong-uv-xam-2.jpg',_binary '\0'),(13767,502,4,_binary '','https://media3.coolmate.me/cdn-cgi/image/width=672,height=990,quality=85/uploads/June2024/24CMCW.CN003.6_78.jpg',_binary '\0'),(13770,453,4,_binary '\0','https://media3.coolmate.me/cdn-cgi/image/width=672,height=990,quality=85/uploads/December2024/ao-polo-the-thao-active-premium-thoang-khi-exdry-xam-1.jpg',_binary '\0'),(13771,495,2,_binary '\0','https://media3.coolmate.me/cdn-cgi/image/width=672,height=990,quality=85/uploads/October2023/CM006.thumb1.2_74.jpg',_binary '\0'),(13772,20,3,_binary '\0','https://media3.coolmate.me/cdn-cgi/image/width=672,height=990,quality=85/uploads/December2024/ao-polo-the-thao-pro-active-1595-thoang-khi-ex-dry-xam-whiecaps_(2).jpg',_binary '\0'),(13774,427,4,_binary '','https://media3.coolmate.me/cdn-cgi/image/width=672,height=990,quality=85/uploads/July2024/xam1.jpg',_binary '\0'),(13776,471,4,_binary '','https://media3.coolmate.me/cdn-cgi/image/width=672,height=990,quality=85/uploads/March2024/24CMAW.SL002.11_60.jpg',_binary '\0'),(13778,454,4,_binary '\0','https://media3.coolmate.me/cdn-cgi/image/width=672,height=990,quality=85/uploads/October2024/ABL.RN.F.11_62.jpg',_binary '\0'),(13779,466,1,_binary '\0','https://media3.coolmate.me/cdn-cgi/image/width=672,height=990,quality=85/uploads/December2024/ao-phao-day-ultrawarm-puffer-den_(11).jpg',_binary '\0'),(13782,465,2,_binary '','https://media3.coolmate.me/cdn-cgi/image/width=672,height=990,quality=85/uploads/April2024/AT.CP.220.jpg',_binary '\0'),(13784,16,1,_binary '\0','https://media3.coolmate.me/cdn-cgi/image/width=672,height=990,quality=85/uploads/December2024/ao-phao-nhe-ultrawarm-den-1.jpg',_binary '\0'),(13785,462,3,_binary '\0','https://media3.coolmate.me/cdn-cgi/image/width=672,height=990,quality=85/uploads/March2024/24CMAW.AT014.1_86.jpg',_binary '\0'),(13788,490,1,_binary '\0','https://media3.coolmate.me/cdn-cgi/image/width=672,height=990,quality=85/uploads/December2024/ao-phao-nhe-ultrawarm-co-mu-den-1.jpg',_binary '\0'),(13791,468,1,_binary '\0','https://media3.coolmate.me/cdn-cgi/image/width=672,height=990,quality=85/uploads/December2024/ao-giu-nhiet-ex-warm-lenzing-modal-co-cao-den-6.jpg',_binary '\0'),(13793,450,1,_binary '','https://media3.coolmate.me/cdn-cgi/image/width=672,height=990,quality=85/uploads/December2024/ao-giu-nhiet-essential-brush-poly-co-trung-den-1.jpg',_binary '\0'),(13794,418,2,_binary '','https://media3.coolmate.me/cdn-cgi/image/width=672,height=990,quality=85/uploads/March2024/stitchbeach2.jpg',_binary '\0'),(13795,1,1,_binary '\0','https://media3.coolmate.me/cdn-cgi/image/width=672,height=990,quality=85/uploads/December2024/ao-dai-tay-the-thao-essentials-den-1.jpg',_binary '\0'),(13796,485,1,_binary '\0','https://media3.coolmate.me/cdn-cgi/image/width=672,height=990,quality=85/uploads/November2024/24CMCW.SM007_-_Den_2.jpg',_binary '\0'),(13797,419,3,_binary '\0','https://media3.coolmate.me/cdn-cgi/image/width=672,height=990,quality=85/uploads/December2024/24CMAW.DT003---Xam-1_98.jpg',_binary '\0'),(13798,472,2,_binary '','https://media3.coolmate.me/cdn-cgi/image/width=672,height=990,quality=85/uploads/January2024/AT.220.den6.jpg',_binary '\0'),(13799,491,3,_binary '','https://media3.coolmate.me/cdn-cgi/image/width=672,height=990,quality=85/uploads/March2024/24CMAW.TT003.23_84.jpg',_binary '\0'),(13800,443,4,_binary '','https://media3.coolmate.me/cdn-cgi/image/width=672,height=990,quality=85/uploads/December2024/ao-hoodie-essential-fleece-xam-nhat_(6).jpg',_binary '\0'),(13801,452,3,_binary '','https://media3.coolmate.me/cdn-cgi/image/width=672,height=990,quality=85/uploads/December2024/ao-phao-nhe-ultrawarm-xam-1.jpg',_binary '\0'),(13802,435,2,_binary '','https://media3.coolmate.me/cdn-cgi/image/width=672,height=990,quality=85/uploads/December2024/polo-pique-basic-cotton-104-trang_(3).jpg',_binary '\0'),(13804,488,1,_binary '','https://media3.coolmate.me/cdn-cgi/image/width=672,height=990,quality=85/uploads/December2024/ao-giu-nhiet-ex-warm-lenzing-modal-co-trung-den-1.jpg',_binary '\0'),(13805,453,1,_binary '\0','https://media3.coolmate.me/cdn-cgi/image/width=672,height=990,quality=85/uploads/November2024/24CMHU.GN001_-_Den_1.jpg',_binary '\0'),(13806,472,1,_binary '\0','https://media3.coolmate.me/cdn-cgi/image/width=672,height=990,quality=85/uploads/October2024/2484.ULSMV.TSZ707_HEHEHEVENOM_0052_-18_DEN_70.jpg',_binary '\0'),(13807,466,4,_binary '\0','https://media3.coolmate.me/cdn-cgi/image/width=672,height=990,quality=85/uploads/December2024/ao-phao-nhe-ultrawarm-co-mu-xam-1.jpg',_binary '\0'),(13813,450,2,_binary '\0','https://media3.coolmate.me/cdn-cgi/image/width=672,height=990,quality=85/uploads/April2024/ATT.SN.T.ex2_27.jpg',_binary '\0'),(13816,412,1,_binary '','https://media3.coolmate.me/cdn-cgi/image/width=672,height=990,quality=85/uploads/February2025/ao-thun-the-thao-jacquard-seamless-den-1_66.jpg',_binary '\0'),(13817,452,3,_binary '\0','https://media3.coolmate.me/cdn-cgi/image/width=672,height=990,quality=85/uploads/December2024/ao-giu-nhiet-ex-warm-lenzing-modal-co-cao-xam-1.jpg',_binary '\0'),(13819,421,4,_binary '\0','https://media3.coolmate.me/cdn-cgi/image/width=672,height=990,quality=85/uploads/December2024/ao-giu-nhiet-essential-brush-poly-co-trung-xam-nhat-1.jpg',_binary '\0'),(13820,412,3,_binary '','https://media3.coolmate.me/cdn-cgi/image/width=672,height=990,quality=85/uploads/December2024/ao-dai-tay-the-thao-essentials-xam-1.jpg',_binary '\0'),(13825,444,2,_binary '','https://media3.coolmate.me/cdn-cgi/image/width=672,height=990,quality=85/uploads/March2024/ATT.PM.LGV2.10.jpg',_binary '\0'),(13827,468,3,_binary '\0','https://media3.coolmate.me/cdn-cgi/image/width=672,height=990,quality=85/uploads/November2024/24CMCW.SM007_-_Xam_3.jpg',_binary '\0'),(13828,428,4,_binary '','https://media3.coolmate.me/cdn-cgi/image/width=672,height=990,quality=85/uploads/November2024/24CMHU.GN001_-_Xam_1.jpg',_binary '\0'),(13830,479,2,_binary '','https://media3.coolmate.me/cdn-cgi/image/width=672,height=990,quality=85/uploads/December2024/ao-polo-nam-the-thao-promax-s1-trang-1.png',_binary '\0'),(13831,490,2,_binary '\0','https://media3.coolmate.me/cdn-cgi/image/width=672,height=990,quality=85/uploads/February2025/ASMC_Somi_Cafe_-_2_TRANG.jpg',_binary '\0'),(13832,500,1,_binary '\0','https://media3.coolmate.me/cdn-cgi/image/width=672,height=990,quality=85/uploads/October2024/2484.ULSMV.TSZ705__CLASSICVENOM-27_DEN_89.jpg',_binary '\0'),(13834,17,2,_binary '\0','https://media3.coolmate.me/cdn-cgi/image/width=672,height=990,quality=85/uploads/May2024/pack3aobalotrg.jpg',_binary '\0'),(13835,476,3,_binary '','https://media3.coolmate.me/cdn-cgi/image/width=672,height=990,quality=85/uploads/February2025/ao-thun-the-thao-jacquard-seamless-xam-1.jpg',_binary '\0'),(13836,503,3,_binary '\0','https://media3.coolmate.me/cdn-cgi/image/width=672,height=990,quality=85/uploads/August2024/24CMAW.AT030.23.jpg',_binary '\0'),(13837,476,4,_binary '\0','https://media3.coolmate.me/cdn-cgi/image/width=672,height=990,quality=85/uploads/November2024/24CMCW.QD004__Xam_Xanh_1.jpg',_binary '\0'),(13841,422,2,_binary '\0','https://media3.coolmate.me/cdn-cgi/image/width=672,height=990,quality=85/uploads/December2024/ao-polo-the-thao-pro-active-1595-thoang-khi-ex-dry-phoi-mau-trang_(1).jpg',_binary '\0'),(13843,493,1,_binary '\0','https://media3.coolmate.me/cdn-cgi/image/width=672,height=990,quality=85/uploads/July2024/24CMAW.TT011.29_85.jpg',_binary '\0'),(13845,464,4,_binary '','https://media3.coolmate.me/cdn-cgi/image/width=672,height=990,quality=85/uploads/November2024/24CMAW.KM010_-_Xam_2.jpg',_binary '\0'),(13848,465,2,_binary '\0','https://media3.coolmate.me/cdn-cgi/image/width=672,height=990,quality=85/uploads/December2024/ao-polo-the-thao-pro-active-1595-thoang-khi-ex-dry-trang_(2).jpg',_binary '\0'),(13849,16,4,_binary '\0','https://media3.coolmate.me/cdn-cgi/image/width=672,height=990,quality=85/uploads/November2024/24CMCW.ST002_-_Xam_1.jpg',_binary '\0'),(13852,489,3,_binary '\0','https://media3.coolmate.me/cdn-cgi/image/width=672,height=990,quality=85/uploads/November2023/dt001.gym.10_83.jpg',_binary '\0'),(13853,427,4,_binary '\0','https://media3.coolmate.me/cdn-cgi/image/width=672,height=990,quality=85/uploads/February2025/ao-thun-the-thao-nam-active-basics-nhanh-kho-ex-dry-xam-dam-1.jpg',_binary '\0'),(13854,502,4,_binary '\0','https://media3.coolmate.me/cdn-cgi/image/width=672,height=990,quality=85/uploads/November2023/3dsinglet.1.jpg',_binary '\0'),(13861,451,1,_binary '\0','https://media3.coolmate.me/cdn-cgi/image/width=672,height=990,quality=85/uploads/October2024/2484.ULSMV.TSZ700_LETHALPROTECTOR1VENOM_0018_-52_DEN_60.jpg',_binary '\0'),(13863,497,3,_binary '\0','https://media3.coolmate.me/cdn-cgi/image/width=672,height=990,quality=85/uploads/November2023/_CMM5391.jpg',_binary '\0'),(13865,484,2,_binary '','https://media3.coolmate.me/cdn-cgi/image/width=672,height=990,quality=85/uploads/February2022/IMG_5991_copy.jpg',_binary '\0'),(13867,480,1,_binary '\0','https://media3.coolmate.me/cdn-cgi/image/width=672,height=990,quality=85/uploads/October2024/2484.ULSMV.TSZ698_LETSDANCEVENOM_0003_-67_DEN.jpg',_binary '\0'),(13868,500,4,_binary '\0','https://media3.coolmate.me/cdn-cgi/image/width=672,height=990,quality=85/uploads/December2024/23CMCW.ST002.2_Xam-D.jpg',_binary '\0'),(13869,450,4,_binary '\0','https://media3.coolmate.me/cdn-cgi/image/width=672,height=990,quality=85/uploads/April2023/Ao_thun_chay_bo_nam_Advanced_Fast__Free_Run12.jpg',_binary '\0'),(13870,490,3,_binary '\0','https://media3.coolmate.me/cdn-cgi/image/width=672,height=990,quality=85/uploads/December2024/ao-polo-nam-cafe-mau-xam-nhat-1.jpg',_binary '\0'),(13871,505,4,_binary '','https://media3.coolmate.me/cdn-cgi/image/width=672,height=990,quality=85/uploads/October2024/ADT.CP_-__Xam-1testtt_(1)_(1)_(1)_(1).jpg',_binary '\0'),(13872,491,4,_binary '','https://media3.coolmate.me/cdn-cgi/image/width=672,height=990,quality=85/uploads/April2024/AT.CP.29.jpg',_binary '\0'),(13875,439,4,_binary '','https://media3.coolmate.me/cdn-cgi/image/width=672,height=990,quality=85/uploads/December2024/ao-polo-nam-the-thao-promax-s1-mau-xam-tarmac_(1).jpg',_binary '\0'),(13876,476,3,_binary '\0','https://media3.coolmate.me/cdn-cgi/image/width=672,height=990,quality=85/uploads/February2025/ASMC_Somi_Cafe_-_12_XAMN.jpg',_binary '\0'),(13880,425,4,_binary '\0','https://media3.coolmate.me/cdn-cgi/image/width=672,height=990,quality=85/uploads/February2025/24CMCW.KM001_-_19_XAM1.jpg',_binary '\0'),(13883,458,2,_binary '\0','https://media3.coolmate.me/cdn-cgi/image/width=672,height=990,quality=85/uploads/February2025/ao-thun-gym-comfort-oversize-mau-trang_(7).jpg',_binary '\0'),(13884,446,2,_binary '','https://media3.coolmate.me/cdn-cgi/image/width=672,height=990,quality=85/uploads/October2024/Mockup_Ao_tran_ao_tot_bunggang_copy_(7).jpg',_binary '\0'),(13886,499,1,_binary '','https://media3.coolmate.me/cdn-cgi/image/width=672,height=990,quality=85/uploads/August2024/Ao_Thun_Nam_The_Thao_Coolmate_Basics_-_Den_6_(3).jpg',_binary '\0'),(13887,463,2,_binary '','https://media3.coolmate.me/cdn-cgi/image/width=672,height=990,quality=85/uploads/June2024/24CMCL.AT009.15_18.jpg',_binary '\0'),(13889,438,2,_binary '\0','https://media3.coolmate.me/cdn-cgi/image/width=672,height=990,quality=85/uploads/October2024/2_embe_copy_2_(6).jpg',_binary '\0'),(13890,499,1,_binary '\0','https://media3.coolmate.me/cdn-cgi/image/width=672,height=990,quality=85/uploads/March2024/DSC04870_copy.jpg',_binary '\0'),(13891,503,1,_binary '\0','https://media3.coolmate.me/cdn-cgi/image/width=672,height=990,quality=85/uploads/October2024/Legend_Club_3.1.jpg',_binary '\0'),(13896,444,4,_binary '\0','https://media3.coolmate.me/cdn-cgi/image/width=672,height=990,quality=85/uploads/February2025/24CMCW.KM002_-_19_XAM1.jpg',_binary '\0'),(13898,433,2,_binary '','https://media3.coolmate.me/cdn-cgi/image/width=672,height=990,quality=85/uploads/September2023/cat_mama-2.jpg',_binary '\0'),(13899,478,3,_binary '','https://media3.coolmate.me/cdn-cgi/image/width=672,height=990,quality=85/uploads/December2024/ao-polo-nam-cafe-essentials-thoang-mat-chong-uv-xam-2.jpg',_binary '\0'),(13901,445,1,_binary '','https://media3.coolmate.me/cdn-cgi/image/width=672,height=990,quality=85/uploads/August2024/24CMAW.AT024.31.jpg',_binary '\0'),(13905,433,4,_binary '','https://media3.coolmate.me/cdn-cgi/image/width=672,height=990,quality=85/uploads/June2024/24CMCW.CN003.6_78.jpg',_binary '\0'),(13907,19,2,_binary '\0','https://media3.coolmate.me/cdn-cgi/image/width=672,height=990,quality=85/uploads/October2024/1_Ao_dai_tay_RELAXED_FIT_CARE_SHARE_-_AO_AM_CHO_EM_trang.jpg',_binary '\0'),(13908,489,3,_binary '\0','https://media3.coolmate.me/cdn-cgi/image/width=672,height=990,quality=85/uploads/December2024/ao-polo-the-thao-active-premium-thoang-khi-exdry-xam-1.jpg',_binary '\0'),(13909,422,2,_binary '\0','https://media3.coolmate.me/cdn-cgi/image/width=672,height=990,quality=85/uploads/October2024/5_Ngoan_(1).jpg',_binary '\0'),(13912,455,4,_binary '','https://media3.coolmate.me/cdn-cgi/image/width=672,height=990,quality=85/uploads/December2024/ao-polo-the-thao-pro-active-1595-thoang-khi-ex-dry-xam-whiecaps_(2).jpg',_binary '\0'),(13915,444,2,_binary '\0','https://media3.coolmate.me/cdn-cgi/image/width=672,height=990,quality=85/uploads/March2024/stitchcaydua21.jpg',_binary '\0'),(13918,425,4,_binary '\0','https://media3.coolmate.me/cdn-cgi/image/width=672,height=990,quality=85/uploads/July2024/xam1.jpg',_binary '\0'),(13919,412,1,_binary '\0','https://media3.coolmate.me/cdn-cgi/image/width=672,height=990,quality=85/uploads/May2024/23CMAW.AT003.fixmau13_94.jpg',_binary '\0'),(13920,497,2,_binary '\0','https://media3.coolmate.me/cdn-cgi/image/width=672,height=990,quality=85/uploads/May2024/watertimi5.jpg',_binary '\0'),(13921,452,1,_binary '\0','https://media3.coolmate.me/cdn-cgi/image/width=672,height=990,quality=85/uploads/November2024/24CMCW.QD004__24CMCW.QD004__Den_1.jpg',_binary '\0'),(13924,434,3,_binary '\0','https://media3.coolmate.me/cdn-cgi/image/width=672,height=990,quality=85/uploads/March2024/24CMAW.SL002.11_60.jpg',_binary '\0'),(13926,452,3,_binary '\0','https://media3.coolmate.me/cdn-cgi/image/width=672,height=990,quality=85/uploads/October2024/ABL.RN.F.11_62.jpg',_binary '\0'),(13927,483,4,_binary '\0','https://media3.coolmate.me/cdn-cgi/image/width=672,height=990,quality=85/uploads/March2024/24CMAW.AT014.1_86.jpg',_binary '\0'),(13928,411,3,_binary '\0','https://media3.coolmate.me/cdn-cgi/image/width=672,height=990,quality=85/uploads/December2024/24CMAW.DT003---Xam-1_98.jpg',_binary '\0'),(13930,495,2,_binary '\0','https://media3.coolmate.me/cdn-cgi/image/width=672,height=990,quality=85/uploads/October2024/3_iuembe_2D_2_copy_(4).jpg',_binary '\0'),(13932,501,1,_binary '','https://media3.coolmate.me/cdn-cgi/image/width=672,height=990,quality=85/uploads/December2024/24CMAW.KM007_-_Den_12.jpg',_binary '\0'),(13933,470,3,_binary '\0','https://media3.coolmate.me/cdn-cgi/image/width=672,height=990,quality=85/uploads/March2024/24CMAW.TT003.23_84.jpg',_binary '\0'),(13934,470,2,_binary '\0','https://media3.coolmate.me/cdn-cgi/image/width=672,height=990,quality=85/uploads/May2024/firesign3_37.jpg',_binary '\0'),(13935,447,1,_binary '\0','https://media3.coolmate.me/cdn-cgi/image/width=672,height=990,quality=85/uploads/November2024/Mickey_Mouse_Club_House_1.1.jpg',_binary '\0'),(13936,473,2,_binary '\0','https://media3.coolmate.me/cdn-cgi/image/width=672,height=990,quality=85/uploads/October2024/Mockup_Ao_tran_ao_tot_bunggang_copy_(8).jpg',_binary '\0'),(13938,437,3,_binary '','https://media3.coolmate.me/cdn-cgi/image/width=672,height=990,quality=85/uploads/December2024/ao-hoodie-essential-fleece-xam-nhat_(6).jpg',_binary '\0'),(13939,428,2,_binary '','https://media3.coolmate.me/cdn-cgi/image/width=672,height=990,quality=85/uploads/September2023/chubby_corgi_pappa-2.jpg',_binary '\0'),(13941,462,4,_binary '\0','https://media3.coolmate.me/cdn-cgi/image/width=672,height=990,quality=85/uploads/December2024/ao-phao-nhe-ultrawarm-xam-1.jpg',_binary '\0'),(13942,497,1,_binary '\0','https://media3.coolmate.me/cdn-cgi/image/width=672,height=990,quality=85/uploads/November2024/MouseNap_2.1.jpg',_binary '\0'),(13943,416,2,_binary '\0','https://media3.coolmate.me/cdn-cgi/image/width=672,height=990,quality=85/uploads/October2024/5_Ao_dai_tay_RELAXED_FIT_CARE_SHARE_-_AO_AM_CHO_EM_-_NGOAN_XINH_IU.jpg',_binary '\0'),(13944,497,1,_binary '\0','https://media3.coolmate.me/cdn-cgi/image/width=672,height=990,quality=85/uploads/December2024/2484CW.DT002_-70-_DEN.jpg',_binary '\0'),(13945,438,4,_binary '\0','https://media3.coolmate.me/cdn-cgi/image/width=672,height=990,quality=85/uploads/December2024/ao-phao-nhe-ultrawarm-co-mu-xam-1.jpg',_binary '\0'),(13949,433,2,_binary '\0','https://media3.coolmate.me/cdn-cgi/image/width=672,height=990,quality=85/uploads/September2023/happy_cat-2.jpg',_binary '\0'),(13950,499,3,_binary '\0','https://media3.coolmate.me/cdn-cgi/image/width=672,height=990,quality=85/uploads/December2024/ao-giu-nhiet-ex-warm-lenzing-modal-co-cao-xam-1.jpg',_binary '\0'),(13954,484,4,_binary '','https://media3.coolmate.me/cdn-cgi/image/width=672,height=990,quality=85/uploads/December2024/ao-giu-nhiet-essential-brush-poly-co-trung-xam-nhat-1.jpg',_binary '\0'),(13956,465,1,_binary '\0','https://media3.coolmate.me/cdn-cgi/image/width=672,height=990,quality=85/uploads/November2024/24CMCW.ST002_-_Den_1.jpg',_binary '\0'),(13957,497,2,_binary '\0','https://media3.coolmate.me/cdn-cgi/image/width=672,height=990,quality=85/uploads/October2024/1_AACE_copy_(2).jpg',_binary '\0'),(13959,502,3,_binary '','https://media3.coolmate.me/cdn-cgi/image/width=672,height=990,quality=85/uploads/December2024/ao-dai-tay-the-thao-essentials-xam-1.jpg',_binary '\0'),(13960,487,4,_binary '\0','https://media3.coolmate.me/cdn-cgi/image/width=672,height=990,quality=85/uploads/November2024/24CMCW.SM007_-_Xam_3.jpg',_binary '\0'),(13961,472,3,_binary '','https://media3.coolmate.me/cdn-cgi/image/width=672,height=990,quality=85/uploads/November2024/24CMHU.GN001_-_Xam_1.jpg',_binary '\0'),(13963,469,2,_binary '','https://media3.coolmate.me/cdn-cgi/image/width=672,height=990,quality=85/uploads/February2025/ao-thun-care-share-mau-trang_(1).jpg',_binary '\0'),(13964,497,4,_binary '\0','https://media3.coolmate.me/cdn-cgi/image/width=672,height=990,quality=85/uploads/February2025/ao-thun-the-thao-jacquard-seamless-xam-1.jpg',_binary '\0'),(13969,476,4,_binary '\0','https://media3.coolmate.me/cdn-cgi/image/width=672,height=990,quality=85/uploads/August2024/24CMAW.AT030.23.jpg',_binary '\0'),(13971,16,3,_binary '\0','https://media3.coolmate.me/cdn-cgi/image/width=672,height=990,quality=85/uploads/November2024/24CMCW.QD004__Xam_Xanh_1.jpg',_binary '\0'),(13972,490,2,_binary '\0','https://media3.coolmate.me/cdn-cgi/image/width=672,height=990,quality=85/uploads/June2024/24CMAW.AT017.1_65.jpg',_binary '\0'),(13973,462,2,_binary '','https://media3.coolmate.me/cdn-cgi/image/width=672,height=990,quality=85/uploads/September2023/chubby_corgi--2.jpg',_binary '\0'),(13974,487,4,_binary '\0','https://media3.coolmate.me/cdn-cgi/image/width=672,height=990,quality=85/uploads/November2024/24CMAW.KM010_-_Xam_2.jpg',_binary '\0'),(13976,456,1,_binary '\0','https://media3.coolmate.me/cdn-cgi/image/width=672,height=990,quality=85/uploads/December2024/24CMAW.CM001_-_Den_1.jpg',_binary '\0'),(13977,468,4,_binary '\0','https://media3.coolmate.me/cdn-cgi/image/width=672,height=990,quality=85/uploads/November2024/24CMCW.ST002_-_Xam_1.jpg',_binary '\0'),(13978,478,4,_binary '\0','https://media3.coolmate.me/cdn-cgi/image/width=672,height=990,quality=85/uploads/November2023/dt001.gym.10_83.jpg',_binary '\0'),(13979,482,3,_binary '\0','https://media3.coolmate.me/cdn-cgi/image/width=672,height=990,quality=85/uploads/February2025/ao-thun-the-thao-nam-active-basics-nhanh-kho-ex-dry-xam-dam-1.jpg',_binary '\0'),(13980,504,2,_binary '','https://media3.coolmate.me/cdn-cgi/image/width=672,height=990,quality=85/uploads/January2024/conheo2.jpg',_binary '\0'),(13981,3,2,_binary '','https://media3.coolmate.me/cdn-cgi/image/width=672,height=990,quality=85/uploads/January2024/concho1.jpg',_binary '\0'),(13982,502,3,_binary '\0','https://media3.coolmate.me/cdn-cgi/image/width=672,height=990,quality=85/uploads/November2023/3dsinglet.1.jpg',_binary '\0'),(13985,435,3,_binary '','https://media3.coolmate.me/cdn-cgi/image/width=672,height=990,quality=85/uploads/November2023/_CMM5391.jpg',_binary '\0'),(13986,428,1,_binary '','https://media3.coolmate.me/cdn-cgi/image/width=672,height=990,quality=85/uploads/December2024/24CMAW.KM002_-_Den_1.jpg',_binary '\0'),(13987,480,2,_binary '','https://media3.coolmate.me/cdn-cgi/image/width=672,height=990,quality=85/uploads/May2024/earthsing6_92.jpg',_binary '\0'),(13988,429,4,_binary '\0','https://media3.coolmate.me/cdn-cgi/image/width=672,height=990,quality=85/uploads/December2024/23CMCW.ST002.2_Xam-D.jpg',_binary '\0'),(13991,456,1,_binary '\0','https://media3.coolmate.me/cdn-cgi/image/width=672,height=990,quality=85/uploads/December2024/24CMAW.KM005_-_Den_1.jpg',_binary '\0'),(13994,481,2,_binary '','https://media3.coolmate.me/cdn-cgi/image/width=672,height=990,quality=85/uploads/January2024/consuu.3_27.jpg',_binary '\0'),(13995,495,1,_binary '','https://media3.coolmate.me/cdn-cgi/image/width=672,height=990,quality=85/uploads/December2024/24CMCW.SM012---Den-11_99.jpg',_binary '\0'),(13996,2,3,_binary '','https://media3.coolmate.me/cdn-cgi/image/width=672,height=990,quality=85/uploads/April2023/Ao_thun_chay_bo_nam_Advanced_Fast__Free_Run12.jpg',_binary '\0'),(13997,425,1,_binary '','https://media3.coolmate.me/cdn-cgi/image/width=672,height=990,quality=85/uploads/November2023/dt001.gym.5_50.jpg',_binary '\0'),(13998,428,4,_binary '\0','https://media3.coolmate.me/cdn-cgi/image/width=672,height=990,quality=85/uploads/December2024/ao-polo-nam-cafe-mau-xam-nhat-1.jpg',_binary '\0'),(13999,485,2,_binary '\0','https://media3.coolmate.me/cdn-cgi/image/width=672,height=990,quality=85/uploads/January2024/conmeo2.jpg',_binary '\0'),(14002,502,1,_binary '\0','https://media3.coolmate.me/cdn-cgi/image/width=672,height=990,quality=85/uploads/April2022/DSC04765-copy.jpg',_binary '\0'),(14004,437,2,_binary '','https://media3.coolmate.me/cdn-cgi/image/width=672,height=990,quality=85/uploads/January2024/conho1.jpg',_binary '\0'),(14006,431,3,_binary '','https://media3.coolmate.me/cdn-cgi/image/width=672,height=990,quality=85/uploads/October2024/ADT.CP_-__Xam-1testtt_(1)_(1)_(1)_(1).jpg',_binary '\0'),(14007,465,3,_binary '\0','https://media3.coolmate.me/cdn-cgi/image/width=672,height=990,quality=85/uploads/April2024/AT.CP.29.jpg',_binary '\0'),(14008,499,4,_binary '\0','https://media3.coolmate.me/cdn-cgi/image/width=672,height=990,quality=85/uploads/December2024/ao-polo-nam-the-thao-promax-s1-mau-xam-tarmac_(1).jpg',_binary '\0'),(14009,458,1,_binary '','https://media3.coolmate.me/cdn-cgi/image/width=672,height=990,quality=85/uploads/December2024/ao-dai-tay-the-thao-1699-den_(1).jpg',_binary '\0'),(14011,447,4,_binary '','https://media3.coolmate.me/cdn-cgi/image/width=672,height=990,quality=85/uploads/February2025/ASMC_Somi_Cafe_-_12_XAMN.jpg',_binary '\0'),(14012,20,3,_binary '\0','https://media3.coolmate.me/cdn-cgi/image/width=672,height=990,quality=85/uploads/February2025/24CMCW.KM001_-_19_XAM1.jpg',_binary '\0'),(14015,462,2,_binary '\0','https://media3.coolmate.me/cdn-cgi/image/width=672,height=990,quality=85/uploads/February2023/2a0C_S_T-SHIRT_VALENTINE-03.jpg',_binary '\0'),(14016,472,3,_binary '\0','https://media3.coolmate.me/cdn-cgi/image/width=672,height=990,quality=85/uploads/February2025/24CMCW.KM002_-_19_XAM1.jpg',_binary '\0'),(14019,497,3,_binary '\0','https://media3.coolmate.me/cdn-cgi/image/width=672,height=990,quality=85/uploads/December2024/ao-polo-nam-cafe-essentials-thoang-mat-chong-uv-xam-2.jpg',_binary '\0'),(14020,474,1,_binary '\0','https://media3.coolmate.me/cdn-cgi/image/width=672,height=990,quality=85/uploads/December2024/ao-thun-nam-the-thao-phoi-bo-co-den_(1).jpg',_binary '\0'),(14023,437,1,_binary '','https://media3.coolmate.me/cdn-cgi/image/width=672,height=990,quality=85/uploads/December2024/ao-khoac-2-lop-casual-den_(3).jpg',_binary '\0'),(14024,478,2,_binary '\0','https://media3.coolmate.me/cdn-cgi/image/width=672,height=990,quality=85/uploads/October2024/7_IMG_5162_(1).jpg',_binary '\0'),(14025,479,3,_binary '\0','https://media3.coolmate.me/cdn-cgi/image/width=672,height=990,quality=85/uploads/June2024/24CMCW.CN003.6_78.jpg',_binary '\0'),(14026,4,4,_binary '\0','https://media3.coolmate.me/cdn-cgi/image/width=672,height=990,quality=85/uploads/December2024/ao-polo-the-thao-active-premium-thoang-khi-exdry-xam-1.jpg',_binary '\0'),(14031,470,2,_binary '\0','https://media3.coolmate.me/cdn-cgi/image/width=672,height=990,quality=85/uploads/January2024/24CSCS.AT0011_95.jpg',_binary '\0'),(14036,2,1,_binary '\0','https://media3.coolmate.me/cdn-cgi/image/width=672,height=990,quality=85/uploads/December2024/ao-hoodie-essential-fleece-den_(1).jpg',_binary '\0'),(14037,449,4,_binary '\0','https://media3.coolmate.me/cdn-cgi/image/width=672,height=990,quality=85/uploads/December2024/ao-polo-the-thao-pro-active-1595-thoang-khi-ex-dry-xam-whiecaps_(2).jpg',_binary '\0'),(14038,471,4,_binary '\0','https://media3.coolmate.me/cdn-cgi/image/width=672,height=990,quality=85/uploads/July2024/xam1.jpg',_binary '\0'),(14039,447,2,_binary '\0','https://media3.coolmate.me/cdn-cgi/image/width=672,height=990,quality=85/uploads/September2023/trung_thu-2.jpg',_binary '\0'),(14041,450,1,_binary '\0','https://media3.coolmate.me/cdn-cgi/image/width=672,height=990,quality=85/uploads/December2024/ao-phao-day-ultrawarm-puffer-den_(11).jpg',_binary '\0'),(14042,496,2,_binary '\0','https://media3.coolmate.me/cdn-cgi/image/width=672,height=990,quality=85/uploads/January2024/conngua2.jpg',_binary '\0'),(14043,16,3,_binary '\0','https://media3.coolmate.me/cdn-cgi/image/width=672,height=990,quality=85/uploads/March2024/24CMAW.SL002.11_60.jpg',_binary '\0'),(14044,471,3,_binary '\0','https://media3.coolmate.me/cdn-cgi/image/width=672,height=990,quality=85/uploads/October2024/ABL.RN.F.11_62.jpg',_binary '\0'),(14046,460,4,_binary '\0','https://media3.coolmate.me/cdn-cgi/image/width=672,height=990,quality=85/uploads/March2024/24CMAW.AT014.1_86.jpg',_binary '\0'),(14047,418,4,_binary '\0','https://media3.coolmate.me/cdn-cgi/image/width=672,height=990,quality=85/uploads/December2024/24CMAW.DT003---Xam-1_98.jpg',_binary '\0'),(14049,426,1,_binary '','https://media3.coolmate.me/cdn-cgi/image/width=672,height=990,quality=85/uploads/December2024/ao-phao-nhe-ultrawarm-den-1.jpg',_binary '\0'),(14050,464,1,_binary '','https://media3.coolmate.me/cdn-cgi/image/width=672,height=990,quality=85/uploads/December2024/ao-phao-nhe-ultrawarm-co-mu-den-1.jpg',_binary '\0'),(14051,435,2,_binary '\0','https://media3.coolmate.me/cdn-cgi/image/width=672,height=990,quality=85/uploads/January2024/conga3_93.jpg',_binary '\0'),(14053,462,1,_binary '\0','https://media3.coolmate.me/cdn-cgi/image/width=672,height=990,quality=85/uploads/December2024/ao-giu-nhiet-ex-warm-lenzing-modal-co-cao-den-6.jpg',_binary '\0'),(14055,457,2,_binary '','https://media3.coolmate.me/cdn-cgi/image/width=672,height=990,quality=85/uploads/January2024/conti.2.jpg',_binary '\0'),(14056,424,3,_binary '','https://media3.coolmate.me/cdn-cgi/image/width=672,height=990,quality=85/uploads/March2024/24CMAW.TT003.23_84.jpg',_binary '\0'),(14057,505,1,_binary '\0','https://media3.coolmate.me/cdn-cgi/image/width=672,height=990,quality=85/uploads/December2024/ao-giu-nhiet-essential-brush-poly-co-trung-den-1.jpg',_binary '\0'),(14058,435,1,_binary '\0','https://media3.coolmate.me/cdn-cgi/image/width=672,height=990,quality=85/uploads/December2024/ao-dai-tay-the-thao-essentials-den-1.jpg',_binary '\0'),(14059,491,1,_binary '\0','https://media3.coolmate.me/cdn-cgi/image/width=672,height=990,quality=85/uploads/November2024/24CMCW.SM007_-_Den_2.jpg',_binary '\0'),(14060,438,4,_binary '\0','https://media3.coolmate.me/cdn-cgi/image/width=672,height=990,quality=85/uploads/December2024/ao-hoodie-essential-fleece-xam-nhat_(6).jpg',_binary '\0'),(14061,442,4,_binary '','https://media3.coolmate.me/cdn-cgi/image/width=672,height=990,quality=85/uploads/December2024/ao-phao-nhe-ultrawarm-xam-1.jpg',_binary '\0'),(14064,412,2,_binary '\0','https://media3.coolmate.me/cdn-cgi/image/width=672,height=990,quality=85/uploads/January2024/conkhi2_71.jpg',_binary '\0'),(14065,447,2,_binary '\0','https://media3.coolmate.me/cdn-cgi/image/width=672,height=990,quality=85/uploads/December2024/ao-dai-tay-the-thao-1699-trang_(3).jpg',_binary '\0'),(14066,3,2,_binary '\0','https://media3.coolmate.me/cdn-cgi/image/width=672,height=990,quality=85/uploads/December2024/ao-giu-nhiet-ex-warm-lenzing-modal-co-cao-trang-1.jpg',_binary '\0'),(14067,427,4,_binary '\0','https://media3.coolmate.me/cdn-cgi/image/width=672,height=990,quality=85/uploads/December2024/ao-phao-nhe-ultrawarm-co-mu-xam-1.jpg',_binary '\0'),(14068,479,3,_binary '\0','https://media3.coolmate.me/cdn-cgi/image/width=672,height=990,quality=85/uploads/December2024/ao-giu-nhiet-ex-warm-lenzing-modal-co-cao-xam-1.jpg',_binary '\0'),(14069,444,1,_binary '\0','https://media3.coolmate.me/cdn-cgi/image/width=672,height=990,quality=85/uploads/December2024/ao-giu-nhiet-ex-warm-lenzing-modal-co-trung-den-1.jpg',_binary '\0'),(14070,499,4,_binary '\0','https://media3.coolmate.me/cdn-cgi/image/width=672,height=990,quality=85/uploads/December2024/ao-giu-nhiet-essential-brush-poly-co-trung-xam-nhat-1.jpg',_binary '\0'),(14071,446,3,_binary '','https://media3.coolmate.me/cdn-cgi/image/width=672,height=990,quality=85/uploads/December2024/ao-dai-tay-the-thao-essentials-xam-1.jpg',_binary '\0'),(14072,457,2,_binary '\0','https://media3.coolmate.me/cdn-cgi/image/width=672,height=990,quality=85/uploads/December2024/ao-dai-tay-the-thao-essentials-trang-1.jpg',_binary '\0'),(14073,20,2,_binary '\0','https://media3.coolmate.me/cdn-cgi/image/width=672,height=990,quality=85/uploads/November2024/24CMCW.SM007_-_Trang_1.jpg',_binary '\0'),(14074,412,1,_binary '\0','https://media3.coolmate.me/cdn-cgi/image/width=672,height=990,quality=85/uploads/November2024/24CMHU.GN001_-_Den_1.jpg',_binary '\0'),(14076,412,4,_binary '','https://media3.coolmate.me/cdn-cgi/image/width=672,height=990,quality=85/uploads/November2024/24CMCW.SM007_-_Xam_3.jpg',_binary '\0'),(14078,441,3,_binary '\0','https://media3.coolmate.me/cdn-cgi/image/width=672,height=990,quality=85/uploads/November2024/24CMHU.GN001_-_Xam_1.jpg',_binary '\0'),(14079,436,3,_binary '','https://media3.coolmate.me/cdn-cgi/image/width=672,height=990,quality=85/uploads/February2025/ao-thun-the-thao-jacquard-seamless-xam-1.jpg',_binary '\0'),(14082,491,2,_binary '\0','https://media3.coolmate.me/cdn-cgi/image/width=672,height=990,quality=85/uploads/December2024/ao-giu-nhiet-ex-warm-lenzing-modal-co-trung-trang-1.jpg',_binary '\0'),(14083,417,1,_binary '\0','https://media3.coolmate.me/cdn-cgi/image/width=672,height=990,quality=85/uploads/October2024/2484.ULSMV.TSZ707_HEHEHEVENOM_0052_-18_DEN_70.jpg',_binary '\0'),(14085,426,1,_binary '\0','https://media3.coolmate.me/cdn-cgi/image/width=672,height=990,quality=85/uploads/February2025/ao-thun-the-thao-jacquard-seamless-den-1_66.jpg',_binary '\0'),(14086,436,4,_binary '\0','https://media3.coolmate.me/cdn-cgi/image/width=672,height=990,quality=85/uploads/August2024/24CMAW.AT030.23.jpg',_binary '\0'),(14087,464,4,_binary '\0','https://media3.coolmate.me/cdn-cgi/image/width=672,height=990,quality=85/uploads/November2024/24CMCW.QD004__Xam_Xanh_1.jpg',_binary '\0'),(14088,480,1,_binary '\0','https://media3.coolmate.me/cdn-cgi/image/width=672,height=990,quality=85/uploads/October2024/2484.ULSMV.TSZ705__CLASSICVENOM-27_DEN_89.jpg',_binary '\0'),(14089,412,4,_binary '\0','https://media3.coolmate.me/cdn-cgi/image/width=672,height=990,quality=85/uploads/November2024/24CMAW.KM010_-_Xam_2.jpg',_binary '\0'),(14090,424,4,_binary '\0','https://media3.coolmate.me/cdn-cgi/image/width=672,height=990,quality=85/uploads/November2024/24CMCW.ST002_-_Xam_1.jpg',_binary '\0'),(14091,422,4,_binary '','https://media3.coolmate.me/cdn-cgi/image/width=672,height=990,quality=85/uploads/November2023/dt001.gym.10_83.jpg',_binary '\0'),(14092,464,3,_binary '','https://media3.coolmate.me/cdn-cgi/image/width=672,height=990,quality=85/uploads/February2025/ao-thun-the-thao-nam-active-basics-nhanh-kho-ex-dry-xam-dam-1.jpg',_binary '\0'),(14096,437,3,_binary '\0','https://media3.coolmate.me/cdn-cgi/image/width=672,height=990,quality=85/uploads/November2023/3dsinglet.1.jpg',_binary '\0'),(14098,427,3,_binary '\0','https://media3.coolmate.me/cdn-cgi/image/width=672,height=990,quality=85/uploads/November2023/_CMM5391.jpg',_binary '\0'),(14099,494,2,_binary '\0','https://media3.coolmate.me/cdn-cgi/image/width=672,height=990,quality=85/uploads/October2024/2484.ULSMV.TSZ707_HEHEHEVENOM_0058_-12_TRANG_57.jpg',_binary '\0'),(14100,502,2,_binary '\0','https://media3.coolmate.me/cdn-cgi/image/width=672,height=990,quality=85/uploads/October2024/2484.ULSMV.TSZ702_VENOM_0028_-42_TRANG_57.jpg',_binary '\0'),(14101,479,2,_binary '\0','https://media3.coolmate.me/cdn-cgi/image/width=672,height=990,quality=85/uploads/October2024/2484.ULSMV.TSZ702_VENOM_0028_-42_TRANG_71.jpg',_binary '\0'),(14102,454,3,_binary '','https://media3.coolmate.me/cdn-cgi/image/width=672,height=990,quality=85/uploads/December2024/23CMCW.ST002.2_Xam-D.jpg',_binary '\0'),(14108,459,2,_binary '','https://media3.coolmate.me/cdn-cgi/image/width=672,height=990,quality=85/uploads/October2024/2484.ULSMV.TSZ701_WEAREVENOM_0023_-47_TRANG_25.jpg',_binary '\0'),(14111,448,3,_binary '\0','https://media3.coolmate.me/cdn-cgi/image/width=672,height=990,quality=85/uploads/April2023/Ao_thun_chay_bo_nam_Advanced_Fast__Free_Run12.jpg',_binary '\0'),(14112,477,4,_binary '','https://media3.coolmate.me/cdn-cgi/image/width=672,height=990,quality=85/uploads/December2024/ao-polo-nam-cafe-mau-xam-nhat-1.jpg',_binary '\0'),(14113,19,4,_binary '','https://media3.coolmate.me/cdn-cgi/image/width=672,height=990,quality=85/uploads/October2024/ADT.CP_-__Xam-1testtt_(1)_(1)_(1)_(1).jpg',_binary '\0'),(14114,424,3,_binary '\0','https://media3.coolmate.me/cdn-cgi/image/width=672,height=990,quality=85/uploads/April2024/AT.CP.29.jpg',_binary '\0'),(14115,471,1,_binary '','https://media3.coolmate.me/cdn-cgi/image/width=672,height=990,quality=85/uploads/July2024/24CMAW.TT011.29_85.jpg',_binary '\0'),(14116,496,1,_binary '\0','https://media3.coolmate.me/cdn-cgi/image/width=672,height=990,quality=85/uploads/October2024/2484.ULSMV.TSZ700_LETHALPROTECTOR1VENOM_0018_-52_DEN_60.jpg',_binary '\0'),(14117,433,4,_binary '\0','https://media3.coolmate.me/cdn-cgi/image/width=672,height=990,quality=85/uploads/December2024/ao-polo-nam-the-thao-promax-s1-mau-xam-tarmac_(1).jpg',_binary '\0'),(14118,432,4,_binary '\0','https://media3.coolmate.me/cdn-cgi/image/width=672,height=990,quality=85/uploads/February2025/ASMC_Somi_Cafe_-_12_XAMN.jpg',_binary '\0'),(14119,502,4,_binary '\0','https://media3.coolmate.me/cdn-cgi/image/width=672,height=990,quality=85/uploads/February2025/24CMCW.KM001_-_19_XAM1.jpg',_binary '\0'),(14120,432,3,_binary '','https://media3.coolmate.me/cdn-cgi/image/width=672,height=990,quality=85/uploads/February2025/24CMCW.KM002_-_19_XAM1.jpg',_binary '\0'),(14121,444,4,_binary '\0','https://media3.coolmate.me/cdn-cgi/image/width=672,height=990,quality=85/uploads/December2024/ao-polo-nam-cafe-essentials-thoang-mat-chong-uv-xam-2.jpg',_binary '\0'),(14122,486,2,_binary '','https://media3.coolmate.me/cdn-cgi/image/width=672,height=990,quality=85/uploads/October2024/2484.ULSMV.TSZ698_LETSDANCEVENOM_0008_-62_TRANG.jpg',_binary '\0'),(14123,437,3,_binary '\0','https://media3.coolmate.me/cdn-cgi/image/width=672,height=990,quality=85/uploads/June2024/24CMCW.CN003.6_78.jpg',_binary '\0'),(14124,495,4,_binary '','https://media3.coolmate.me/cdn-cgi/image/width=672,height=990,quality=85/uploads/December2024/ao-polo-the-thao-active-premium-thoang-khi-exdry-xam-1.jpg',_binary '\0'),(14125,458,3,_binary '\0','https://media3.coolmate.me/cdn-cgi/image/width=672,height=990,quality=85/uploads/December2024/ao-polo-the-thao-pro-active-1595-thoang-khi-ex-dry-xam-whiecaps_(2).jpg',_binary '\0'),(14127,19,2,_binary '\0','https://media3.coolmate.me/cdn-cgi/image/width=672,height=990,quality=85/uploads/July2024/Dobby_7.jpg',_binary '\0'),(14129,467,1,_binary '','https://media3.coolmate.me/cdn-cgi/image/width=672,height=990,quality=85/uploads/October2024/2484.ULSMV.TSZ698_LETSDANCEVENOM_0003_-67_DEN.jpg',_binary '\0'),(14130,501,2,_binary '','https://media3.coolmate.me/cdn-cgi/image/width=672,height=990,quality=85/uploads/November2024/24CMCW.QD004__Trang_6.jpg',_binary '\0'),(14131,501,2,_binary '\0','https://media3.coolmate.me/cdn-cgi/image/width=672,height=990,quality=85/uploads/November2024/Mickey_Mouse_Club_House_2.1.jpg',_binary '\0'),(14134,493,1,_binary '\0','https://media3.coolmate.me/cdn-cgi/image/width=672,height=990,quality=85/uploads/August2024/Ao_Thun_Nam_The_Thao_Coolmate_Basics_-_Den_6_(3).jpg',_binary '\0'),(14135,463,3,_binary '\0','https://media3.coolmate.me/cdn-cgi/image/width=672,height=990,quality=85/uploads/July2024/xam1.jpg',_binary '\0'),(14137,503,2,_binary '\0','https://media3.coolmate.me/cdn-cgi/image/width=672,height=990,quality=85/uploads/November2024/MouseNap_1.1.jpg',_binary '\0'),(14138,426,4,_binary '','https://media3.coolmate.me/cdn-cgi/image/width=672,height=990,quality=85/uploads/March2024/24CMAW.SL002.11_60.jpg',_binary '\0'),(14139,425,1,_binary '\0','https://media3.coolmate.me/cdn-cgi/image/width=672,height=990,quality=85/uploads/March2024/DSC04870_copy.jpg',_binary '\0'),(14140,434,4,_binary '','https://media3.coolmate.me/cdn-cgi/image/width=672,height=990,quality=85/uploads/October2024/ABL.RN.F.11_62.jpg',_binary '\0'),(14141,419,2,_binary '\0','https://media3.coolmate.me/cdn-cgi/image/width=672,height=990,quality=85/uploads/December2024/2484CW.DT002_-6564_-_TRANG.jpg',_binary '\0'),(14143,2,2,_binary '','https://media3.coolmate.me/cdn-cgi/image/width=672,height=990,quality=85/uploads/October2023/84rs.rep.2_32.jpg',_binary '\0'),(14146,19,1,_binary '\0','https://media3.coolmate.me/cdn-cgi/image/width=672,height=990,quality=85/uploads/October2024/Legend_Club_3.1.jpg',_binary '\0'),(14152,436,1,_binary '','https://media3.coolmate.me/cdn-cgi/image/width=672,height=990,quality=85/uploads/August2024/24CMAW.AT024.31.jpg',_binary '\0'),(14154,466,3,_binary '\0','https://media3.coolmate.me/cdn-cgi/image/width=672,height=990,quality=85/uploads/March2024/24CMAW.AT014.1_86.jpg',_binary '\0'),(14158,448,1,_binary '\0','https://media3.coolmate.me/cdn-cgi/image/width=672,height=990,quality=85/uploads/May2024/23CMAW.AT003.fixmau13_94.jpg',_binary '\0'),(14159,481,1,_binary '\0','https://media3.coolmate.me/cdn-cgi/image/width=672,height=990,quality=85/uploads/November2024/24CMCW.QD004__24CMCW.QD004__Den_1.jpg',_binary '\0'),(14160,416,3,_binary '\0','https://media3.coolmate.me/cdn-cgi/image/width=672,height=990,quality=85/uploads/December2024/24CMAW.DT003---Xam-1_98.jpg',_binary '\0'),(14162,455,3,_binary '','https://media3.coolmate.me/cdn-cgi/image/width=672,height=990,quality=85/uploads/March2024/24CMAW.TT003.23_84.jpg',_binary '\0'),(14164,482,3,_binary '\0','https://media3.coolmate.me/cdn-cgi/image/width=672,height=990,quality=85/uploads/December2024/ao-hoodie-essential-fleece-xam-nhat_(6).jpg',_binary '\0'),(14165,471,1,_binary '\0','https://media3.coolmate.me/cdn-cgi/image/width=672,height=990,quality=85/uploads/December2024/24CMAW.KM007_-_Den_12.jpg',_binary '\0'),(14166,436,2,_binary '','https://media3.coolmate.me/cdn-cgi/image/width=672,height=990,quality=85/uploads/October2023/sao_giu_nhiet_trang_6.jpg',_binary '\0'),(14168,471,1,_binary '\0','https://media3.coolmate.me/cdn-cgi/image/width=672,height=990,quality=85/uploads/November2024/Mickey_Mouse_Club_House_1.1.jpg',_binary '\0'),(14169,468,4,_binary '\0','https://media3.coolmate.me/cdn-cgi/image/width=672,height=990,quality=85/uploads/December2024/ao-phao-nhe-ultrawarm-xam-1.jpg',_binary '\0'),(14171,16,1,_binary '\0','https://media3.coolmate.me/cdn-cgi/image/width=672,height=990,quality=85/uploads/November2024/MouseNap_2.1.jpg',_binary '\0'),(14172,485,1,_binary '\0','https://media3.coolmate.me/cdn-cgi/image/width=672,height=990,quality=85/uploads/December2024/2484CW.DT002_-70-_DEN.jpg',_binary '\0'),(14173,460,1,_binary '','https://media3.coolmate.me/cdn-cgi/image/width=672,height=990,quality=85/uploads/November2024/24CMCW.ST002_-_Den_1.jpg',_binary '\0'),(14174,488,3,_binary '\0','https://media3.coolmate.me/cdn-cgi/image/width=672,height=990,quality=85/uploads/December2024/ao-phao-nhe-ultrawarm-co-mu-xam-1.jpg',_binary '\0'),(14175,471,2,_binary '','https://media3.coolmate.me/cdn-cgi/image/width=672,height=990,quality=85/uploads/February2025/coolmate-x-copper-denim-ao-thun-phoi-jean-trang-1.jpg',_binary '\0'),(14176,423,1,_binary '','https://media3.coolmate.me/cdn-cgi/image/width=672,height=990,quality=85/uploads/December2024/24CMAW.CM001_-_Den_1.jpg',_binary '\0'),(14177,465,3,_binary '\0','https://media3.coolmate.me/cdn-cgi/image/width=672,height=990,quality=85/uploads/December2024/ao-giu-nhiet-ex-warm-lenzing-modal-co-cao-xam-1.jpg',_binary '\0'),(14178,419,1,_binary '','https://media3.coolmate.me/cdn-cgi/image/width=672,height=990,quality=85/uploads/December2024/24CMAW.KM002_-_Den_1.jpg',_binary '\0'),(14180,424,2,_binary '\0','https://media3.coolmate.me/cdn-cgi/image/width=672,height=990,quality=85/uploads/October2024/_ADT.CP_-__Trang2.jpg',_binary '\0'),(14181,495,3,_binary '\0','https://media3.coolmate.me/cdn-cgi/image/width=672,height=990,quality=85/uploads/December2024/ao-giu-nhiet-essential-brush-poly-co-trung-xam-nhat-1.jpg',_binary '\0'),(14183,471,4,_binary '\0','https://media3.coolmate.me/cdn-cgi/image/width=672,height=990,quality=85/uploads/December2024/ao-dai-tay-the-thao-essentials-xam-1.jpg',_binary '\0'),(14185,467,4,_binary '\0','https://media3.coolmate.me/cdn-cgi/image/width=672,height=990,quality=85/uploads/November2024/24CMCW.SM007_-_Xam_3.jpg',_binary '\0'),(14187,413,3,_binary '','https://media3.coolmate.me/cdn-cgi/image/width=672,height=990,quality=85/uploads/November2024/24CMHU.GN001_-_Xam_1.jpg',_binary '\0'),(14188,468,3,_binary '\0','https://media3.coolmate.me/cdn-cgi/image/width=672,height=990,quality=85/uploads/February2025/ao-thun-the-thao-jacquard-seamless-xam-1.jpg',_binary '\0'),(14190,444,3,_binary '\0','https://media3.coolmate.me/cdn-cgi/image/width=672,height=990,quality=85/uploads/August2024/24CMAW.AT030.23.jpg',_binary '\0'),(14191,478,3,_binary '\0','https://media3.coolmate.me/cdn-cgi/image/width=672,height=990,quality=85/uploads/November2024/24CMCW.QD004__Xam_Xanh_1.jpg',_binary '\0'),(14192,411,3,_binary '\0','https://media3.coolmate.me/cdn-cgi/image/width=672,height=990,quality=85/uploads/November2024/24CMAW.KM010_-_Xam_2.jpg',_binary '\0'),(14193,18,1,_binary '','https://media3.coolmate.me/cdn-cgi/image/width=672,height=990,quality=85/uploads/December2024/24CMAW.KM005_-_Den_1.jpg',_binary '\0'),(14194,435,2,_binary '\0','https://media3.coolmate.me/cdn-cgi/image/width=672,height=990,quality=85/uploads/April2024/APL.EC.T.2_18.jpg',_binary '\0'),(14196,423,3,_binary '','https://media3.coolmate.me/cdn-cgi/image/width=672,height=990,quality=85/uploads/November2024/24CMCW.ST002_-_Xam_1.jpg',_binary '\0'),(14197,444,4,_binary '\0','https://media3.coolmate.me/cdn-cgi/image/width=672,height=990,quality=85/uploads/November2023/dt001.gym.10_83.jpg',_binary '\0'),(14199,411,4,_binary '','https://media3.coolmate.me/cdn-cgi/image/width=672,height=990,quality=85/uploads/February2025/ao-thun-the-thao-nam-active-basics-nhanh-kho-ex-dry-xam-dam-1.jpg',_binary '\0'),(14200,454,1,_binary '','https://media3.coolmate.me/cdn-cgi/image/width=672,height=990,quality=85/uploads/December2024/24CMCW.SM012---Den-11_99.jpg',_binary '\0'),(14201,465,2,_binary '\0','https://media3.coolmate.me/cdn-cgi/image/width=672,height=990,quality=85/uploads/June2024/2484SW.AT011.13.jpg',_binary '\0'),(14203,451,2,_binary '','https://media3.coolmate.me/cdn-cgi/image/width=672,height=990,quality=85/uploads/June2024/2484SW.AT010.7.jpg',_binary '\0'),(14205,446,3,_binary '\0','https://media3.coolmate.me/cdn-cgi/image/width=672,height=990,quality=85/uploads/November2023/3dsinglet.1.jpg',_binary '\0'),(14207,441,3,_binary '\0','https://media3.coolmate.me/cdn-cgi/image/width=672,height=990,quality=85/uploads/November2023/_CMM5391.jpg',_binary '\0'),(14209,453,3,_binary '\0','https://media3.coolmate.me/cdn-cgi/image/width=672,height=990,quality=85/uploads/December2024/23CMCW.ST002.2_Xam-D.jpg',_binary '\0'),(14212,490,4,_binary '\0','https://media3.coolmate.me/cdn-cgi/image/width=672,height=990,quality=85/uploads/April2023/Ao_thun_chay_bo_nam_Advanced_Fast__Free_Run12.jpg',_binary '\0'),(14213,478,3,_binary '\0','https://media3.coolmate.me/cdn-cgi/image/width=672,height=990,quality=85/uploads/December2024/ao-polo-nam-cafe-mau-xam-nhat-1.jpg',_binary '\0'),(14214,17,1,_binary '','https://media3.coolmate.me/cdn-cgi/image/width=672,height=990,quality=85/uploads/November2023/dt001.gym.5_50.jpg',_binary '\0'),(14219,476,3,_binary '\0','https://media3.coolmate.me/cdn-cgi/image/width=672,height=990,quality=85/uploads/October2024/ADT.CP_-__Xam-1testtt_(1)_(1)_(1)_(1).jpg',_binary '\0'),(14220,411,4,_binary '\0','https://media3.coolmate.me/cdn-cgi/image/width=672,height=990,quality=85/uploads/April2024/AT.CP.29.jpg',_binary '\0'),(14225,414,2,_binary '','https://media3.coolmate.me/cdn-cgi/image/width=672,height=990,quality=85/uploads/May2022/Cafe_trang_1.jpg',_binary '\0'),(14226,431,4,_binary '','https://media3.coolmate.me/cdn-cgi/image/width=672,height=990,quality=85/uploads/December2024/ao-polo-nam-the-thao-promax-s1-mau-xam-tarmac_(1).jpg',_binary '\0'),(14228,439,2,_binary '','https://media3.coolmate.me/cdn-cgi/image/width=672,height=990,quality=85/uploads/October2024/2484.ULSMV.TSZ706_EVERYDAYVENOM_0046__24_TRANG.jpg',_binary '\0'),(14229,458,1,_binary '\0','https://media3.coolmate.me/cdn-cgi/image/width=672,height=990,quality=85/uploads/April2022/DSC04765-copy.jpg',_binary '\0'),(14230,463,2,_binary '\0','https://media3.coolmate.me/cdn-cgi/image/width=672,height=990,quality=85/uploads/October2024/Starring_Mickey_Mouse_1.1.jpg',_binary '\0'),(14231,483,2,_binary '\0','https://media3.coolmate.me/cdn-cgi/image/width=672,height=990,quality=85/uploads/April2023/shadowAo_thun_oversize__84RISING_logo5.jpg',_binary '\0'),(14232,476,1,_binary '','https://media3.coolmate.me/cdn-cgi/image/width=672,height=990,quality=85/uploads/December2024/ao-dai-tay-the-thao-1699-den_(1).jpg',_binary '\0'),(14233,416,3,_binary '\0','https://media3.coolmate.me/cdn-cgi/image/width=672,height=990,quality=85/uploads/February2025/ASMC_Somi_Cafe_-_12_XAMN.jpg',_binary '\0'),(14235,475,1,_binary '','https://media3.coolmate.me/cdn-cgi/image/width=672,height=990,quality=85/uploads/December2024/ao-thun-nam-the-thao-phoi-bo-co-den_(1).jpg',_binary '\0'),(14236,443,2,_binary '','https://media3.coolmate.me/cdn-cgi/image/width=672,height=990,quality=85/uploads/October2023/CM006.thumb1.2_74.jpg',_binary '\0'),(14237,422,1,_binary '\0','https://media3.coolmate.me/cdn-cgi/image/width=672,height=990,quality=85/uploads/December2024/ao-khoac-2-lop-casual-den_(3).jpg',_binary '\0'),(14240,432,1,_binary '','https://media3.coolmate.me/cdn-cgi/image/width=672,height=990,quality=85/uploads/December2024/ao-hoodie-essential-fleece-den_(1).jpg',_binary '\0'),(14241,434,2,_binary '\0','https://media3.coolmate.me/cdn-cgi/image/width=672,height=990,quality=85/uploads/April2024/AT.CP.220.jpg',_binary '\0'),(14242,427,3,_binary '\0','https://media3.coolmate.me/cdn-cgi/image/width=672,height=990,quality=85/uploads/February2025/24CMCW.KM001_-_19_XAM1.jpg',_binary '\0'),(14243,476,1,_binary '\0','https://media3.coolmate.me/cdn-cgi/image/width=672,height=990,quality=85/uploads/December2024/ao-phao-day-ultrawarm-puffer-den_(11).jpg',_binary '\0'),(14244,416,1,_binary '\0','https://media3.coolmate.me/cdn-cgi/image/width=672,height=990,quality=85/uploads/December2024/ao-phao-nhe-ultrawarm-den-1.jpg',_binary '\0'),(14246,418,2,_binary '\0','https://media3.coolmate.me/cdn-cgi/image/width=672,height=990,quality=85/uploads/March2024/stitchbeach2.jpg',_binary '\0'),(14247,411,2,_binary '','https://media3.coolmate.me/cdn-cgi/image/width=672,height=990,quality=85/uploads/January2024/AT.220.den6.jpg',_binary '\0'),(14248,447,2,_binary '\0','https://media3.coolmate.me/cdn-cgi/image/width=672,height=990,quality=85/uploads/December2024/polo-pique-basic-cotton-104-trang_(3).jpg',_binary '\0'),(14250,499,3,_binary '\0','https://media3.coolmate.me/cdn-cgi/image/width=672,height=990,quality=85/uploads/February2025/24CMCW.KM002_-_19_XAM1.jpg',_binary '\0'),(14251,450,1,_binary '\0','https://media3.coolmate.me/cdn-cgi/image/width=672,height=990,quality=85/uploads/December2024/ao-phao-nhe-ultrawarm-co-mu-den-1.jpg',_binary '\0'),(14252,439,3,_binary '\0','https://media3.coolmate.me/cdn-cgi/image/width=672,height=990,quality=85/uploads/December2024/ao-polo-nam-cafe-essentials-thoang-mat-chong-uv-xam-2.jpg',_binary '\0'),(14255,1,2,_binary '','https://media3.coolmate.me/cdn-cgi/image/width=672,height=990,quality=85/uploads/April2024/ATT.SN.T.ex2_27.jpg',_binary '\0'),(14257,16,4,_binary '\0','https://media3.coolmate.me/cdn-cgi/image/width=672,height=990,quality=85/uploads/June2024/24CMCW.CN003.6_78.jpg',_binary '\0'),(14258,469,2,_binary '\0','https://media3.coolmate.me/cdn-cgi/image/width=672,height=990,quality=85/uploads/March2024/ATT.PM.LGV2.10.jpg',_binary '\0'),(14259,469,3,_binary '','https://media3.coolmate.me/cdn-cgi/image/width=672,height=990,quality=85/uploads/December2024/ao-polo-the-thao-active-premium-thoang-khi-exdry-xam-1.jpg',_binary '\0'),(14260,461,2,_binary '\0','https://media3.coolmate.me/cdn-cgi/image/width=672,height=990,quality=85/uploads/December2024/ao-polo-nam-the-thao-promax-s1-trang-1.png',_binary '\0'),(14262,484,1,_binary '','https://media3.coolmate.me/cdn-cgi/image/width=672,height=990,quality=85/uploads/December2024/ao-giu-nhiet-ex-warm-lenzing-modal-co-cao-den-6.jpg',_binary '\0'),(14263,491,2,_binary '\0','https://media3.coolmate.me/cdn-cgi/image/width=672,height=990,quality=85/uploads/February2025/ASMC_Somi_Cafe_-_2_TRANG.jpg',_binary '\0'),(14264,493,3,_binary '','https://media3.coolmate.me/cdn-cgi/image/width=672,height=990,quality=85/uploads/December2024/ao-polo-the-thao-pro-active-1595-thoang-khi-ex-dry-xam-whiecaps_(2).jpg',_binary '\0'),(14265,431,3,_binary '\0','https://media3.coolmate.me/cdn-cgi/image/width=672,height=990,quality=85/uploads/July2024/xam1.jpg',_binary '\0'),(14267,458,3,_binary '\0','https://media3.coolmate.me/cdn-cgi/image/width=672,height=990,quality=85/uploads/March2024/24CMAW.SL002.11_60.jpg',_binary '\0'),(14268,415,1,_binary '','https://media3.coolmate.me/cdn-cgi/image/width=672,height=990,quality=85/uploads/December2024/ao-giu-nhiet-essential-brush-poly-co-trung-den-1.jpg',_binary '\0'),(14270,457,3,_binary '','https://media3.coolmate.me/cdn-cgi/image/width=672,height=990,quality=85/uploads/October2024/ABL.RN.F.11_62.jpg',_binary '\0'),(14271,486,3,_binary '','https://media3.coolmate.me/cdn-cgi/image/width=672,height=990,quality=85/uploads/March2024/24CMAW.AT014.1_86.jpg',_binary '\0'),(14272,19,2,_binary '\0','https://media3.coolmate.me/cdn-cgi/image/width=672,height=990,quality=85/uploads/May2024/pack3aobalotrg.jpg',_binary '\0'),(14274,457,1,_binary '','https://media3.coolmate.me/cdn-cgi/image/width=672,height=990,quality=85/uploads/December2024/ao-dai-tay-the-thao-essentials-den-1.jpg',_binary '\0'),(14275,505,3,_binary '','https://media3.coolmate.me/cdn-cgi/image/width=672,height=990,quality=85/uploads/December2024/24CMAW.DT003---Xam-1_98.jpg',_binary '\0'),(14277,432,1,_binary '\0','https://media3.coolmate.me/cdn-cgi/image/width=672,height=990,quality=85/uploads/November2024/24CMCW.SM007_-_Den_2.jpg',_binary '\0'),(14278,442,4,_binary '\0','https://media3.coolmate.me/cdn-cgi/image/width=672,height=990,quality=85/uploads/March2024/24CMAW.TT003.23_84.jpg',_binary '\0'),(14279,17,1,_binary '\0','https://media3.coolmate.me/cdn-cgi/image/width=672,height=990,quality=85/uploads/December2024/ao-giu-nhiet-ex-warm-lenzing-modal-co-trung-den-1.jpg',_binary '\0'),(14280,423,1,_binary '\0','https://media3.coolmate.me/cdn-cgi/image/width=672,height=990,quality=85/uploads/November2024/24CMHU.GN001_-_Den_1.jpg',_binary '\0'),(14281,469,1,_binary '','https://media3.coolmate.me/cdn-cgi/image/width=672,height=990,quality=85/uploads/October2024/2484.ULSMV.TSZ707_HEHEHEVENOM_0052_-18_DEN_70.jpg',_binary '\0'),(14282,431,4,_binary '\0','https://media3.coolmate.me/cdn-cgi/image/width=672,height=990,quality=85/uploads/December2024/ao-hoodie-essential-fleece-xam-nhat_(6).jpg',_binary '\0'),(14283,440,3,_binary '\0','https://media3.coolmate.me/cdn-cgi/image/width=672,height=990,quality=85/uploads/December2024/ao-phao-nhe-ultrawarm-xam-1.jpg',_binary '\0'),(14285,428,2,_binary '\0','https://media3.coolmate.me/cdn-cgi/image/width=672,height=990,quality=85/uploads/December2024/ao-polo-the-thao-pro-active-1595-thoang-khi-ex-dry-phoi-mau-trang_(1).jpg',_binary '\0'),(14286,438,1,_binary '\0','https://media3.coolmate.me/cdn-cgi/image/width=672,height=990,quality=85/uploads/February2025/ao-thun-the-thao-jacquard-seamless-den-1_66.jpg',_binary '\0'),(14288,460,2,_binary '\0','https://media3.coolmate.me/cdn-cgi/image/width=672,height=990,quality=85/uploads/December2024/ao-polo-the-thao-pro-active-1595-thoang-khi-ex-dry-trang_(2).jpg',_binary '\0'),(14290,499,2,_binary '','https://media3.coolmate.me/cdn-cgi/image/width=672,height=990,quality=85/uploads/February2022/IMG_5991_copy.jpg',_binary '\0'),(14291,459,3,_binary '','https://media3.coolmate.me/cdn-cgi/image/width=672,height=990,quality=85/uploads/December2024/ao-phao-nhe-ultrawarm-co-mu-xam-1.jpg',_binary '\0'),(14292,445,2,_binary '','https://media3.coolmate.me/cdn-cgi/image/width=672,height=990,quality=85/uploads/February2025/ao-thun-gym-comfort-oversize-mau-trang_(7).jpg',_binary '\0'),(14294,18,1,_binary '\0','https://media3.coolmate.me/cdn-cgi/image/width=672,height=990,quality=85/uploads/October2024/2484.ULSMV.TSZ705__CLASSICVENOM-27_DEN_89.jpg',_binary '\0'),(14295,480,2,_binary '\0','https://media3.coolmate.me/cdn-cgi/image/width=672,height=990,quality=85/uploads/October2024/Mockup_Ao_tran_ao_tot_bunggang_copy_(7).jpg',_binary '\0'),(14296,4,2,_binary '','https://media3.coolmate.me/cdn-cgi/image/width=672,height=990,quality=85/uploads/June2024/24CMCL.AT009.15_18.jpg',_binary '\0'),(14297,19,4,_binary '\0','https://media3.coolmate.me/cdn-cgi/image/width=672,height=990,quality=85/uploads/December2024/ao-giu-nhiet-ex-warm-lenzing-modal-co-cao-xam-1.jpg',_binary '\0'),(14298,414,1,_binary '','https://media3.coolmate.me/cdn-cgi/image/width=672,height=990,quality=85/uploads/July2024/24CMAW.TT011.29_85.jpg',_binary '\0'),(14299,413,1,_binary '','https://media3.coolmate.me/cdn-cgi/image/width=672,height=990,quality=85/uploads/October2024/2484.ULSMV.TSZ700_LETHALPROTECTOR1VENOM_0018_-52_DEN_60.jpg',_binary '\0'),(14300,455,2,_binary '','https://media3.coolmate.me/cdn-cgi/image/width=672,height=990,quality=85/uploads/October2024/2_embe_copy_2_(6).jpg',_binary '\0'),(14301,472,3,_binary '\0','https://media3.coolmate.me/cdn-cgi/image/width=672,height=990,quality=85/uploads/December2024/ao-giu-nhiet-essential-brush-poly-co-trung-xam-nhat-1.jpg',_binary '\0'),(14303,1,1,_binary '\0','https://media3.coolmate.me/cdn-cgi/image/width=672,height=990,quality=85/uploads/October2024/2484.ULSMV.TSZ698_LETSDANCEVENOM_0003_-67_DEN.jpg',_binary '\0'),(14304,417,3,_binary '','https://media3.coolmate.me/cdn-cgi/image/width=672,height=990,quality=85/uploads/December2024/ao-dai-tay-the-thao-essentials-xam-1.jpg',_binary '\0'),(14305,483,2,_binary '\0','https://media3.coolmate.me/cdn-cgi/image/width=672,height=990,quality=85/uploads/September2023/cat_mama-2.jpg',_binary '\0'),(14306,455,4,_binary '\0','https://media3.coolmate.me/cdn-cgi/image/width=672,height=990,quality=85/uploads/November2024/24CMCW.SM007_-_Xam_3.jpg',_binary '\0'),(14307,430,1,_binary '\0','https://media3.coolmate.me/cdn-cgi/image/width=672,height=990,quality=85/uploads/August2024/Ao_Thun_Nam_The_Thao_Coolmate_Basics_-_Den_6_(3).jpg',_binary '\0'),(14308,505,4,_binary '\0','https://media3.coolmate.me/cdn-cgi/image/width=672,height=990,quality=85/uploads/November2024/24CMHU.GN001_-_Xam_1.jpg',_binary '\0'),(14309,411,4,_binary '\0','https://media3.coolmate.me/cdn-cgi/image/width=672,height=990,quality=85/uploads/February2025/ao-thun-the-thao-jacquard-seamless-xam-1.jpg',_binary '\0'),(14311,466,4,_binary '\0','https://media3.coolmate.me/cdn-cgi/image/width=672,height=990,quality=85/uploads/August2024/24CMAW.AT030.23.jpg',_binary '\0'),(14312,424,4,_binary '\0','https://media3.coolmate.me/cdn-cgi/image/width=672,height=990,quality=85/uploads/November2024/24CMCW.QD004__Xam_Xanh_1.jpg',_binary '\0'),(14314,486,1,_binary '','https://media3.coolmate.me/cdn-cgi/image/width=672,height=990,quality=85/uploads/March2024/DSC04870_copy.jpg',_binary '\0'),(14315,420,4,_binary '','https://media3.coolmate.me/cdn-cgi/image/width=672,height=990,quality=85/uploads/November2024/24CMAW.KM010_-_Xam_2.jpg',_binary '\0'),(14317,426,4,_binary '\0','https://media3.coolmate.me/cdn-cgi/image/width=672,height=990,quality=85/uploads/November2024/24CMCW.ST002_-_Xam_1.jpg',_binary '\0'),(14318,436,3,_binary '\0','https://media3.coolmate.me/cdn-cgi/image/width=672,height=990,quality=85/uploads/November2023/dt001.gym.10_83.jpg',_binary '\0'),(14319,503,4,_binary '','https://media3.coolmate.me/cdn-cgi/image/width=672,height=990,quality=85/uploads/February2025/ao-thun-the-thao-nam-active-basics-nhanh-kho-ex-dry-xam-dam-1.jpg',_binary '\0'),(14322,491,3,_binary '\0','https://media3.coolmate.me/cdn-cgi/image/width=672,height=990,quality=85/uploads/November2023/3dsinglet.1.jpg',_binary '\0'),(14323,2,3,_binary '\0','https://media3.coolmate.me/cdn-cgi/image/width=672,height=990,quality=85/uploads/November2023/_CMM5391.jpg',_binary '\0'),(14325,471,2,_binary '\0','https://media3.coolmate.me/cdn-cgi/image/width=672,height=990,quality=85/uploads/October2024/1_Ao_dai_tay_RELAXED_FIT_CARE_SHARE_-_AO_AM_CHO_EM_trang.jpg',_binary '\0'),(14326,432,3,_binary '\0','https://media3.coolmate.me/cdn-cgi/image/width=672,height=990,quality=85/uploads/December2024/23CMCW.ST002.2_Xam-D.jpg',_binary '\0'),(14327,455,3,_binary '\0','https://media3.coolmate.me/cdn-cgi/image/width=672,height=990,quality=85/uploads/April2023/Ao_thun_chay_bo_nam_Advanced_Fast__Free_Run12.jpg',_binary '\0'),(14328,504,2,_binary '\0','https://media3.coolmate.me/cdn-cgi/image/width=672,height=990,quality=85/uploads/October2024/5_Ngoan_(1).jpg',_binary '\0'),(14329,20,1,_binary '','https://media3.coolmate.me/cdn-cgi/image/width=672,height=990,quality=85/uploads/October2024/Legend_Club_3.1.jpg',_binary '\0'),(14330,411,2,_binary '\0','https://media3.coolmate.me/cdn-cgi/image/width=672,height=990,quality=85/uploads/March2024/stitchcaydua21.jpg',_binary '\0'),(14331,448,2,_binary '\0','https://media3.coolmate.me/cdn-cgi/image/width=672,height=990,quality=85/uploads/May2024/watertimi5.jpg',_binary '\0'),(14332,445,1,_binary '\0','https://media3.coolmate.me/cdn-cgi/image/width=672,height=990,quality=85/uploads/August2024/24CMAW.AT024.31.jpg',_binary '\0'),(14334,462,1,_binary '\0','https://media3.coolmate.me/cdn-cgi/image/width=672,height=990,quality=85/uploads/May2024/23CMAW.AT003.fixmau13_94.jpg',_binary '\0'),(14335,459,3,_binary '\0','https://media3.coolmate.me/cdn-cgi/image/width=672,height=990,quality=85/uploads/December2024/ao-polo-nam-cafe-mau-xam-nhat-1.jpg',_binary '\0'),(14336,4,2,_binary '\0','https://media3.coolmate.me/cdn-cgi/image/width=672,height=990,quality=85/uploads/October2024/3_iuembe_2D_2_copy_(4).jpg',_binary '\0'),(14338,499,4,_binary '\0','https://media3.coolmate.me/cdn-cgi/image/width=672,height=990,quality=85/uploads/October2024/ADT.CP_-__Xam-1testtt_(1)_(1)_(1)_(1).jpg',_binary '\0'),(14339,415,1,_binary '\0','https://media3.coolmate.me/cdn-cgi/image/width=672,height=990,quality=85/uploads/November2024/24CMCW.QD004__24CMCW.QD004__Den_1.jpg',_binary '\0'),(14341,484,2,_binary '\0','https://media3.coolmate.me/cdn-cgi/image/width=672,height=990,quality=85/uploads/May2024/firesign3_37.jpg',_binary '\0'),(14342,499,2,_binary '\0','https://media3.coolmate.me/cdn-cgi/image/width=672,height=990,quality=85/uploads/October2024/Mockup_Ao_tran_ao_tot_bunggang_copy_(8).jpg',_binary '\0'),(14345,452,4,_binary '','https://media3.coolmate.me/cdn-cgi/image/width=672,height=990,quality=85/uploads/April2024/AT.CP.29.jpg',_binary '\0'),(14346,498,4,_binary '','https://media3.coolmate.me/cdn-cgi/image/width=672,height=990,quality=85/uploads/December2024/ao-polo-nam-the-thao-promax-s1-mau-xam-tarmac_(1).jpg',_binary '\0'),(14348,467,3,_binary '\0','https://media3.coolmate.me/cdn-cgi/image/width=672,height=990,quality=85/uploads/February2025/ASMC_Somi_Cafe_-_12_XAMN.jpg',_binary '\0'),(14350,504,3,_binary '','https://media3.coolmate.me/cdn-cgi/image/width=672,height=990,quality=85/uploads/February2025/24CMCW.KM001_-_19_XAM1.jpg',_binary '\0'),(14351,491,4,_binary '\0','https://media3.coolmate.me/cdn-cgi/image/width=672,height=990,quality=85/uploads/February2025/24CMCW.KM002_-_19_XAM1.jpg',_binary '\0'),(14352,477,4,_binary '\0','https://media3.coolmate.me/cdn-cgi/image/width=672,height=990,quality=85/uploads/December2024/ao-polo-nam-cafe-essentials-thoang-mat-chong-uv-xam-2.jpg',_binary '\0'),(14353,475,1,_binary '\0','https://media3.coolmate.me/cdn-cgi/image/width=672,height=990,quality=85/uploads/December2024/24CMAW.KM007_-_Den_12.jpg',_binary '\0'),(14354,419,2,_binary '\0','https://media3.coolmate.me/cdn-cgi/image/width=672,height=990,quality=85/uploads/September2023/chubby_corgi_pappa-2.jpg',_binary '\0'),(14355,20,4,_binary '\0','https://media3.coolmate.me/cdn-cgi/image/width=672,height=990,quality=85/uploads/June2024/24CMCW.CN003.6_78.jpg',_binary '\0'),(14356,484,1,_binary '\0','https://media3.coolmate.me/cdn-cgi/image/width=672,height=990,quality=85/uploads/November2024/Mickey_Mouse_Club_House_1.1.jpg',_binary '\0'),(14357,432,1,_binary '\0','https://media3.coolmate.me/cdn-cgi/image/width=672,height=990,quality=85/uploads/November2024/MouseNap_2.1.jpg',_binary '\0'),(14358,480,3,_binary '\0','https://media3.coolmate.me/cdn-cgi/image/width=672,height=990,quality=85/uploads/December2024/ao-polo-the-thao-active-premium-thoang-khi-exdry-xam-1.jpg',_binary '\0'),(14359,426,3,_binary '','https://media3.coolmate.me/cdn-cgi/image/width=672,height=990,quality=85/uploads/December2024/ao-polo-the-thao-pro-active-1595-thoang-khi-ex-dry-xam-whiecaps_(2).jpg',_binary '\0'),(14360,465,1,_binary '\0','https://media3.coolmate.me/cdn-cgi/image/width=672,height=990,quality=85/uploads/December2024/2484CW.DT002_-70-_DEN.jpg',_binary '\0'),(14362,432,3,_binary '\0','https://media3.coolmate.me/cdn-cgi/image/width=672,height=990,quality=85/uploads/July2024/xam1.jpg',_binary '\0'),(14363,469,1,_binary '\0','https://media3.coolmate.me/cdn-cgi/image/width=672,height=990,quality=85/uploads/November2024/24CMCW.ST002_-_Den_1.jpg',_binary '\0'),(14364,479,4,_binary '','https://media3.coolmate.me/cdn-cgi/image/width=672,height=990,quality=85/uploads/March2024/24CMAW.SL002.11_60.jpg',_binary '\0'),(14365,495,4,_binary '\0','https://media3.coolmate.me/cdn-cgi/image/width=672,height=990,quality=85/uploads/October2024/ABL.RN.F.11_62.jpg',_binary '\0'),(14366,17,3,_binary '','https://media3.coolmate.me/cdn-cgi/image/width=672,height=990,quality=85/uploads/March2024/24CMAW.AT014.1_86.jpg',_binary '\0'),(14367,431,4,_binary '\0','https://media3.coolmate.me/cdn-cgi/image/width=672,height=990,quality=85/uploads/December2024/24CMAW.DT003---Xam-1_98.jpg',_binary '\0'),(14369,477,2,_binary '','https://media3.coolmate.me/cdn-cgi/image/width=672,height=990,quality=85/uploads/October2024/5_Ao_dai_tay_RELAXED_FIT_CARE_SHARE_-_AO_AM_CHO_EM_-_NGOAN_XINH_IU.jpg',_binary '\0'),(14370,504,3,_binary '\0','https://media3.coolmate.me/cdn-cgi/image/width=672,height=990,quality=85/uploads/March2024/24CMAW.TT003.23_84.jpg',_binary '\0'),(14371,18,1,_binary '\0','https://media3.coolmate.me/cdn-cgi/image/width=672,height=990,quality=85/uploads/December2024/24CMAW.CM001_-_Den_1.jpg',_binary '\0'),(14372,500,2,_binary '','https://media3.coolmate.me/cdn-cgi/image/width=672,height=990,quality=85/uploads/September2023/happy_cat-2.jpg',_binary '\0'),(14373,464,1,_binary '\0','https://media3.coolmate.me/cdn-cgi/image/width=672,height=990,quality=85/uploads/December2024/24CMAW.KM002_-_Den_1.jpg',_binary '\0'),(14374,459,3,_binary '\0','https://media3.coolmate.me/cdn-cgi/image/width=672,height=990,quality=85/uploads/December2024/ao-hoodie-essential-fleece-xam-nhat_(6).jpg',_binary '\0'),(14375,4,2,_binary '\0','https://media3.coolmate.me/cdn-cgi/image/width=672,height=990,quality=85/uploads/October2024/1_AACE_copy_(2).jpg',_binary '\0'),(14376,436,2,_binary '\0','https://media3.coolmate.me/cdn-cgi/image/width=672,height=990,quality=85/uploads/February2025/ao-thun-care-share-mau-trang_(1).jpg',_binary '\0'),(14377,469,4,_binary '','https://media3.coolmate.me/cdn-cgi/image/width=672,height=990,quality=85/uploads/December2024/ao-phao-nhe-ultrawarm-xam-1.jpg',_binary '\0'),(14378,417,3,_binary '\0','https://media3.coolmate.me/cdn-cgi/image/width=672,height=990,quality=85/uploads/December2024/ao-phao-nhe-ultrawarm-co-mu-xam-1.jpg',_binary '\0'),(14380,436,1,_binary '\0','https://media3.coolmate.me/cdn-cgi/image/width=672,height=990,quality=85/uploads/December2024/24CMAW.KM005_-_Den_1.jpg',_binary '\0'),(14382,17,1,_binary '\0','https://media3.coolmate.me/cdn-cgi/image/width=672,height=990,quality=85/uploads/December2024/24CMCW.SM012---Den-11_99.jpg',_binary '\0'),(14383,443,3,_binary '\0','https://media3.coolmate.me/cdn-cgi/image/width=672,height=990,quality=85/uploads/December2024/ao-giu-nhiet-ex-warm-lenzing-modal-co-cao-xam-1.jpg',_binary '\0'),(14385,500,1,_binary '\0','https://media3.coolmate.me/cdn-cgi/image/width=672,height=990,quality=85/uploads/November2023/dt001.gym.5_50.jpg',_binary '\0'),(14386,437,4,_binary '','https://media3.coolmate.me/cdn-cgi/image/width=672,height=990,quality=85/uploads/December2024/ao-giu-nhiet-essential-brush-poly-co-trung-xam-nhat-1.jpg',_binary '\0'),(14387,492,1,_binary '\0','https://media3.coolmate.me/cdn-cgi/image/width=672,height=990,quality=85/uploads/April2022/DSC04765-copy.jpg',_binary '\0'),(14388,3,3,_binary '\0','https://media3.coolmate.me/cdn-cgi/image/width=672,height=990,quality=85/uploads/December2024/ao-dai-tay-the-thao-essentials-xam-1.jpg',_binary '\0'),(14389,469,3,_binary '\0','https://media3.coolmate.me/cdn-cgi/image/width=672,height=990,quality=85/uploads/November2024/24CMCW.SM007_-_Xam_3.jpg',_binary '\0'),(14390,483,4,_binary '\0','https://media3.coolmate.me/cdn-cgi/image/width=672,height=990,quality=85/uploads/November2024/24CMHU.GN001_-_Xam_1.jpg',_binary '\0'),(14391,502,1,_binary '\0','https://media3.coolmate.me/cdn-cgi/image/width=672,height=990,quality=85/uploads/December2024/ao-dai-tay-the-thao-1699-den_(1).jpg',_binary '\0'),(14393,505,3,_binary '\0','https://media3.coolmate.me/cdn-cgi/image/width=672,height=990,quality=85/uploads/February2025/ao-thun-the-thao-jacquard-seamless-xam-1.jpg',_binary '\0'),(14394,425,4,_binary '\0','https://media3.coolmate.me/cdn-cgi/image/width=672,height=990,quality=85/uploads/August2024/24CMAW.AT030.23.jpg',_binary '\0'),(14395,482,1,_binary '\0','https://media3.coolmate.me/cdn-cgi/image/width=672,height=990,quality=85/uploads/December2024/ao-thun-nam-the-thao-phoi-bo-co-den_(1).jpg',_binary '\0'),(14396,481,4,_binary '','https://media3.coolmate.me/cdn-cgi/image/width=672,height=990,quality=85/uploads/November2024/24CMCW.QD004__Xam_Xanh_1.jpg',_binary '\0'),(14398,412,3,_binary '\0','https://media3.coolmate.me/cdn-cgi/image/width=672,height=990,quality=85/uploads/November2024/24CMAW.KM010_-_Xam_2.jpg',_binary '\0'),(14399,496,4,_binary '\0','https://media3.coolmate.me/cdn-cgi/image/width=672,height=990,quality=85/uploads/November2024/24CMCW.ST002_-_Xam_1.jpg',_binary '\0'),(14400,488,4,_binary '','https://media3.coolmate.me/cdn-cgi/image/width=672,height=990,quality=85/uploads/November2023/dt001.gym.10_83.jpg',_binary '\0'),(14401,438,1,_binary '\0','https://media3.coolmate.me/cdn-cgi/image/width=672,height=990,quality=85/uploads/December2024/ao-khoac-2-lop-casual-den_(3).jpg',_binary '\0'),(14402,449,4,_binary '\0','https://media3.coolmate.me/cdn-cgi/image/width=672,height=990,quality=85/uploads/February2025/ao-thun-the-thao-nam-active-basics-nhanh-kho-ex-dry-xam-dam-1.jpg',_binary '\0'),(14404,420,4,_binary '\0','https://media3.coolmate.me/cdn-cgi/image/width=672,height=990,quality=85/uploads/November2023/3dsinglet.1.jpg',_binary '\0'),(14405,411,2,_binary '\0','https://media3.coolmate.me/cdn-cgi/image/width=672,height=990,quality=85/uploads/June2024/24CMAW.AT017.1_65.jpg',_binary '\0'),(14406,474,4,_binary '','https://media3.coolmate.me/cdn-cgi/image/width=672,height=990,quality=85/uploads/November2023/_CMM5391.jpg',_binary '\0'),(14407,461,4,_binary '\0','https://media3.coolmate.me/cdn-cgi/image/width=672,height=990,quality=85/uploads/December2024/23CMCW.ST002.2_Xam-D.jpg',_binary '\0'),(14408,471,4,_binary '\0','https://media3.coolmate.me/cdn-cgi/image/width=672,height=990,quality=85/uploads/April2023/Ao_thun_chay_bo_nam_Advanced_Fast__Free_Run12.jpg',_binary '\0'),(14409,472,2,_binary '\0','https://media3.coolmate.me/cdn-cgi/image/width=672,height=990,quality=85/uploads/September2023/chubby_corgi--2.jpg',_binary '\0'),(14411,425,1,_binary '\0','https://media3.coolmate.me/cdn-cgi/image/width=672,height=990,quality=85/uploads/December2024/ao-hoodie-essential-fleece-den_(1).jpg',_binary '\0'),(14412,478,1,_binary '\0','https://media3.coolmate.me/cdn-cgi/image/width=672,height=990,quality=85/uploads/December2024/ao-phao-day-ultrawarm-puffer-den_(11).jpg',_binary '\0'),(14413,481,4,_binary '\0','https://media3.coolmate.me/cdn-cgi/image/width=672,height=990,quality=85/uploads/December2024/ao-polo-nam-cafe-mau-xam-nhat-1.jpg',_binary '\0'),(14414,484,2,_binary '\0','https://media3.coolmate.me/cdn-cgi/image/width=672,height=990,quality=85/uploads/January2024/conheo2.jpg',_binary '\0'),(14416,461,1,_binary '\0','https://media3.coolmate.me/cdn-cgi/image/width=672,height=990,quality=85/uploads/December2024/ao-phao-nhe-ultrawarm-den-1.jpg',_binary '\0'),(14417,475,3,_binary '','https://media3.coolmate.me/cdn-cgi/image/width=672,height=990,quality=85/uploads/October2024/ADT.CP_-__Xam-1testtt_(1)_(1)_(1)_(1).jpg',_binary '\0'),(14418,455,2,_binary '\0','https://media3.coolmate.me/cdn-cgi/image/width=672,height=990,quality=85/uploads/January2024/concho1.jpg',_binary '\0'),(14419,475,4,_binary '\0','https://media3.coolmate.me/cdn-cgi/image/width=672,height=990,quality=85/uploads/April2024/AT.CP.29.jpg',_binary '\0'),(14420,469,3,_binary '\0','https://media3.coolmate.me/cdn-cgi/image/width=672,height=990,quality=85/uploads/December2024/ao-polo-nam-the-thao-promax-s1-mau-xam-tarmac_(1).jpg',_binary '\0'),(14422,429,2,_binary '','https://media3.coolmate.me/cdn-cgi/image/width=672,height=990,quality=85/uploads/May2024/earthsing6_92.jpg',_binary '\0'),(14423,455,1,_binary '\0','https://media3.coolmate.me/cdn-cgi/image/width=672,height=990,quality=85/uploads/December2024/ao-phao-nhe-ultrawarm-co-mu-den-1.jpg',_binary '\0'),(14424,448,2,_binary '\0','https://media3.coolmate.me/cdn-cgi/image/width=672,height=990,quality=85/uploads/January2024/consuu.3_27.jpg',_binary '\0'),(14427,443,3,_binary '\0','https://media3.coolmate.me/cdn-cgi/image/width=672,height=990,quality=85/uploads/February2025/ASMC_Somi_Cafe_-_12_XAMN.jpg',_binary '\0'),(14428,421,1,_binary '','https://media3.coolmate.me/cdn-cgi/image/width=672,height=990,quality=85/uploads/December2024/ao-giu-nhiet-ex-warm-lenzing-modal-co-cao-den-6.jpg',_binary '\0'),(14429,446,4,_binary '','https://media3.coolmate.me/cdn-cgi/image/width=672,height=990,quality=85/uploads/February2025/24CMCW.KM001_-_19_XAM1.jpg',_binary '\0'),(14430,490,1,_binary '\0','https://media3.coolmate.me/cdn-cgi/image/width=672,height=990,quality=85/uploads/December2024/ao-giu-nhiet-essential-brush-poly-co-trung-den-1.jpg',_binary '\0'),(14433,504,2,_binary '\0','https://media3.coolmate.me/cdn-cgi/image/width=672,height=990,quality=85/uploads/January2024/conmeo2.jpg',_binary '\0'),(14434,436,3,_binary '\0','https://media3.coolmate.me/cdn-cgi/image/width=672,height=990,quality=85/uploads/February2025/24CMCW.KM002_-_19_XAM1.jpg',_binary '\0'),(14436,424,2,_binary '\0','https://media3.coolmate.me/cdn-cgi/image/width=672,height=990,quality=85/uploads/January2024/conho1.jpg',_binary '\0'),(14437,19,3,_binary '\0','https://media3.coolmate.me/cdn-cgi/image/width=672,height=990,quality=85/uploads/December2024/ao-polo-nam-cafe-essentials-thoang-mat-chong-uv-xam-2.jpg',_binary '\0'),(14439,452,2,_binary '','https://media3.coolmate.me/cdn-cgi/image/width=672,height=990,quality=85/uploads/February2023/2a0C_S_T-SHIRT_VALENTINE-03.jpg',_binary '\0'),(14441,415,4,_binary '\0','https://media3.coolmate.me/cdn-cgi/image/width=672,height=990,quality=85/uploads/June2024/24CMCW.CN003.6_78.jpg',_binary '\0'),(14442,3,1,_binary '','https://media3.coolmate.me/cdn-cgi/image/width=672,height=990,quality=85/uploads/December2024/ao-dai-tay-the-thao-essentials-den-1.jpg',_binary '\0'),(14443,458,2,_binary '\0','https://media3.coolmate.me/cdn-cgi/image/width=672,height=990,quality=85/uploads/October2024/7_IMG_5162_(1).jpg',_binary '\0'),(14444,414,3,_binary '\0','https://media3.coolmate.me/cdn-cgi/image/width=672,height=990,quality=85/uploads/December2024/ao-polo-the-thao-active-premium-thoang-khi-exdry-xam-1.jpg',_binary '\0'),(14445,437,2,_binary '\0','https://media3.coolmate.me/cdn-cgi/image/width=672,height=990,quality=85/uploads/January2024/24CSCS.AT0011_95.jpg',_binary '\0'),(14446,492,4,_binary '','https://media3.coolmate.me/cdn-cgi/image/width=672,height=990,quality=85/uploads/December2024/ao-polo-the-thao-pro-active-1595-thoang-khi-ex-dry-xam-whiecaps_(2).jpg',_binary '\0'),(14447,502,3,_binary '\0','https://media3.coolmate.me/cdn-cgi/image/width=672,height=990,quality=85/uploads/July2024/xam1.jpg',_binary '\0'),(14448,486,2,_binary '\0','https://media3.coolmate.me/cdn-cgi/image/width=672,height=990,quality=85/uploads/September2023/trung_thu-2.jpg',_binary '\0'),(14449,412,2,_binary '\0','https://media3.coolmate.me/cdn-cgi/image/width=672,height=990,quality=85/uploads/January2024/conngua2.jpg',_binary '\0'),(14451,414,2,_binary '\0','https://media3.coolmate.me/cdn-cgi/image/width=672,height=990,quality=85/uploads/January2024/conga3_93.jpg',_binary '\0'),(14452,500,2,_binary '\0','https://media3.coolmate.me/cdn-cgi/image/width=672,height=990,quality=85/uploads/January2024/conti.2.jpg',_binary '\0'),(14453,4,4,_binary '\0','https://media3.coolmate.me/cdn-cgi/image/width=672,height=990,quality=85/uploads/March2024/24CMAW.SL002.11_60.jpg',_binary '\0'),(14454,467,3,_binary '\0','https://media3.coolmate.me/cdn-cgi/image/width=672,height=990,quality=85/uploads/October2024/ABL.RN.F.11_62.jpg',_binary '\0'),(14455,432,3,_binary '\0','https://media3.coolmate.me/cdn-cgi/image/width=672,height=990,quality=85/uploads/March2024/24CMAW.AT014.1_86.jpg',_binary '\0'),(14456,446,3,_binary '\0','https://media3.coolmate.me/cdn-cgi/image/width=672,height=990,quality=85/uploads/December2024/24CMAW.DT003---Xam-1_98.jpg',_binary '\0'),(14458,503,1,_binary '\0','https://media3.coolmate.me/cdn-cgi/image/width=672,height=990,quality=85/uploads/November2024/24CMCW.SM007_-_Den_2.jpg',_binary '\0'),(14459,419,4,_binary '','https://media3.coolmate.me/cdn-cgi/image/width=672,height=990,quality=85/uploads/March2024/24CMAW.TT003.23_84.jpg',_binary '\0'),(14460,489,2,_binary '\0','https://media3.coolmate.me/cdn-cgi/image/width=672,height=990,quality=85/uploads/January2024/conkhi2_71.jpg',_binary '\0'),(14461,437,1,_binary '\0','https://media3.coolmate.me/cdn-cgi/image/width=672,height=990,quality=85/uploads/December2024/ao-giu-nhiet-ex-warm-lenzing-modal-co-trung-den-1.jpg',_binary '\0'),(14462,477,3,_binary '','https://media3.coolmate.me/cdn-cgi/image/width=672,height=990,quality=85/uploads/December2024/ao-hoodie-essential-fleece-xam-nhat_(6).jpg',_binary '\0'),(14464,466,4,_binary '\0','https://media3.coolmate.me/cdn-cgi/image/width=672,height=990,quality=85/uploads/December2024/ao-phao-nhe-ultrawarm-xam-1.jpg',_binary '\0'),(14465,429,3,_binary '\0','https://media3.coolmate.me/cdn-cgi/image/width=672,height=990,quality=85/uploads/December2024/ao-phao-nhe-ultrawarm-co-mu-xam-1.jpg',_binary '\0'),(14466,3,1,_binary '\0','https://media3.coolmate.me/cdn-cgi/image/width=672,height=990,quality=85/uploads/November2024/24CMHU.GN001_-_Den_1.jpg',_binary '\0'),(14467,472,4,_binary '','https://media3.coolmate.me/cdn-cgi/image/width=672,height=990,quality=85/uploads/December2024/ao-giu-nhiet-ex-warm-lenzing-modal-co-cao-xam-1.jpg',_binary '\0'),(14470,495,3,_binary '\0','https://media3.coolmate.me/cdn-cgi/image/width=672,height=990,quality=85/uploads/December2024/ao-giu-nhiet-essential-brush-poly-co-trung-xam-nhat-1.jpg',_binary '\0'),(14471,462,1,_binary '\0','https://media3.coolmate.me/cdn-cgi/image/width=672,height=990,quality=85/uploads/October2024/2484.ULSMV.TSZ707_HEHEHEVENOM_0052_-18_DEN_70.jpg',_binary '\0'),(14472,459,2,_binary '\0','https://media3.coolmate.me/cdn-cgi/image/width=672,height=990,quality=85/uploads/December2024/ao-dai-tay-the-thao-1699-trang_(3).jpg',_binary '\0'),(14473,496,4,_binary '\0','https://media3.coolmate.me/cdn-cgi/image/width=672,height=990,quality=85/uploads/December2024/ao-dai-tay-the-thao-essentials-xam-1.jpg',_binary '\0'),(14475,413,3,_binary '\0','https://media3.coolmate.me/cdn-cgi/image/width=672,height=990,quality=85/uploads/November2024/24CMCW.SM007_-_Xam_3.jpg',_binary '\0'),(14476,439,2,_binary '\0','https://media3.coolmate.me/cdn-cgi/image/width=672,height=990,quality=85/uploads/December2024/ao-giu-nhiet-ex-warm-lenzing-modal-co-cao-trang-1.jpg',_binary '\0'),(14477,485,4,_binary '','https://media3.coolmate.me/cdn-cgi/image/width=672,height=990,quality=85/uploads/November2024/24CMHU.GN001_-_Xam_1.jpg',_binary '\0'),(14478,466,2,_binary '','https://media3.coolmate.me/cdn-cgi/image/width=672,height=990,quality=85/uploads/December2024/ao-dai-tay-the-thao-essentials-trang-1.jpg',_binary '\0'),(14479,20,1,_binary '\0','https://media3.coolmate.me/cdn-cgi/image/width=672,height=990,quality=85/uploads/February2025/ao-thun-the-thao-jacquard-seamless-den-1_66.jpg',_binary '\0'),(14480,436,4,_binary '\0','https://media3.coolmate.me/cdn-cgi/image/width=672,height=990,quality=85/uploads/February2025/ao-thun-the-thao-jacquard-seamless-xam-1.jpg',_binary '\0'),(14481,435,3,_binary '\0','https://media3.coolmate.me/cdn-cgi/image/width=672,height=990,quality=85/uploads/August2024/24CMAW.AT030.23.jpg',_binary '\0'),(14482,504,2,_binary '\0','https://media3.coolmate.me/cdn-cgi/image/width=672,height=990,quality=85/uploads/November2024/24CMCW.SM007_-_Trang_1.jpg',_binary '\0'),(14483,494,4,_binary '','https://media3.coolmate.me/cdn-cgi/image/width=672,height=990,quality=85/uploads/November2024/24CMCW.QD004__Xam_Xanh_1.jpg',_binary '\0'),(14484,454,1,_binary '\0','https://media3.coolmate.me/cdn-cgi/image/width=672,height=990,quality=85/uploads/October2024/2484.ULSMV.TSZ705__CLASSICVENOM-27_DEN_89.jpg',_binary '\0'),(14486,505,2,_binary '','https://media3.coolmate.me/cdn-cgi/image/width=672,height=990,quality=85/uploads/December2024/ao-giu-nhiet-ex-warm-lenzing-modal-co-trung-trang-1.jpg',_binary '\0'),(14487,487,4,_binary '\0','https://media3.coolmate.me/cdn-cgi/image/width=672,height=990,quality=85/uploads/November2024/24CMAW.KM010_-_Xam_2.jpg',_binary '\0'),(14488,426,4,_binary '\0','https://media3.coolmate.me/cdn-cgi/image/width=672,height=990,quality=85/uploads/November2024/24CMCW.ST002_-_Xam_1.jpg',_binary '\0'),(14489,446,3,_binary '\0','https://media3.coolmate.me/cdn-cgi/image/width=672,height=990,quality=85/uploads/November2023/dt001.gym.10_83.jpg',_binary '\0'),(14490,500,2,_binary '\0','https://media3.coolmate.me/cdn-cgi/image/width=672,height=990,quality=85/uploads/October2024/2484.ULSMV.TSZ707_HEHEHEVENOM_0058_-12_TRANG_57.jpg',_binary '\0'),(14491,438,4,_binary '\0','https://media3.coolmate.me/cdn-cgi/image/width=672,height=990,quality=85/uploads/February2025/ao-thun-the-thao-nam-active-basics-nhanh-kho-ex-dry-xam-dam-1.jpg',_binary '\0'),(14492,440,1,_binary '','https://media3.coolmate.me/cdn-cgi/image/width=672,height=990,quality=85/uploads/July2024/24CMAW.TT011.29_85.jpg',_binary '\0'),(14493,435,1,_binary '\0','https://media3.coolmate.me/cdn-cgi/image/width=672,height=990,quality=85/uploads/October2024/2484.ULSMV.TSZ700_LETHALPROTECTOR1VENOM_0018_-52_DEN_60.jpg',_binary '\0'),(14495,424,1,_binary '\0','https://media3.coolmate.me/cdn-cgi/image/width=672,height=990,quality=85/uploads/October2024/2484.ULSMV.TSZ698_LETSDANCEVENOM_0003_-67_DEN.jpg',_binary '\0'),(14496,437,1,_binary '\0','https://media3.coolmate.me/cdn-cgi/image/width=672,height=990,quality=85/uploads/August2024/Ao_Thun_Nam_The_Thao_Coolmate_Basics_-_Den_6_(3).jpg',_binary '\0'),(14497,419,1,_binary '\0','https://media3.coolmate.me/cdn-cgi/image/width=672,height=990,quality=85/uploads/March2024/DSC04870_copy.jpg',_binary '\0'),(14498,428,4,_binary '\0','https://media3.coolmate.me/cdn-cgi/image/width=672,height=990,quality=85/uploads/November2023/3dsinglet.1.jpg',_binary '\0'),(14499,491,4,_binary '\0','https://media3.coolmate.me/cdn-cgi/image/width=672,height=990,quality=85/uploads/November2023/_CMM5391.jpg',_binary '\0'),(14500,420,1,_binary '','https://media3.coolmate.me/cdn-cgi/image/width=672,height=990,quality=85/uploads/October2024/Legend_Club_3.1.jpg',_binary '\0'),(14501,428,3,_binary '','https://media3.coolmate.me/cdn-cgi/image/width=672,height=990,quality=85/uploads/December2024/23CMCW.ST002.2_Xam-D.jpg',_binary '\0'),(14502,462,3,_binary '\0','https://media3.coolmate.me/cdn-cgi/image/width=672,height=990,quality=85/uploads/April2023/Ao_thun_chay_bo_nam_Advanced_Fast__Free_Run12.jpg',_binary '\0'),(14503,487,1,_binary '','https://media3.coolmate.me/cdn-cgi/image/width=672,height=990,quality=85/uploads/August2024/24CMAW.AT024.31.jpg',_binary '\0'),(14504,420,4,_binary '\0','https://media3.coolmate.me/cdn-cgi/image/width=672,height=990,quality=85/uploads/December2024/ao-polo-nam-cafe-mau-xam-nhat-1.jpg',_binary '\0'),(14505,438,2,_binary '\0','https://media3.coolmate.me/cdn-cgi/image/width=672,height=990,quality=85/uploads/October2024/2484.ULSMV.TSZ702_VENOM_0028_-42_TRANG_57.jpg',_binary '\0'),(14506,495,1,_binary '\0','https://media3.coolmate.me/cdn-cgi/image/width=672,height=990,quality=85/uploads/May2024/23CMAW.AT003.fixmau13_94.jpg',_binary '\0'),(14507,438,3,_binary '','https://media3.coolmate.me/cdn-cgi/image/width=672,height=990,quality=85/uploads/October2024/ADT.CP_-__Xam-1testtt_(1)_(1)_(1)_(1).jpg',_binary '\0'),(14508,485,1,_binary '\0','https://media3.coolmate.me/cdn-cgi/image/width=672,height=990,quality=85/uploads/November2024/24CMCW.QD004__24CMCW.QD004__Den_1.jpg',_binary '\0'),(14509,477,1,_binary '\0','https://media3.coolmate.me/cdn-cgi/image/width=672,height=990,quality=85/uploads/December2024/24CMAW.KM007_-_Den_12.jpg',_binary '\0'),(14510,443,4,_binary '\0','https://media3.coolmate.me/cdn-cgi/image/width=672,height=990,quality=85/uploads/April2024/AT.CP.29.jpg',_binary '\0'),(14511,481,1,_binary '\0','https://media3.coolmate.me/cdn-cgi/image/width=672,height=990,quality=85/uploads/November2024/Mickey_Mouse_Club_House_1.1.jpg',_binary '\0'),(14512,452,2,_binary '\0','https://media3.coolmate.me/cdn-cgi/image/width=672,height=990,quality=85/uploads/October2024/2484.ULSMV.TSZ702_VENOM_0028_-42_TRANG_71.jpg',_binary '\0'),(14513,468,1,_binary '\0','https://media3.coolmate.me/cdn-cgi/image/width=672,height=990,quality=85/uploads/November2024/MouseNap_2.1.jpg',_binary '\0'),(14514,462,2,_binary '\0','https://media3.coolmate.me/cdn-cgi/image/width=672,height=990,quality=85/uploads/October2024/2484.ULSMV.TSZ701_WEAREVENOM_0023_-47_TRANG_25.jpg',_binary '\0'),(14515,481,2,_binary '\0','https://media3.coolmate.me/cdn-cgi/image/width=672,height=990,quality=85/uploads/October2024/2484.ULSMV.TSZ698_LETSDANCEVENOM_0008_-62_TRANG.jpg',_binary '\0'),(14516,447,3,_binary '','https://media3.coolmate.me/cdn-cgi/image/width=672,height=990,quality=85/uploads/December2024/ao-polo-nam-the-thao-promax-s1-mau-xam-tarmac_(1).jpg',_binary '\0'),(14517,448,1,_binary '\0','https://media3.coolmate.me/cdn-cgi/image/width=672,height=990,quality=85/uploads/December2024/2484CW.DT002_-70-_DEN.jpg',_binary '\0'),(14518,450,3,_binary '\0','https://media3.coolmate.me/cdn-cgi/image/width=672,height=990,quality=85/uploads/February2025/ASMC_Somi_Cafe_-_12_XAMN.jpg',_binary '\0'),(14519,503,4,_binary '\0','https://media3.coolmate.me/cdn-cgi/image/width=672,height=990,quality=85/uploads/February2025/24CMCW.KM001_-_19_XAM1.jpg',_binary '\0'),(14521,486,1,_binary '\0','https://media3.coolmate.me/cdn-cgi/image/width=672,height=990,quality=85/uploads/November2024/24CMCW.ST002_-_Den_1.jpg',_binary '\0'),(14522,429,4,_binary '\0','https://media3.coolmate.me/cdn-cgi/image/width=672,height=990,quality=85/uploads/February2025/24CMCW.KM002_-_19_XAM1.jpg',_binary '\0'),(14523,472,1,_binary '\0','https://media3.coolmate.me/cdn-cgi/image/width=672,height=990,quality=85/uploads/December2024/24CMAW.CM001_-_Den_1.jpg',_binary '\0'),(14524,455,3,_binary '\0','https://media3.coolmate.me/cdn-cgi/image/width=672,height=990,quality=85/uploads/December2024/ao-polo-nam-cafe-essentials-thoang-mat-chong-uv-xam-2.jpg',_binary '\0'),(14526,472,2,_binary '\0','https://media3.coolmate.me/cdn-cgi/image/width=672,height=990,quality=85/uploads/July2024/Dobby_7.jpg',_binary '\0'),(14527,417,3,_binary '\0','https://media3.coolmate.me/cdn-cgi/image/width=672,height=990,quality=85/uploads/June2024/24CMCW.CN003.6_78.jpg',_binary '\0'),(14528,451,4,_binary '','https://media3.coolmate.me/cdn-cgi/image/width=672,height=990,quality=85/uploads/December2024/ao-polo-the-thao-active-premium-thoang-khi-exdry-xam-1.jpg',_binary '\0'),(14529,469,4,_binary '\0','https://media3.coolmate.me/cdn-cgi/image/width=672,height=990,quality=85/uploads/December2024/ao-polo-the-thao-pro-active-1595-thoang-khi-ex-dry-xam-whiecaps_(2).jpg',_binary '\0'),(14530,434,4,_binary '\0','https://media3.coolmate.me/cdn-cgi/image/width=672,height=990,quality=85/uploads/July2024/xam1.jpg',_binary '\0'),(14531,443,1,_binary '\0','https://media3.coolmate.me/cdn-cgi/image/width=672,height=990,quality=85/uploads/December2024/24CMAW.KM002_-_Den_1.jpg',_binary '\0'),(14532,461,3,_binary '','https://media3.coolmate.me/cdn-cgi/image/width=672,height=990,quality=85/uploads/March2024/24CMAW.SL002.11_60.jpg',_binary '\0'),(14534,426,3,_binary '\0','https://media3.coolmate.me/cdn-cgi/image/width=672,height=990,quality=85/uploads/October2024/ABL.RN.F.11_62.jpg',_binary '\0'),(14535,20,4,_binary '\0','https://media3.coolmate.me/cdn-cgi/image/width=672,height=990,quality=85/uploads/March2024/24CMAW.AT014.1_86.jpg',_binary '\0'),(14536,419,4,_binary '\0','https://media3.coolmate.me/cdn-cgi/image/width=672,height=990,quality=85/uploads/December2024/24CMAW.DT003---Xam-1_98.jpg',_binary '\0'),(14537,493,3,_binary '\0','https://media3.coolmate.me/cdn-cgi/image/width=672,height=990,quality=85/uploads/March2024/24CMAW.TT003.23_84.jpg',_binary '\0'),(14538,428,3,_binary '\0','https://media3.coolmate.me/cdn-cgi/image/width=672,height=990,quality=85/uploads/December2024/ao-hoodie-essential-fleece-xam-nhat_(6).jpg',_binary '\0'),(14540,437,3,_binary '\0','https://media3.coolmate.me/cdn-cgi/image/width=672,height=990,quality=85/uploads/December2024/ao-phao-nhe-ultrawarm-xam-1.jpg',_binary '\0'),(14541,464,4,_binary '\0','https://media3.coolmate.me/cdn-cgi/image/width=672,height=990,quality=85/uploads/December2024/ao-phao-nhe-ultrawarm-co-mu-xam-1.jpg',_binary '\0'),(14542,418,1,_binary '\0','https://media3.coolmate.me/cdn-cgi/image/width=672,height=990,quality=85/uploads/December2024/24CMAW.KM005_-_Den_1.jpg',_binary '\0'),(14543,497,4,_binary '\0','https://media3.coolmate.me/cdn-cgi/image/width=672,height=990,quality=85/uploads/December2024/ao-giu-nhiet-ex-warm-lenzing-modal-co-cao-xam-1.jpg',_binary '\0'),(14544,490,1,_binary '\0','https://media3.coolmate.me/cdn-cgi/image/width=672,height=990,quality=85/uploads/December2024/24CMCW.SM012---Den-11_99.jpg',_binary '\0'),(14545,484,3,_binary '\0','https://media3.coolmate.me/cdn-cgi/image/width=672,height=990,quality=85/uploads/December2024/ao-giu-nhiet-essential-brush-poly-co-trung-xam-nhat-1.jpg',_binary '\0'),(14547,466,2,_binary '\0','https://media3.coolmate.me/cdn-cgi/image/width=672,height=990,quality=85/uploads/November2024/24CMCW.QD004__Trang_6.jpg',_binary '\0'),(14549,504,3,_binary '\0','https://media3.coolmate.me/cdn-cgi/image/width=672,height=990,quality=85/uploads/December2024/ao-dai-tay-the-thao-essentials-xam-1.jpg',_binary '\0'),(14550,427,3,_binary '\0','https://media3.coolmate.me/cdn-cgi/image/width=672,height=990,quality=85/uploads/November2024/24CMCW.SM007_-_Xam_3.jpg',_binary '\0'),(14551,419,1,_binary '\0','https://media3.coolmate.me/cdn-cgi/image/width=672,height=990,quality=85/uploads/November2023/dt001.gym.5_50.jpg',_binary '\0'),(14552,472,3,_binary '\0','https://media3.coolmate.me/cdn-cgi/image/width=672,height=990,quality=85/uploads/November2024/24CMHU.GN001_-_Xam_1.jpg',_binary '\0'),(14553,425,3,_binary '','https://media3.coolmate.me/cdn-cgi/image/width=672,height=990,quality=85/uploads/February2025/ao-thun-the-thao-jacquard-seamless-xam-1.jpg',_binary '\0'),(14554,423,1,_binary '\0','https://media3.coolmate.me/cdn-cgi/image/width=672,height=990,quality=85/uploads/April2022/DSC04765-copy.jpg',_binary '\0'),(14555,463,1,_binary '\0','https://media3.coolmate.me/cdn-cgi/image/width=672,height=990,quality=85/uploads/December2024/ao-dai-tay-the-thao-1699-den_(1).jpg',_binary '\0'),(14556,456,3,_binary '\0','https://media3.coolmate.me/cdn-cgi/image/width=672,height=990,quality=85/uploads/August2024/24CMAW.AT030.23.jpg',_binary '\0'),(14557,414,1,_binary '\0','https://media3.coolmate.me/cdn-cgi/image/width=672,height=990,quality=85/uploads/December2024/ao-thun-nam-the-thao-phoi-bo-co-den_(1).jpg',_binary '\0'),(14558,488,4,_binary '\0','https://media3.coolmate.me/cdn-cgi/image/width=672,height=990,quality=85/uploads/November2024/24CMCW.QD004__Xam_Xanh_1.jpg',_binary '\0'),(14559,460,1,_binary '\0','https://media3.coolmate.me/cdn-cgi/image/width=672,height=990,quality=85/uploads/December2024/ao-khoac-2-lop-casual-den_(3).jpg',_binary '\0'),(14560,498,4,_binary '\0','https://media3.coolmate.me/cdn-cgi/image/width=672,height=990,quality=85/uploads/November2024/24CMAW.KM010_-_Xam_2.jpg',_binary '\0'),(14561,455,2,_binary '\0','https://media3.coolmate.me/cdn-cgi/image/width=672,height=990,quality=85/uploads/November2024/Mickey_Mouse_Club_House_2.1.jpg',_binary '\0'),(14562,481,3,_binary '\0','https://media3.coolmate.me/cdn-cgi/image/width=672,height=990,quality=85/uploads/November2024/24CMCW.ST002_-_Xam_1.jpg',_binary '\0'),(14563,499,1,_binary '\0','https://media3.coolmate.me/cdn-cgi/image/width=672,height=990,quality=85/uploads/December2024/ao-hoodie-essential-fleece-den_(1).jpg',_binary '\0'),(14564,458,4,_binary '','https://media3.coolmate.me/cdn-cgi/image/width=672,height=990,quality=85/uploads/November2023/dt001.gym.10_83.jpg',_binary '\0'),(14565,1,2,_binary '\0','https://media3.coolmate.me/cdn-cgi/image/width=672,height=990,quality=85/uploads/November2024/MouseNap_1.1.jpg',_binary '\0'),(14566,18,3,_binary '\0','https://media3.coolmate.me/cdn-cgi/image/width=672,height=990,quality=85/uploads/February2025/ao-thun-the-thao-nam-active-basics-nhanh-kho-ex-dry-xam-dam-1.jpg',_binary '\0'),(14567,501,2,_binary '\0','https://media3.coolmate.me/cdn-cgi/image/width=672,height=990,quality=85/uploads/December2024/2484CW.DT002_-6564_-_TRANG.jpg',_binary '\0'),(14568,442,1,_binary '\0','https://media3.coolmate.me/cdn-cgi/image/width=672,height=990,quality=85/uploads/December2024/ao-phao-day-ultrawarm-puffer-den_(11).jpg',_binary '\0'),(14569,449,3,_binary '','https://media3.coolmate.me/cdn-cgi/image/width=672,height=990,quality=85/uploads/November2023/3dsinglet.1.jpg',_binary '\0'),(14571,447,4,_binary '\0','https://media3.coolmate.me/cdn-cgi/image/width=672,height=990,quality=85/uploads/November2023/_CMM5391.jpg',_binary '\0'),(14572,498,4,_binary '\0','https://media3.coolmate.me/cdn-cgi/image/width=672,height=990,quality=85/uploads/December2024/23CMCW.ST002.2_Xam-D.jpg',_binary '\0'),(14573,411,4,_binary '\0','https://media3.coolmate.me/cdn-cgi/image/width=672,height=990,quality=85/uploads/April2023/Ao_thun_chay_bo_nam_Advanced_Fast__Free_Run12.jpg',_binary '\0'),(14574,492,2,_binary '','https://media3.coolmate.me/cdn-cgi/image/width=672,height=990,quality=85/uploads/October2023/84rs.rep.2_32.jpg',_binary '\0'),(14575,3,1,_binary '\0','https://media3.coolmate.me/cdn-cgi/image/width=672,height=990,quality=85/uploads/December2024/ao-phao-nhe-ultrawarm-den-1.jpg',_binary '\0'),(14576,474,3,_binary '','https://media3.coolmate.me/cdn-cgi/image/width=672,height=990,quality=85/uploads/December2024/ao-polo-nam-cafe-mau-xam-nhat-1.jpg',_binary '\0'),(14577,453,4,_binary '\0','https://media3.coolmate.me/cdn-cgi/image/width=672,height=990,quality=85/uploads/October2024/ADT.CP_-__Xam-1testtt_(1)_(1)_(1)_(1).jpg',_binary '\0'),(14579,422,3,_binary '','https://media3.coolmate.me/cdn-cgi/image/width=672,height=990,quality=85/uploads/April2024/AT.CP.29.jpg',_binary '\0'),(14582,447,3,_binary '\0','https://media3.coolmate.me/cdn-cgi/image/width=672,height=990,quality=85/uploads/December2024/ao-polo-nam-the-thao-promax-s1-mau-xam-tarmac_(1).jpg',_binary '\0'),(14583,489,1,_binary '','https://media3.coolmate.me/cdn-cgi/image/width=672,height=990,quality=85/uploads/December2024/ao-phao-nhe-ultrawarm-co-mu-den-1.jpg',_binary '\0'),(14585,443,4,_binary '\0','https://media3.coolmate.me/cdn-cgi/image/width=672,height=990,quality=85/uploads/February2025/ASMC_Somi_Cafe_-_12_XAMN.jpg',_binary '\0'),(14587,484,4,_binary '\0','https://media3.coolmate.me/cdn-cgi/image/width=672,height=990,quality=85/uploads/February2025/24CMCW.KM001_-_19_XAM1.jpg',_binary '\0'),(14588,417,4,_binary '\0','https://media3.coolmate.me/cdn-cgi/image/width=672,height=990,quality=85/uploads/February2025/24CMCW.KM002_-_19_XAM1.jpg',_binary '\0'),(14589,477,3,_binary '\0','https://media3.coolmate.me/cdn-cgi/image/width=672,height=990,quality=85/uploads/December2024/ao-polo-nam-cafe-essentials-thoang-mat-chong-uv-xam-2.jpg',_binary '\0'),(14590,445,4,_binary '\0','https://media3.coolmate.me/cdn-cgi/image/width=672,height=990,quality=85/uploads/June2024/24CMCW.CN003.6_78.jpg',_binary '\0'),(14591,460,3,_binary '\0','https://media3.coolmate.me/cdn-cgi/image/width=672,height=990,quality=85/uploads/December2024/ao-polo-the-thao-active-premium-thoang-khi-exdry-xam-1.jpg',_binary '\0'),(14592,476,2,_binary '','https://media3.coolmate.me/cdn-cgi/image/width=672,height=990,quality=85/uploads/October2023/sao_giu_nhiet_trang_6.jpg',_binary '\0'),(14593,461,1,_binary '\0','https://media3.coolmate.me/cdn-cgi/image/width=672,height=990,quality=85/uploads/December2024/ao-giu-nhiet-ex-warm-lenzing-modal-co-cao-den-6.jpg',_binary '\0'),(14594,485,3,_binary '','https://media3.coolmate.me/cdn-cgi/image/width=672,height=990,quality=85/uploads/December2024/ao-polo-the-thao-pro-active-1595-thoang-khi-ex-dry-xam-whiecaps_(2).jpg',_binary '\0'),(14595,447,3,_binary '\0','https://media3.coolmate.me/cdn-cgi/image/width=672,height=990,quality=85/uploads/July2024/xam1.jpg',_binary '\0'),(14597,473,2,_binary '\0','https://media3.coolmate.me/cdn-cgi/image/width=672,height=990,quality=85/uploads/February2025/coolmate-x-copper-denim-ao-thun-phoi-jean-trang-1.jpg',_binary '\0'),(14598,476,2,_binary '\0','https://media3.coolmate.me/cdn-cgi/image/width=672,height=990,quality=85/uploads/October2024/_ADT.CP_-__Trang2.jpg',_binary '\0'),(14599,442,4,_binary '\0','https://media3.coolmate.me/cdn-cgi/image/width=672,height=990,quality=85/uploads/March2024/24CMAW.SL002.11_60.jpg',_binary '\0'),(14600,477,4,_binary '\0','https://media3.coolmate.me/cdn-cgi/image/width=672,height=990,quality=85/uploads/October2024/ABL.RN.F.11_62.jpg',_binary '\0'),(14601,422,3,_binary '\0','https://media3.coolmate.me/cdn-cgi/image/width=672,height=990,quality=85/uploads/March2024/24CMAW.AT014.1_86.jpg',_binary '\0'),(14602,503,4,_binary '\0','https://media3.coolmate.me/cdn-cgi/image/width=672,height=990,quality=85/uploads/December2024/24CMAW.DT003---Xam-1_98.jpg',_binary '\0'),(14603,464,4,_binary '\0','https://media3.coolmate.me/cdn-cgi/image/width=672,height=990,quality=85/uploads/March2024/24CMAW.TT003.23_84.jpg',_binary '\0'),(14604,416,1,_binary '\0','https://media3.coolmate.me/cdn-cgi/image/width=672,height=990,quality=85/uploads/December2024/ao-giu-nhiet-essential-brush-poly-co-trung-den-1.jpg',_binary '\0'),(14605,1,3,_binary '','https://media3.coolmate.me/cdn-cgi/image/width=672,height=990,quality=85/uploads/December2024/ao-hoodie-essential-fleece-xam-nhat_(6).jpg',_binary '\0'),(14606,437,1,_binary '\0','https://media3.coolmate.me/cdn-cgi/image/width=672,height=990,quality=85/uploads/December2024/ao-dai-tay-the-thao-essentials-den-1.jpg',_binary '\0'),(14607,495,1,_binary '\0','https://media3.coolmate.me/cdn-cgi/image/width=672,height=990,quality=85/uploads/November2024/24CMCW.SM007_-_Den_2.jpg',_binary '\0'),(14608,456,3,_binary '\0','https://media3.coolmate.me/cdn-cgi/image/width=672,height=990,quality=85/uploads/December2024/ao-phao-nhe-ultrawarm-xam-1.jpg',_binary '\0'),(14609,413,1,_binary '\0','https://media3.coolmate.me/cdn-cgi/image/width=672,height=990,quality=85/uploads/December2024/ao-giu-nhiet-ex-warm-lenzing-modal-co-trung-den-1.jpg',_binary '\0'),(14610,501,1,_binary '\0','https://media3.coolmate.me/cdn-cgi/image/width=672,height=990,quality=85/uploads/November2024/24CMHU.GN001_-_Den_1.jpg',_binary '\0'),(14611,440,4,_binary '','https://media3.coolmate.me/cdn-cgi/image/width=672,height=990,quality=85/uploads/December2024/ao-phao-nhe-ultrawarm-co-mu-xam-1.jpg',_binary '\0'),(14614,2,4,_binary '','https://media3.coolmate.me/cdn-cgi/image/width=672,height=990,quality=85/uploads/December2024/ao-giu-nhiet-ex-warm-lenzing-modal-co-cao-xam-1.jpg',_binary '\0'),(14615,475,1,_binary '\0','https://media3.coolmate.me/cdn-cgi/image/width=672,height=990,quality=85/uploads/October2024/2484.ULSMV.TSZ707_HEHEHEVENOM_0052_-18_DEN_70.jpg',_binary '\0'),(14616,456,2,_binary '','https://media3.coolmate.me/cdn-cgi/image/width=672,height=990,quality=85/uploads/April2024/APL.EC.T.2_18.jpg',_binary '\0'),(14617,425,2,_binary '\0','https://media3.coolmate.me/cdn-cgi/image/width=672,height=990,quality=85/uploads/June2024/2484SW.AT011.13.jpg',_binary '\0'),(14618,457,3,_binary '\0','https://media3.coolmate.me/cdn-cgi/image/width=672,height=990,quality=85/uploads/December2024/ao-giu-nhiet-essential-brush-poly-co-trung-xam-nhat-1.jpg',_binary '\0'),(14619,437,2,_binary '\0','https://media3.coolmate.me/cdn-cgi/image/width=672,height=990,quality=85/uploads/June2024/2484SW.AT010.7.jpg',_binary '\0'),(14620,453,3,_binary '\0','https://media3.coolmate.me/cdn-cgi/image/width=672,height=990,quality=85/uploads/December2024/ao-dai-tay-the-thao-essentials-xam-1.jpg',_binary '\0'),(14621,425,3,_binary '\0','https://media3.coolmate.me/cdn-cgi/image/width=672,height=990,quality=85/uploads/November2024/24CMCW.SM007_-_Xam_3.jpg',_binary '\0'),(14622,442,3,_binary '','https://media3.coolmate.me/cdn-cgi/image/width=672,height=990,quality=85/uploads/November2024/24CMHU.GN001_-_Xam_1.jpg',_binary '\0'),(14623,455,2,_binary '\0','https://media3.coolmate.me/cdn-cgi/image/width=672,height=990,quality=85/uploads/May2022/Cafe_trang_1.jpg',_binary '\0'),(14624,16,2,_binary '\0','https://media3.coolmate.me/cdn-cgi/image/width=672,height=990,quality=85/uploads/October2024/2484.ULSMV.TSZ706_EVERYDAYVENOM_0046__24_TRANG.jpg',_binary '\0'),(14625,467,1,_binary '\0','https://media3.coolmate.me/cdn-cgi/image/width=672,height=990,quality=85/uploads/February2025/ao-thun-the-thao-jacquard-seamless-den-1_66.jpg',_binary '\0'),(14626,442,3,_binary '\0','https://media3.coolmate.me/cdn-cgi/image/width=672,height=990,quality=85/uploads/February2025/ao-thun-the-thao-jacquard-seamless-xam-1.jpg',_binary '\0'),(14627,500,1,_binary '\0','https://media3.coolmate.me/cdn-cgi/image/width=672,height=990,quality=85/uploads/October2024/2484.ULSMV.TSZ705__CLASSICVENOM-27_DEN_89.jpg',_binary '\0'),(14628,418,1,_binary '\0','https://media3.coolmate.me/cdn-cgi/image/width=672,height=990,quality=85/uploads/July2024/24CMAW.TT011.29_85.jpg',_binary '\0'),(14629,426,2,_binary '\0','https://media3.coolmate.me/cdn-cgi/image/width=672,height=990,quality=85/uploads/October2024/Starring_Mickey_Mouse_1.1.jpg',_binary '\0'),(14630,417,2,_binary '\0','https://media3.coolmate.me/cdn-cgi/image/width=672,height=990,quality=85/uploads/April2023/shadowAo_thun_oversize__84RISING_logo5.jpg',_binary '\0'),(14631,463,3,_binary '\0','https://media3.coolmate.me/cdn-cgi/image/width=672,height=990,quality=85/uploads/August2024/24CMAW.AT030.23.jpg',_binary '\0'),(14632,1,2,_binary '\0','https://media3.coolmate.me/cdn-cgi/image/width=672,height=990,quality=85/uploads/October2023/CM006.thumb1.2_74.jpg',_binary '\0'),(14633,433,1,_binary '\0','https://media3.coolmate.me/cdn-cgi/image/width=672,height=990,quality=85/uploads/October2024/2484.ULSMV.TSZ700_LETHALPROTECTOR1VENOM_0018_-52_DEN_60.jpg',_binary '\0'),(14634,454,2,_binary '\0','https://media3.coolmate.me/cdn-cgi/image/width=672,height=990,quality=85/uploads/April2024/AT.CP.220.jpg',_binary '\0'),(14635,486,2,_binary '\0','https://media3.coolmate.me/cdn-cgi/image/width=672,height=990,quality=85/uploads/March2024/stitchbeach2.jpg',_binary '\0'),(14636,451,2,_binary '\0','https://media3.coolmate.me/cdn-cgi/image/width=672,height=990,quality=85/uploads/January2024/AT.220.den6.jpg',_binary '\0'),(14637,432,4,_binary '\0','https://media3.coolmate.me/cdn-cgi/image/width=672,height=990,quality=85/uploads/November2024/24CMCW.QD004__Xam_Xanh_1.jpg',_binary '\0'),(14638,432,2,_binary '','https://media3.coolmate.me/cdn-cgi/image/width=672,height=990,quality=85/uploads/December2024/polo-pique-basic-cotton-104-trang_(3).jpg',_binary '\0'),(14639,431,1,_binary '','https://media3.coolmate.me/cdn-cgi/image/width=672,height=990,quality=85/uploads/October2024/2484.ULSMV.TSZ698_LETSDANCEVENOM_0003_-67_DEN.jpg',_binary '\0'),(14640,431,4,_binary '\0','https://media3.coolmate.me/cdn-cgi/image/width=672,height=990,quality=85/uploads/November2024/24CMAW.KM010_-_Xam_2.jpg',_binary '\0'),(14641,17,3,_binary '\0','https://media3.coolmate.me/cdn-cgi/image/width=672,height=990,quality=85/uploads/November2024/24CMCW.ST002_-_Xam_1.jpg',_binary '\0'),(14642,464,3,_binary '\0','https://media3.coolmate.me/cdn-cgi/image/width=672,height=990,quality=85/uploads/November2023/dt001.gym.10_83.jpg',_binary '\0'),(14643,421,1,_binary '\0','https://media3.coolmate.me/cdn-cgi/image/width=672,height=990,quality=85/uploads/August2024/Ao_Thun_Nam_The_Thao_Coolmate_Basics_-_Den_6_(3).jpg',_binary '\0'),(14644,446,2,_binary '\0','https://media3.coolmate.me/cdn-cgi/image/width=672,height=990,quality=85/uploads/April2024/ATT.SN.T.ex2_27.jpg',_binary '\0'),(14645,477,3,_binary '\0','https://media3.coolmate.me/cdn-cgi/image/width=672,height=990,quality=85/uploads/February2025/ao-thun-the-thao-nam-active-basics-nhanh-kho-ex-dry-xam-dam-1.jpg',_binary '\0'),(14646,498,1,_binary '\0','https://media3.coolmate.me/cdn-cgi/image/width=672,height=990,quality=85/uploads/March2024/DSC04870_copy.jpg',_binary '\0'),(14647,455,1,_binary '\0','https://media3.coolmate.me/cdn-cgi/image/width=672,height=990,quality=85/uploads/October2024/Legend_Club_3.1.jpg',_binary '\0'),(14648,491,1,_binary '\0','https://media3.coolmate.me/cdn-cgi/image/width=672,height=990,quality=85/uploads/August2024/24CMAW.AT024.31.jpg',_binary '\0'),(14649,437,4,_binary '\0','https://media3.coolmate.me/cdn-cgi/image/width=672,height=990,quality=85/uploads/November2023/3dsinglet.1.jpg',_binary '\0'),(14650,482,1,_binary '\0','https://media3.coolmate.me/cdn-cgi/image/width=672,height=990,quality=85/uploads/May2024/23CMAW.AT003.fixmau13_94.jpg',_binary '\0'),(14651,477,2,_binary '\0','https://media3.coolmate.me/cdn-cgi/image/width=672,height=990,quality=85/uploads/March2024/ATT.PM.LGV2.10.jpg',_binary '\0'),(14652,505,1,_binary '\0','https://media3.coolmate.me/cdn-cgi/image/width=672,height=990,quality=85/uploads/November2024/24CMCW.QD004__24CMCW.QD004__Den_1.jpg',_binary '\0'),(14653,16,4,_binary '\0','https://media3.coolmate.me/cdn-cgi/image/width=672,height=990,quality=85/uploads/November2023/_CMM5391.jpg',_binary '\0'),(14654,460,1,_binary '\0','https://media3.coolmate.me/cdn-cgi/image/width=672,height=990,quality=85/uploads/December2024/24CMAW.KM007_-_Den_12.jpg',_binary '\0'),(14655,456,1,_binary '\0','https://media3.coolmate.me/cdn-cgi/image/width=672,height=990,quality=85/uploads/November2024/Mickey_Mouse_Club_House_1.1.jpg',_binary '\0'),(14656,420,2,_binary '','https://media3.coolmate.me/cdn-cgi/image/width=672,height=990,quality=85/uploads/December2024/ao-polo-nam-the-thao-promax-s1-trang-1.png',_binary '\0'),(14657,438,3,_binary '\0','https://media3.coolmate.me/cdn-cgi/image/width=672,height=990,quality=85/uploads/December2024/23CMCW.ST002.2_Xam-D.jpg',_binary '\0'),(14658,427,4,_binary '\0','https://media3.coolmate.me/cdn-cgi/image/width=672,height=990,quality=85/uploads/April2023/Ao_thun_chay_bo_nam_Advanced_Fast__Free_Run12.jpg',_binary '\0'),(14659,445,4,_binary '\0','https://media3.coolmate.me/cdn-cgi/image/width=672,height=990,quality=85/uploads/December2024/ao-polo-nam-cafe-mau-xam-nhat-1.jpg',_binary '\0'),(14660,499,2,_binary '\0','https://media3.coolmate.me/cdn-cgi/image/width=672,height=990,quality=85/uploads/February2025/ASMC_Somi_Cafe_-_2_TRANG.jpg',_binary '\0'),(14661,442,2,_binary '','https://media3.coolmate.me/cdn-cgi/image/width=672,height=990,quality=85/uploads/May2024/pack3aobalotrg.jpg',_binary '\0'),(14662,419,4,_binary '\0','https://media3.coolmate.me/cdn-cgi/image/width=672,height=990,quality=85/uploads/October2024/ADT.CP_-__Xam-1testtt_(1)_(1)_(1)_(1).jpg',_binary '\0'),(14663,430,2,_binary '','https://media3.coolmate.me/cdn-cgi/image/width=672,height=990,quality=85/uploads/December2024/ao-polo-the-thao-pro-active-1595-thoang-khi-ex-dry-phoi-mau-trang_(1).jpg',_binary '\0'),(14664,2,4,_binary '\0','https://media3.coolmate.me/cdn-cgi/image/width=672,height=990,quality=85/uploads/April2024/AT.CP.29.jpg',_binary '\0'),(14665,492,3,_binary '','https://media3.coolmate.me/cdn-cgi/image/width=672,height=990,quality=85/uploads/December2024/ao-polo-nam-the-thao-promax-s1-mau-xam-tarmac_(1).jpg',_binary '\0'),(14666,499,1,_binary '\0','https://media3.coolmate.me/cdn-cgi/image/width=672,height=990,quality=85/uploads/November2024/MouseNap_2.1.jpg',_binary '\0'),(14667,501,1,_binary '\0','https://media3.coolmate.me/cdn-cgi/image/width=672,height=990,quality=85/uploads/December2024/2484CW.DT002_-70-_DEN.jpg',_binary '\0'),(14668,18,2,_binary '\0','https://media3.coolmate.me/cdn-cgi/image/width=672,height=990,quality=85/uploads/December2024/ao-polo-the-thao-pro-active-1595-thoang-khi-ex-dry-trang_(2).jpg',_binary '\0'),(14669,442,2,_binary '\0','https://media3.coolmate.me/cdn-cgi/image/width=672,height=990,quality=85/uploads/February2022/IMG_5991_copy.jpg',_binary '\0'),(14670,473,4,_binary '\0','https://media3.coolmate.me/cdn-cgi/image/width=672,height=990,quality=85/uploads/February2025/ASMC_Somi_Cafe_-_12_XAMN.jpg',_binary '\0'),(14671,16,2,_binary '\0','https://media3.coolmate.me/cdn-cgi/image/width=672,height=990,quality=85/uploads/February2025/ao-thun-gym-comfort-oversize-mau-trang_(7).jpg',_binary '\0'),(14672,492,4,_binary '\0','https://media3.coolmate.me/cdn-cgi/image/width=672,height=990,quality=85/uploads/February2025/24CMCW.KM001_-_19_XAM1.jpg',_binary '\0'),(14673,479,4,_binary '\0','https://media3.coolmate.me/cdn-cgi/image/width=672,height=990,quality=85/uploads/February2025/24CMCW.KM002_-_19_XAM1.jpg',_binary '\0'),(14674,19,1,_binary '\0','https://media3.coolmate.me/cdn-cgi/image/width=672,height=990,quality=85/uploads/November2024/24CMCW.ST002_-_Den_1.jpg',_binary '\0'),(14675,448,3,_binary '\0','https://media3.coolmate.me/cdn-cgi/image/width=672,height=990,quality=85/uploads/December2024/ao-polo-nam-cafe-essentials-thoang-mat-chong-uv-xam-2.jpg',_binary '\0'),(14676,466,2,_binary '\0','https://media3.coolmate.me/cdn-cgi/image/width=672,height=990,quality=85/uploads/October2024/Mockup_Ao_tran_ao_tot_bunggang_copy_(7).jpg',_binary '\0'),(14677,464,1,_binary '\0','https://media3.coolmate.me/cdn-cgi/image/width=672,height=990,quality=85/uploads/December2024/24CMAW.CM001_-_Den_1.jpg',_binary '\0'),(14678,473,4,_binary '\0','https://media3.coolmate.me/cdn-cgi/image/width=672,height=990,quality=85/uploads/June2024/24CMCW.CN003.6_78.jpg',_binary '\0'),(14679,455,4,_binary '\0','https://media3.coolmate.me/cdn-cgi/image/width=672,height=990,quality=85/uploads/December2024/ao-polo-the-thao-active-premium-thoang-khi-exdry-xam-1.jpg',_binary '\0'),(14680,412,3,_binary '\0','https://media3.coolmate.me/cdn-cgi/image/width=672,height=990,quality=85/uploads/December2024/ao-polo-the-thao-pro-active-1595-thoang-khi-ex-dry-xam-whiecaps_(2).jpg',_binary '\0'),(14681,461,3,_binary '\0','https://media3.coolmate.me/cdn-cgi/image/width=672,height=990,quality=85/uploads/July2024/xam1.jpg',_binary '\0'),(14682,412,4,_binary '\0','https://media3.coolmate.me/cdn-cgi/image/width=672,height=990,quality=85/uploads/March2024/24CMAW.SL002.11_60.jpg',_binary '\0'),(14683,481,2,_binary '\0','https://media3.coolmate.me/cdn-cgi/image/width=672,height=990,quality=85/uploads/June2024/24CMCL.AT009.15_18.jpg',_binary '\0'),(14684,472,2,_binary '\0','https://media3.coolmate.me/cdn-cgi/image/width=672,height=990,quality=85/uploads/October2024/2_embe_copy_2_(6).jpg',_binary '\0'),(14685,433,2,_binary '\0','https://media3.coolmate.me/cdn-cgi/image/width=672,height=990,quality=85/uploads/September2023/cat_mama-2.jpg',_binary '\0'),(14686,414,3,_binary '\0','https://media3.coolmate.me/cdn-cgi/image/width=672,height=990,quality=85/uploads/October2024/ABL.RN.F.11_62.jpg',_binary '\0'),(14687,426,3,_binary '\0','https://media3.coolmate.me/cdn-cgi/image/width=672,height=990,quality=85/uploads/March2024/24CMAW.AT014.1_86.jpg',_binary '\0'),(14688,473,3,_binary '\0','https://media3.coolmate.me/cdn-cgi/image/width=672,height=990,quality=85/uploads/December2024/24CMAW.DT003---Xam-1_98.jpg',_binary '\0'),(14689,456,3,_binary '\0','https://media3.coolmate.me/cdn-cgi/image/width=672,height=990,quality=85/uploads/March2024/24CMAW.TT003.23_84.jpg',_binary '\0'),(14690,494,4,_binary '\0','https://media3.coolmate.me/cdn-cgi/image/width=672,height=990,quality=85/uploads/December2024/ao-hoodie-essential-fleece-xam-nhat_(6).jpg',_binary '\0'),(14691,415,1,_binary '\0','https://media3.coolmate.me/cdn-cgi/image/width=672,height=990,quality=85/uploads/December2024/24CMAW.KM002_-_Den_1.jpg',_binary '\0'),(14692,458,4,_binary '\0','https://media3.coolmate.me/cdn-cgi/image/width=672,height=990,quality=85/uploads/December2024/ao-phao-nhe-ultrawarm-xam-1.jpg',_binary '\0'),(14693,469,1,_binary '\0','https://media3.coolmate.me/cdn-cgi/image/width=672,height=990,quality=85/uploads/December2024/24CMAW.KM005_-_Den_1.jpg',_binary '\0'),(14694,431,3,_binary '\0','https://media3.coolmate.me/cdn-cgi/image/width=672,height=990,quality=85/uploads/December2024/ao-phao-nhe-ultrawarm-co-mu-xam-1.jpg',_binary '\0'),(14695,444,2,_binary '\0','https://media3.coolmate.me/cdn-cgi/image/width=672,height=990,quality=85/uploads/October2024/1_Ao_dai_tay_RELAXED_FIT_CARE_SHARE_-_AO_AM_CHO_EM_trang.jpg',_binary '\0'),(14696,429,2,_binary '\0','https://media3.coolmate.me/cdn-cgi/image/width=672,height=990,quality=85/uploads/October2024/5_Ngoan_(1).jpg',_binary '\0'),(14697,4,3,_binary '\0','https://media3.coolmate.me/cdn-cgi/image/width=672,height=990,quality=85/uploads/December2024/ao-giu-nhiet-ex-warm-lenzing-modal-co-cao-xam-1.jpg',_binary '\0'),(14698,449,4,_binary '\0','https://media3.coolmate.me/cdn-cgi/image/width=672,height=990,quality=85/uploads/December2024/ao-giu-nhiet-essential-brush-poly-co-trung-xam-nhat-1.jpg',_binary '\0'),(14699,474,4,_binary '\0','https://media3.coolmate.me/cdn-cgi/image/width=672,height=990,quality=85/uploads/December2024/ao-dai-tay-the-thao-essentials-xam-1.jpg',_binary '\0'),(14700,442,2,_binary '\0','https://media3.coolmate.me/cdn-cgi/image/width=672,height=990,quality=85/uploads/March2024/stitchcaydua21.jpg',_binary '\0'),(14702,494,1,_binary '\0','https://media3.coolmate.me/cdn-cgi/image/width=672,height=990,quality=85/uploads/December2024/24CMCW.SM012---Den-11_99.jpg',_binary '\0'),(14703,441,4,_binary '','https://media3.coolmate.me/cdn-cgi/image/width=672,height=990,quality=85/uploads/November2024/24CMCW.SM007_-_Xam_3.jpg',_binary '\0'),(14704,435,3,_binary '\0','https://media3.coolmate.me/cdn-cgi/image/width=672,height=990,quality=85/uploads/November2024/24CMHU.GN001_-_Xam_1.jpg',_binary '\0'),(14705,505,2,_binary '\0','https://media3.coolmate.me/cdn-cgi/image/width=672,height=990,quality=85/uploads/May2024/watertimi5.jpg',_binary '\0'),(14706,414,2,_binary '\0','https://media3.coolmate.me/cdn-cgi/image/width=672,height=990,quality=85/uploads/October2024/3_iuembe_2D_2_copy_(4).jpg',_binary '\0'),(14707,429,1,_binary '\0','https://media3.coolmate.me/cdn-cgi/image/width=672,height=990,quality=85/uploads/November2023/dt001.gym.5_50.jpg',_binary '\0'),(14708,444,1,_binary '\0','https://media3.coolmate.me/cdn-cgi/image/width=672,height=990,quality=85/uploads/April2022/DSC04765-copy.jpg',_binary '\0'),(14709,496,2,_binary '\0','https://media3.coolmate.me/cdn-cgi/image/width=672,height=990,quality=85/uploads/May2024/firesign3_37.jpg',_binary '\0'),(14710,2,2,_binary '\0','https://media3.coolmate.me/cdn-cgi/image/width=672,height=990,quality=85/uploads/October2024/Mockup_Ao_tran_ao_tot_bunggang_copy_(8).jpg',_binary '\0'),(14711,472,4,_binary '\0','https://media3.coolmate.me/cdn-cgi/image/width=672,height=990,quality=85/uploads/February2025/ao-thun-the-thao-jacquard-seamless-xam-1.jpg',_binary '\0'),(14712,432,4,_binary '\0','https://media3.coolmate.me/cdn-cgi/image/width=672,height=990,quality=85/uploads/August2024/24CMAW.AT030.23.jpg',_binary '\0'),(14713,420,2,_binary '\0','https://media3.coolmate.me/cdn-cgi/image/width=672,height=990,quality=85/uploads/September2023/chubby_corgi_pappa-2.jpg',_binary '\0'),(14714,457,4,_binary '','https://media3.coolmate.me/cdn-cgi/image/width=672,height=990,quality=85/uploads/November2024/24CMCW.QD004__Xam_Xanh_1.jpg',_binary '\0'),(14715,476,3,_binary '\0','https://media3.coolmate.me/cdn-cgi/image/width=672,height=990,quality=85/uploads/November2024/24CMAW.KM010_-_Xam_2.jpg',_binary '\0'),(14716,478,2,_binary '\0','https://media3.coolmate.me/cdn-cgi/image/width=672,height=990,quality=85/uploads/October2024/5_Ao_dai_tay_RELAXED_FIT_CARE_SHARE_-_AO_AM_CHO_EM_-_NGOAN_XINH_IU.jpg',_binary '\0'),(14717,494,4,_binary '\0','https://media3.coolmate.me/cdn-cgi/image/width=672,height=990,quality=85/uploads/November2024/24CMCW.ST002_-_Xam_1.jpg',_binary '\0'),(14718,477,2,_binary '\0','https://media3.coolmate.me/cdn-cgi/image/width=672,height=990,quality=85/uploads/September2023/happy_cat-2.jpg',_binary '\0'),(14719,491,3,_binary '\0','https://media3.coolmate.me/cdn-cgi/image/width=672,height=990,quality=85/uploads/November2023/dt001.gym.10_83.jpg',_binary '\0'),(14720,498,3,_binary '','https://media3.coolmate.me/cdn-cgi/image/width=672,height=990,quality=85/uploads/February2025/ao-thun-the-thao-nam-active-basics-nhanh-kho-ex-dry-xam-dam-1.jpg',_binary '\0'),(14721,479,4,_binary '\0','https://media3.coolmate.me/cdn-cgi/image/width=672,height=990,quality=85/uploads/November2023/3dsinglet.1.jpg',_binary '\0'),(14722,422,1,_binary '\0','https://media3.coolmate.me/cdn-cgi/image/width=672,height=990,quality=85/uploads/December2024/ao-dai-tay-the-thao-1699-den_(1).jpg',_binary '\0'),(14723,4,4,_binary '\0','https://media3.coolmate.me/cdn-cgi/image/width=672,height=990,quality=85/uploads/November2023/_CMM5391.jpg',_binary '\0'),(14724,488,1,_binary '\0','https://media3.coolmate.me/cdn-cgi/image/width=672,height=990,quality=85/uploads/December2024/ao-thun-nam-the-thao-phoi-bo-co-den_(1).jpg',_binary '\0'),(14725,16,1,_binary '\0','https://media3.coolmate.me/cdn-cgi/image/width=672,height=990,quality=85/uploads/December2024/ao-khoac-2-lop-casual-den_(3).jpg',_binary '\0'),(14726,441,1,_binary '\0','https://media3.coolmate.me/cdn-cgi/image/width=672,height=990,quality=85/uploads/December2024/ao-hoodie-essential-fleece-den_(1).jpg',_binary '\0'),(14727,461,4,_binary '\0','https://media3.coolmate.me/cdn-cgi/image/width=672,height=990,quality=85/uploads/December2024/23CMCW.ST002.2_Xam-D.jpg',_binary '\0'),(14728,428,1,_binary '\0','https://media3.coolmate.me/cdn-cgi/image/width=672,height=990,quality=85/uploads/December2024/ao-phao-day-ultrawarm-puffer-den_(11).jpg',_binary '\0'),(14729,17,3,_binary '\0','https://media3.coolmate.me/cdn-cgi/image/width=672,height=990,quality=85/uploads/April2023/Ao_thun_chay_bo_nam_Advanced_Fast__Free_Run12.jpg',_binary '\0'),(14730,454,3,_binary '\0','https://media3.coolmate.me/cdn-cgi/image/width=672,height=990,quality=85/uploads/December2024/ao-polo-nam-cafe-mau-xam-nhat-1.jpg',_binary '\0'),(14731,449,3,_binary '\0','https://media3.coolmate.me/cdn-cgi/image/width=672,height=990,quality=85/uploads/October2024/ADT.CP_-__Xam-1testtt_(1)_(1)_(1)_(1).jpg',_binary '\0'),(14732,485,2,_binary '\0','https://media3.coolmate.me/cdn-cgi/image/width=672,height=990,quality=85/uploads/October2024/1_AACE_copy_(2).jpg',_binary '\0'),(14733,457,1,_binary '\0','https://media3.coolmate.me/cdn-cgi/image/width=672,height=990,quality=85/uploads/December2024/ao-phao-nhe-ultrawarm-den-1.jpg',_binary '\0'),(14734,424,3,_binary '\0','https://media3.coolmate.me/cdn-cgi/image/width=672,height=990,quality=85/uploads/April2024/AT.CP.29.jpg',_binary '\0'),(14736,496,3,_binary '','https://media3.coolmate.me/cdn-cgi/image/width=672,height=990,quality=85/uploads/December2024/ao-polo-nam-the-thao-promax-s1-mau-xam-tarmac_(1).jpg',_binary '\0'),(14737,505,4,_binary '\0','https://media3.coolmate.me/cdn-cgi/image/width=672,height=990,quality=85/uploads/February2025/ASMC_Somi_Cafe_-_12_XAMN.jpg',_binary '\0'),(14738,450,2,_binary '\0','https://media3.coolmate.me/cdn-cgi/image/width=672,height=990,quality=85/uploads/February2025/ao-thun-care-share-mau-trang_(1).jpg',_binary '\0'),(14739,19,4,_binary '\0','https://media3.coolmate.me/cdn-cgi/image/width=672,height=990,quality=85/uploads/February2025/24CMCW.KM001_-_19_XAM1.jpg',_binary '\0'),(14740,480,2,_binary '\0','https://media3.coolmate.me/cdn-cgi/image/width=672,height=990,quality=85/uploads/June2024/24CMAW.AT017.1_65.jpg',_binary '\0'),(14741,496,3,_binary '\0','https://media3.coolmate.me/cdn-cgi/image/width=672,height=990,quality=85/uploads/February2025/24CMCW.KM002_-_19_XAM1.jpg',_binary '\0'),(14742,429,3,_binary '\0','https://media3.coolmate.me/cdn-cgi/image/width=672,height=990,quality=85/uploads/December2024/ao-polo-nam-cafe-essentials-thoang-mat-chong-uv-xam-2.jpg',_binary '\0'),(14743,414,2,_binary '\0','https://media3.coolmate.me/cdn-cgi/image/width=672,height=990,quality=85/uploads/September2023/chubby_corgi--2.jpg',_binary '\0'),(14744,498,4,_binary '\0','https://media3.coolmate.me/cdn-cgi/image/width=672,height=990,quality=85/uploads/June2024/24CMCW.CN003.6_78.jpg',_binary '\0'),(14745,454,3,_binary '\0','https://media3.coolmate.me/cdn-cgi/image/width=672,height=990,quality=85/uploads/December2024/ao-polo-the-thao-active-premium-thoang-khi-exdry-xam-1.jpg',_binary '\0'),(14746,446,4,_binary '\0','https://media3.coolmate.me/cdn-cgi/image/width=672,height=990,quality=85/uploads/December2024/ao-polo-the-thao-pro-active-1595-thoang-khi-ex-dry-xam-whiecaps_(2).jpg',_binary '\0'),(14747,498,2,_binary '','https://media3.coolmate.me/cdn-cgi/image/width=672,height=990,quality=85/uploads/January2024/conheo2.jpg',_binary '\0'),(14748,455,3,_binary '\0','https://media3.coolmate.me/cdn-cgi/image/width=672,height=990,quality=85/uploads/July2024/xam1.jpg',_binary '\0'),(14749,441,4,_binary '\0','https://media3.coolmate.me/cdn-cgi/image/width=672,height=990,quality=85/uploads/March2024/24CMAW.SL002.11_60.jpg',_binary '\0'),(14750,428,3,_binary '\0','https://media3.coolmate.me/cdn-cgi/image/width=672,height=990,quality=85/uploads/October2024/ABL.RN.F.11_62.jpg',_binary '\0'),(14751,4,3,_binary '\0','https://media3.coolmate.me/cdn-cgi/image/width=672,height=990,quality=85/uploads/March2024/24CMAW.AT014.1_86.jpg',_binary '\0'),(14752,483,1,_binary '\0','https://media3.coolmate.me/cdn-cgi/image/width=672,height=990,quality=85/uploads/December2024/ao-phao-nhe-ultrawarm-co-mu-den-1.jpg',_binary '\0'),(14753,478,3,_binary '\0','https://media3.coolmate.me/cdn-cgi/image/width=672,height=990,quality=85/uploads/December2024/24CMAW.DT003---Xam-1_98.jpg',_binary '\0'),(14754,439,2,_binary '\0','https://media3.coolmate.me/cdn-cgi/image/width=672,height=990,quality=85/uploads/January2024/concho1.jpg',_binary '\0'),(14755,459,2,_binary '\0','https://media3.coolmate.me/cdn-cgi/image/width=672,height=990,quality=85/uploads/May2024/earthsing6_92.jpg',_binary '\0'),(14756,435,4,_binary '','https://media3.coolmate.me/cdn-cgi/image/width=672,height=990,quality=85/uploads/March2024/24CMAW.TT003.23_84.jpg',_binary '\0'),(14757,419,2,_binary '\0','https://media3.coolmate.me/cdn-cgi/image/width=672,height=990,quality=85/uploads/January2024/consuu.3_27.jpg',_binary '\0'),(14758,452,4,_binary '\0','https://media3.coolmate.me/cdn-cgi/image/width=672,height=990,quality=85/uploads/December2024/ao-hoodie-essential-fleece-xam-nhat_(6).jpg',_binary '\0'),(14759,501,4,_binary '\0','https://media3.coolmate.me/cdn-cgi/image/width=672,height=990,quality=85/uploads/December2024/ao-phao-nhe-ultrawarm-xam-1.jpg',_binary '\0'),(14760,436,1,_binary '\0','https://media3.coolmate.me/cdn-cgi/image/width=672,height=990,quality=85/uploads/December2024/ao-giu-nhiet-ex-warm-lenzing-modal-co-cao-den-6.jpg',_binary '\0'),(14761,486,2,_binary '\0','https://media3.coolmate.me/cdn-cgi/image/width=672,height=990,quality=85/uploads/January2024/conmeo2.jpg',_binary '\0'),(14762,421,2,_binary '\0','https://media3.coolmate.me/cdn-cgi/image/width=672,height=990,quality=85/uploads/January2024/conho1.jpg',_binary '\0'),(14763,484,4,_binary '\0','https://media3.coolmate.me/cdn-cgi/image/width=672,height=990,quality=85/uploads/December2024/ao-phao-nhe-ultrawarm-co-mu-xam-1.jpg',_binary '\0'),(14764,445,3,_binary '\0','https://media3.coolmate.me/cdn-cgi/image/width=672,height=990,quality=85/uploads/December2024/ao-giu-nhiet-ex-warm-lenzing-modal-co-cao-xam-1.jpg',_binary '\0'),(14765,430,3,_binary '\0','https://media3.coolmate.me/cdn-cgi/image/width=672,height=990,quality=85/uploads/December2024/ao-giu-nhiet-essential-brush-poly-co-trung-xam-nhat-1.jpg',_binary '\0'),(14766,461,4,_binary '\0','https://media3.coolmate.me/cdn-cgi/image/width=672,height=990,quality=85/uploads/December2024/ao-dai-tay-the-thao-essentials-xam-1.jpg',_binary '\0'),(14767,1,1,_binary '\0','https://media3.coolmate.me/cdn-cgi/image/width=672,height=990,quality=85/uploads/December2024/ao-giu-nhiet-essential-brush-poly-co-trung-den-1.jpg',_binary '\0'),(14768,494,3,_binary '\0','https://media3.coolmate.me/cdn-cgi/image/width=672,height=990,quality=85/uploads/November2024/24CMCW.SM007_-_Xam_3.jpg',_binary '\0'),(14769,492,2,_binary '\0','https://media3.coolmate.me/cdn-cgi/image/width=672,height=990,quality=85/uploads/February2023/2a0C_S_T-SHIRT_VALENTINE-03.jpg',_binary '\0'),(14770,425,3,_binary '\0','https://media3.coolmate.me/cdn-cgi/image/width=672,height=990,quality=85/uploads/November2024/24CMHU.GN001_-_Xam_1.jpg',_binary '\0'),(14771,495,4,_binary '\0','https://media3.coolmate.me/cdn-cgi/image/width=672,height=990,quality=85/uploads/February2025/ao-thun-the-thao-jacquard-seamless-xam-1.jpg',_binary '\0'),(14772,442,3,_binary '\0','https://media3.coolmate.me/cdn-cgi/image/width=672,height=990,quality=85/uploads/August2024/24CMAW.AT030.23.jpg',_binary '\0'),(14773,469,3,_binary '\0','https://media3.coolmate.me/cdn-cgi/image/width=672,height=990,quality=85/uploads/November2024/24CMCW.QD004__Xam_Xanh_1.jpg',_binary '\0'),(14774,1,4,_binary '\0','https://media3.coolmate.me/cdn-cgi/image/width=672,height=990,quality=85/uploads/November2024/24CMAW.KM010_-_Xam_2.jpg',_binary '\0'),(14775,493,2,_binary '','https://media3.coolmate.me/cdn-cgi/image/width=672,height=990,quality=85/uploads/October2024/7_IMG_5162_(1).jpg',_binary '\0'),(14776,504,1,_binary '\0','https://media3.coolmate.me/cdn-cgi/image/width=672,height=990,quality=85/uploads/December2024/ao-dai-tay-the-thao-essentials-den-1.jpg',_binary '\0'),(14777,439,3,_binary '\0','https://media3.coolmate.me/cdn-cgi/image/width=672,height=990,quality=85/uploads/November2024/24CMCW.ST002_-_Xam_1.jpg',_binary '\0'),(14778,472,4,_binary '\0','https://media3.coolmate.me/cdn-cgi/image/width=672,height=990,quality=85/uploads/November2023/dt001.gym.10_83.jpg',_binary '\0'),(14779,440,4,_binary '\0','https://media3.coolmate.me/cdn-cgi/image/width=672,height=990,quality=85/uploads/February2025/ao-thun-the-thao-nam-active-basics-nhanh-kho-ex-dry-xam-dam-1.jpg',_binary '\0'),(14780,488,4,_binary '\0','https://media3.coolmate.me/cdn-cgi/image/width=672,height=990,quality=85/uploads/November2023/3dsinglet.1.jpg',_binary '\0'),(14781,413,1,_binary '\0','https://media3.coolmate.me/cdn-cgi/image/width=672,height=990,quality=85/uploads/November2024/24CMCW.SM007_-_Den_2.jpg',_binary '\0'),(14782,464,3,_binary '\0','https://media3.coolmate.me/cdn-cgi/image/width=672,height=990,quality=85/uploads/November2023/_CMM5391.jpg',_binary '\0'),(14783,485,3,_binary '\0','https://media3.coolmate.me/cdn-cgi/image/width=672,height=990,quality=85/uploads/December2024/23CMCW.ST002.2_Xam-D.jpg',_binary '\0'),(14784,432,2,_binary '\0','https://media3.coolmate.me/cdn-cgi/image/width=672,height=990,quality=85/uploads/January2024/24CSCS.AT0011_95.jpg',_binary '\0'),(14785,473,2,_binary '\0','https://media3.coolmate.me/cdn-cgi/image/width=672,height=990,quality=85/uploads/September2023/trung_thu-2.jpg',_binary '\0'),(14786,413,4,_binary '\0','https://media3.coolmate.me/cdn-cgi/image/width=672,height=990,quality=85/uploads/April2023/Ao_thun_chay_bo_nam_Advanced_Fast__Free_Run12.jpg',_binary '\0'),(14787,438,3,_binary '\0','https://media3.coolmate.me/cdn-cgi/image/width=672,height=990,quality=85/uploads/December2024/ao-polo-nam-cafe-mau-xam-nhat-1.jpg',_binary '\0'),(14788,486,3,_binary '\0','https://media3.coolmate.me/cdn-cgi/image/width=672,height=990,quality=85/uploads/October2024/ADT.CP_-__Xam-1testtt_(1)_(1)_(1)_(1).jpg',_binary '\0'),(14789,501,4,_binary '\0','https://media3.coolmate.me/cdn-cgi/image/width=672,height=990,quality=85/uploads/April2024/AT.CP.29.jpg',_binary '\0'),(14790,493,2,_binary '\0','https://media3.coolmate.me/cdn-cgi/image/width=672,height=990,quality=85/uploads/January2024/conngua2.jpg',_binary '\0'),(14791,480,4,_binary '\0','https://media3.coolmate.me/cdn-cgi/image/width=672,height=990,quality=85/uploads/December2024/ao-polo-nam-the-thao-promax-s1-mau-xam-tarmac_(1).jpg',_binary '\0'),(14792,432,1,_binary '\0','https://media3.coolmate.me/cdn-cgi/image/width=672,height=990,quality=85/uploads/December2024/ao-giu-nhiet-ex-warm-lenzing-modal-co-trung-den-1.jpg',_binary '\0'),(14793,454,1,_binary '\0','https://media3.coolmate.me/cdn-cgi/image/width=672,height=990,quality=85/uploads/November2024/24CMHU.GN001_-_Den_1.jpg',_binary '\0'),(14794,498,2,_binary '\0','https://media3.coolmate.me/cdn-cgi/image/width=672,height=990,quality=85/uploads/January2024/conga3_93.jpg',_binary '\0'),(14795,465,4,_binary '','https://media3.coolmate.me/cdn-cgi/image/width=672,height=990,quality=85/uploads/February2025/ASMC_Somi_Cafe_-_12_XAMN.jpg',_binary '\0'),(14796,487,1,_binary '\0','https://media3.coolmate.me/cdn-cgi/image/width=672,height=990,quality=85/uploads/October2024/2484.ULSMV.TSZ707_HEHEHEVENOM_0052_-18_DEN_70.jpg',_binary '\0'),(14797,446,2,_binary '\0','https://media3.coolmate.me/cdn-cgi/image/width=672,height=990,quality=85/uploads/January2024/conti.2.jpg',_binary '\0'),(14798,473,1,_binary '\0','https://media3.coolmate.me/cdn-cgi/image/width=672,height=990,quality=85/uploads/February2025/ao-thun-the-thao-jacquard-seamless-den-1_66.jpg',_binary '\0'),(14799,433,4,_binary '\0','https://media3.coolmate.me/cdn-cgi/image/width=672,height=990,quality=85/uploads/February2025/24CMCW.KM001_-_19_XAM1.jpg',_binary '\0'),(14800,434,4,_binary '\0','https://media3.coolmate.me/cdn-cgi/image/width=672,height=990,quality=85/uploads/February2025/24CMCW.KM002_-_19_XAM1.jpg',_binary '\0'),(14801,445,2,_binary '\0','https://media3.coolmate.me/cdn-cgi/image/width=672,height=990,quality=85/uploads/January2024/conkhi2_71.jpg',_binary '\0'),(14802,447,3,_binary '\0','https://media3.coolmate.me/cdn-cgi/image/width=672,height=990,quality=85/uploads/December2024/ao-polo-nam-cafe-essentials-thoang-mat-chong-uv-xam-2.jpg',_binary '\0'),(14803,500,2,_binary '\0','https://media3.coolmate.me/cdn-cgi/image/width=672,height=990,quality=85/uploads/December2024/ao-dai-tay-the-thao-1699-trang_(3).jpg',_binary '\0'),(14804,487,3,_binary '','https://media3.coolmate.me/cdn-cgi/image/width=672,height=990,quality=85/uploads/June2024/24CMCW.CN003.6_78.jpg',_binary '\0'),(14805,474,4,_binary '\0','https://media3.coolmate.me/cdn-cgi/image/width=672,height=990,quality=85/uploads/December2024/ao-polo-the-thao-active-premium-thoang-khi-exdry-xam-1.jpg',_binary '\0'),(14806,471,2,_binary '\0','https://media3.coolmate.me/cdn-cgi/image/width=672,height=990,quality=85/uploads/December2024/ao-giu-nhiet-ex-warm-lenzing-modal-co-cao-trang-1.jpg',_binary '\0'),(14807,496,3,_binary '\0','https://media3.coolmate.me/cdn-cgi/image/width=672,height=990,quality=85/uploads/December2024/ao-polo-the-thao-pro-active-1595-thoang-khi-ex-dry-xam-whiecaps_(2).jpg',_binary '\0'),(14808,460,1,_binary '\0','https://media3.coolmate.me/cdn-cgi/image/width=672,height=990,quality=85/uploads/October2024/2484.ULSMV.TSZ705__CLASSICVENOM-27_DEN_89.jpg',_binary '\0'),(14809,411,3,_binary '\0','https://media3.coolmate.me/cdn-cgi/image/width=672,height=990,quality=85/uploads/July2024/xam1.jpg',_binary '\0'),(14810,417,2,_binary '\0','https://media3.coolmate.me/cdn-cgi/image/width=672,height=990,quality=85/uploads/December2024/ao-dai-tay-the-thao-essentials-trang-1.jpg',_binary '\0'),(14811,498,3,_binary '\0','https://media3.coolmate.me/cdn-cgi/image/width=672,height=990,quality=85/uploads/March2024/24CMAW.SL002.11_60.jpg',_binary '\0'),(14812,452,4,_binary '\0','https://media3.coolmate.me/cdn-cgi/image/width=672,height=990,quality=85/uploads/October2024/ABL.RN.F.11_62.jpg',_binary '\0'),(14813,423,3,_binary '\0','https://media3.coolmate.me/cdn-cgi/image/width=672,height=990,quality=85/uploads/March2024/24CMAW.AT014.1_86.jpg',_binary '\0'),(14814,493,2,_binary '\0','https://media3.coolmate.me/cdn-cgi/image/width=672,height=990,quality=85/uploads/November2024/24CMCW.SM007_-_Trang_1.jpg',_binary '\0'),(14815,464,2,_binary '','https://media3.coolmate.me/cdn-cgi/image/width=672,height=990,quality=85/uploads/December2024/ao-giu-nhiet-ex-warm-lenzing-modal-co-trung-trang-1.jpg',_binary '\0'),(14816,421,3,_binary '','https://media3.coolmate.me/cdn-cgi/image/width=672,height=990,quality=85/uploads/December2024/24CMAW.DT003---Xam-1_98.jpg',_binary '\0'),(14817,420,4,_binary '\0','https://media3.coolmate.me/cdn-cgi/image/width=672,height=990,quality=85/uploads/March2024/24CMAW.TT003.23_84.jpg',_binary '\0'),(14819,474,1,_binary '\0','https://media3.coolmate.me/cdn-cgi/image/width=672,height=990,quality=85/uploads/July2024/24CMAW.TT011.29_85.jpg',_binary '\0'),(14820,461,1,_binary '\0','https://media3.coolmate.me/cdn-cgi/image/width=672,height=990,quality=85/uploads/October2024/2484.ULSMV.TSZ700_LETHALPROTECTOR1VENOM_0018_-52_DEN_60.jpg',_binary '\0'),(14821,2,4,_binary '\0','https://media3.coolmate.me/cdn-cgi/image/width=672,height=990,quality=85/uploads/December2024/ao-hoodie-essential-fleece-xam-nhat_(6).jpg',_binary '\0'),(14822,487,3,_binary '\0','https://media3.coolmate.me/cdn-cgi/image/width=672,height=990,quality=85/uploads/December2024/ao-phao-nhe-ultrawarm-xam-1.jpg',_binary '\0'),(14823,505,2,_binary '\0','https://media3.coolmate.me/cdn-cgi/image/width=672,height=990,quality=85/uploads/October2024/2484.ULSMV.TSZ707_HEHEHEVENOM_0058_-12_TRANG_57.jpg',_binary '\0'),(14824,4,3,_binary '\0','https://media3.coolmate.me/cdn-cgi/image/width=672,height=990,quality=85/uploads/December2024/ao-phao-nhe-ultrawarm-co-mu-xam-1.jpg',_binary '\0'),(14825,500,3,_binary '\0','https://media3.coolmate.me/cdn-cgi/image/width=672,height=990,quality=85/uploads/December2024/ao-giu-nhiet-ex-warm-lenzing-modal-co-cao-xam-1.jpg',_binary '\0'),(14826,457,2,_binary '\0','https://media3.coolmate.me/cdn-cgi/image/width=672,height=990,quality=85/uploads/October2024/2484.ULSMV.TSZ702_VENOM_0028_-42_TRANG_57.jpg',_binary '\0'),(14827,492,3,_binary '\0','https://media3.coolmate.me/cdn-cgi/image/width=672,height=990,quality=85/uploads/December2024/ao-giu-nhiet-essential-brush-poly-co-trung-xam-nhat-1.jpg',_binary '\0'),(14828,422,3,_binary '\0','https://media3.coolmate.me/cdn-cgi/image/width=672,height=990,quality=85/uploads/December2024/ao-dai-tay-the-thao-essentials-xam-1.jpg',_binary '\0'),(14829,470,1,_binary '\0','https://media3.coolmate.me/cdn-cgi/image/width=672,height=990,quality=85/uploads/October2024/2484.ULSMV.TSZ698_LETSDANCEVENOM_0003_-67_DEN.jpg',_binary '\0'),(14831,420,2,_binary '\0','https://media3.coolmate.me/cdn-cgi/image/width=672,height=990,quality=85/uploads/October2024/2484.ULSMV.TSZ702_VENOM_0028_-42_TRANG_71.jpg',_binary '\0'),(14832,440,2,_binary '','https://media3.coolmate.me/cdn-cgi/image/width=672,height=990,quality=85/uploads/October2024/2484.ULSMV.TSZ701_WEAREVENOM_0023_-47_TRANG_25.jpg',_binary '\0'),(14834,424,3,_binary '\0','https://media3.coolmate.me/cdn-cgi/image/width=672,height=990,quality=85/uploads/November2024/24CMCW.SM007_-_Xam_3.jpg',_binary '\0'),(14835,451,3,_binary '','https://media3.coolmate.me/cdn-cgi/image/width=672,height=990,quality=85/uploads/November2024/24CMHU.GN001_-_Xam_1.jpg',_binary '\0'),(14836,20,1,_binary '\0','https://media3.coolmate.me/cdn-cgi/image/width=672,height=990,quality=85/uploads/August2024/Ao_Thun_Nam_The_Thao_Coolmate_Basics_-_Den_6_(3).jpg',_binary '\0'),(14837,469,2,_binary '\0','https://media3.coolmate.me/cdn-cgi/image/width=672,height=990,quality=85/uploads/October2024/2484.ULSMV.TSZ698_LETSDANCEVENOM_0008_-62_TRANG.jpg',_binary '\0'),(14838,496,1,_binary '\0','https://media3.coolmate.me/cdn-cgi/image/width=672,height=990,quality=85/uploads/March2024/DSC04870_copy.jpg',_binary '\0'),(14839,453,2,_binary '','https://media3.coolmate.me/cdn-cgi/image/width=672,height=990,quality=85/uploads/July2024/Dobby_7.jpg',_binary '\0'),(14840,435,1,_binary '\0','https://media3.coolmate.me/cdn-cgi/image/width=672,height=990,quality=85/uploads/October2024/Legend_Club_3.1.jpg',_binary '\0'),(14841,439,4,_binary '\0','https://media3.coolmate.me/cdn-cgi/image/width=672,height=990,quality=85/uploads/February2025/ao-thun-the-thao-jacquard-seamless-xam-1.jpg',_binary '\0'),(14842,414,1,_binary '\0','https://media3.coolmate.me/cdn-cgi/image/width=672,height=990,quality=85/uploads/August2024/24CMAW.AT024.31.jpg',_binary '\0'),(14843,426,3,_binary '\0','https://media3.coolmate.me/cdn-cgi/image/width=672,height=990,quality=85/uploads/August2024/24CMAW.AT030.23.jpg',_binary '\0'),(14844,463,4,_binary '\0','https://media3.coolmate.me/cdn-cgi/image/width=672,height=990,quality=85/uploads/November2024/24CMCW.QD004__Xam_Xanh_1.jpg',_binary '\0'),(14845,483,3,_binary '\0','https://media3.coolmate.me/cdn-cgi/image/width=672,height=990,quality=85/uploads/November2024/24CMAW.KM010_-_Xam_2.jpg',_binary '\0'),(14846,4,2,_binary '\0','https://media3.coolmate.me/cdn-cgi/image/width=672,height=990,quality=85/uploads/November2024/24CMCW.QD004__Trang_6.jpg',_binary '\0'),(14847,416,2,_binary '\0','https://media3.coolmate.me/cdn-cgi/image/width=672,height=990,quality=85/uploads/November2024/Mickey_Mouse_Club_House_2.1.jpg',_binary '\0'),(14848,485,2,_binary '\0','https://media3.coolmate.me/cdn-cgi/image/width=672,height=990,quality=85/uploads/November2024/MouseNap_1.1.jpg',_binary '\0'),(14849,420,3,_binary '','https://media3.coolmate.me/cdn-cgi/image/width=672,height=990,quality=85/uploads/November2024/24CMCW.ST002_-_Xam_1.jpg',_binary '\0'),(14850,440,4,_binary '\0','https://media3.coolmate.me/cdn-cgi/image/width=672,height=990,quality=85/uploads/November2023/dt001.gym.10_83.jpg',_binary '\0'),(14851,457,4,_binary '\0','https://media3.coolmate.me/cdn-cgi/image/width=672,height=990,quality=85/uploads/February2025/ao-thun-the-thao-nam-active-basics-nhanh-kho-ex-dry-xam-dam-1.jpg',_binary '\0'),(14852,493,2,_binary '\0','https://media3.coolmate.me/cdn-cgi/image/width=672,height=990,quality=85/uploads/December2024/2484CW.DT002_-6564_-_TRANG.jpg',_binary '\0'),(14853,479,4,_binary '\0','https://media3.coolmate.me/cdn-cgi/image/width=672,height=990,quality=85/uploads/November2023/3dsinglet.1.jpg',_binary '\0'),(14854,447,4,_binary '\0','https://media3.coolmate.me/cdn-cgi/image/width=672,height=990,quality=85/uploads/November2023/_CMM5391.jpg',_binary '\0'),(14855,486,1,_binary '\0','https://media3.coolmate.me/cdn-cgi/image/width=672,height=990,quality=85/uploads/May2024/23CMAW.AT003.fixmau13_94.jpg',_binary '\0'),(14856,471,2,_binary '\0','https://media3.coolmate.me/cdn-cgi/image/width=672,height=990,quality=85/uploads/October2023/84rs.rep.2_32.jpg',_binary '\0'),(14857,474,1,_binary '\0','https://media3.coolmate.me/cdn-cgi/image/width=672,height=990,quality=85/uploads/November2024/24CMCW.QD004__24CMCW.QD004__Den_1.jpg',_binary '\0'),(14858,470,4,_binary '\0','https://media3.coolmate.me/cdn-cgi/image/width=672,height=990,quality=85/uploads/December2024/23CMCW.ST002.2_Xam-D.jpg',_binary '\0'),(14859,464,2,_binary '\0','https://media3.coolmate.me/cdn-cgi/image/width=672,height=990,quality=85/uploads/October2023/sao_giu_nhiet_trang_6.jpg',_binary '\0'),(14860,479,2,_binary '\0','https://media3.coolmate.me/cdn-cgi/image/width=672,height=990,quality=85/uploads/February2025/coolmate-x-copper-denim-ao-thun-phoi-jean-trang-1.jpg',_binary '\0'),(14861,418,2,_binary '\0','https://media3.coolmate.me/cdn-cgi/image/width=672,height=990,quality=85/uploads/October2024/_ADT.CP_-__Trang2.jpg',_binary '\0'),(14862,3,2,_binary '\0','https://media3.coolmate.me/cdn-cgi/image/width=672,height=990,quality=85/uploads/April2024/APL.EC.T.2_18.jpg',_binary '\0'),(14863,430,2,_binary '\0','https://media3.coolmate.me/cdn-cgi/image/width=672,height=990,quality=85/uploads/June2024/2484SW.AT011.13.jpg',_binary '\0'),(14864,452,1,_binary '\0','https://media3.coolmate.me/cdn-cgi/image/width=672,height=990,quality=85/uploads/December2024/24CMAW.KM007_-_Den_12.jpg',_binary '\0'),(14865,424,2,_binary '\0','https://media3.coolmate.me/cdn-cgi/image/width=672,height=990,quality=85/uploads/June2024/2484SW.AT010.7.jpg',_binary '\0'),(14866,433,1,_binary '\0','https://media3.coolmate.me/cdn-cgi/image/width=672,height=990,quality=85/uploads/November2024/Mickey_Mouse_Club_House_1.1.jpg',_binary '\0'),(14867,416,2,_binary '\0','https://media3.coolmate.me/cdn-cgi/image/width=672,height=990,quality=85/uploads/May2022/Cafe_trang_1.jpg',_binary '\0'),(14869,488,2,_binary '\0','https://media3.coolmate.me/cdn-cgi/image/width=672,height=990,quality=85/uploads/October2024/2484.ULSMV.TSZ706_EVERYDAYVENOM_0046__24_TRANG.jpg',_binary '\0'),(14870,480,2,_binary '\0','https://media3.coolmate.me/cdn-cgi/image/width=672,height=990,quality=85/uploads/October2024/Starring_Mickey_Mouse_1.1.jpg',_binary '\0'),(14871,431,2,_binary '\0','https://media3.coolmate.me/cdn-cgi/image/width=672,height=990,quality=85/uploads/April2023/shadowAo_thun_oversize__84RISING_logo5.jpg',_binary '\0'),(14872,417,3,_binary '\0','https://media3.coolmate.me/cdn-cgi/image/width=672,height=990,quality=85/uploads/April2023/Ao_thun_chay_bo_nam_Advanced_Fast__Free_Run12.jpg',_binary '\0'),(14873,453,2,_binary '\0','https://media3.coolmate.me/cdn-cgi/image/width=672,height=990,quality=85/uploads/October2023/CM006.thumb1.2_74.jpg',_binary '\0'),(14874,412,1,_binary '\0','https://media3.coolmate.me/cdn-cgi/image/width=672,height=990,quality=85/uploads/November2024/MouseNap_2.1.jpg',_binary '\0'),(14875,423,1,_binary '\0','https://media3.coolmate.me/cdn-cgi/image/width=672,height=990,quality=85/uploads/December2024/2484CW.DT002_-70-_DEN.jpg',_binary '\0'),(14876,485,4,_binary '\0','https://media3.coolmate.me/cdn-cgi/image/width=672,height=990,quality=85/uploads/December2024/ao-polo-nam-cafe-mau-xam-nhat-1.jpg',_binary '\0'),(14877,3,2,_binary '\0','https://media3.coolmate.me/cdn-cgi/image/width=672,height=990,quality=85/uploads/April2024/AT.CP.220.jpg',_binary '\0'),(14878,479,1,_binary '\0','https://media3.coolmate.me/cdn-cgi/image/width=672,height=990,quality=85/uploads/November2024/24CMCW.ST002_-_Den_1.jpg',_binary '\0'),(14879,20,2,_binary '\0','https://media3.coolmate.me/cdn-cgi/image/width=672,height=990,quality=85/uploads/March2024/stitchbeach2.jpg',_binary '\0'),(14880,485,3,_binary '\0','https://media3.coolmate.me/cdn-cgi/image/width=672,height=990,quality=85/uploads/October2024/ADT.CP_-__Xam-1testtt_(1)_(1)_(1)_(1).jpg',_binary '\0'),(14881,451,4,_binary '\0','https://media3.coolmate.me/cdn-cgi/image/width=672,height=990,quality=85/uploads/April2024/AT.CP.29.jpg',_binary '\0'),(14882,493,1,_binary '\0','https://media3.coolmate.me/cdn-cgi/image/width=672,height=990,quality=85/uploads/December2024/24CMAW.CM001_-_Den_1.jpg',_binary '\0'),(14883,457,3,_binary '\0','https://media3.coolmate.me/cdn-cgi/image/width=672,height=990,quality=85/uploads/December2024/ao-polo-nam-the-thao-promax-s1-mau-xam-tarmac_(1).jpg',_binary '\0'),(14884,457,1,_binary '\0','https://media3.coolmate.me/cdn-cgi/image/width=672,height=990,quality=85/uploads/December2024/24CMAW.KM002_-_Den_1.jpg',_binary '\0'),(14886,488,1,_binary '\0','https://media3.coolmate.me/cdn-cgi/image/width=672,height=990,quality=85/uploads/December2024/24CMAW.KM005_-_Den_1.jpg',_binary '\0'),(14887,418,1,_binary '\0','https://media3.coolmate.me/cdn-cgi/image/width=672,height=990,quality=85/uploads/December2024/24CMCW.SM012---Den-11_99.jpg',_binary '\0'),(14888,426,1,_binary '\0','https://media3.coolmate.me/cdn-cgi/image/width=672,height=990,quality=85/uploads/November2023/dt001.gym.5_50.jpg',_binary '\0'),(14889,430,1,_binary '\0','https://media3.coolmate.me/cdn-cgi/image/width=672,height=990,quality=85/uploads/April2022/DSC04765-copy.jpg',_binary '\0'),(14890,429,2,_binary '\0','https://media3.coolmate.me/cdn-cgi/image/width=672,height=990,quality=85/uploads/January2024/AT.220.den6.jpg',_binary '\0'),(14891,505,3,_binary '\0','https://media3.coolmate.me/cdn-cgi/image/width=672,height=990,quality=85/uploads/February2025/ASMC_Somi_Cafe_-_12_XAMN.jpg',_binary '\0'),(14892,428,2,_binary '\0','https://media3.coolmate.me/cdn-cgi/image/width=672,height=990,quality=85/uploads/December2024/polo-pique-basic-cotton-104-trang_(3).jpg',_binary '\0'),(14894,451,2,_binary '\0','https://media3.coolmate.me/cdn-cgi/image/width=672,height=990,quality=85/uploads/April2024/ATT.SN.T.ex2_27.jpg',_binary '\0'),(14895,436,2,_binary '\0','https://media3.coolmate.me/cdn-cgi/image/width=672,height=990,quality=85/uploads/March2024/ATT.PM.LGV2.10.jpg',_binary '\0'),(14896,466,2,_binary '\0','https://media3.coolmate.me/cdn-cgi/image/width=672,height=990,quality=85/uploads/December2024/ao-polo-nam-the-thao-promax-s1-trang-1.png',_binary '\0'),(14897,419,1,_binary '\0','https://media3.coolmate.me/cdn-cgi/image/width=672,height=990,quality=85/uploads/December2024/ao-dai-tay-the-thao-1699-den_(1).jpg',_binary '\0'),(14898,428,1,_binary '\0','https://media3.coolmate.me/cdn-cgi/image/width=672,height=990,quality=85/uploads/December2024/ao-thun-nam-the-thao-phoi-bo-co-den_(1).jpg',_binary '\0'),(14899,432,2,_binary '\0','https://media3.coolmate.me/cdn-cgi/image/width=672,height=990,quality=85/uploads/February2025/ASMC_Somi_Cafe_-_2_TRANG.jpg',_binary '\0'),(14900,451,3,_binary '\0','https://media3.coolmate.me/cdn-cgi/image/width=672,height=990,quality=85/uploads/February2025/24CMCW.KM001_-_19_XAM1.jpg',_binary '\0'),(14901,487,2,_binary '\0','https://media3.coolmate.me/cdn-cgi/image/width=672,height=990,quality=85/uploads/May2024/pack3aobalotrg.jpg',_binary '\0'),(14902,475,3,_binary '\0','https://media3.coolmate.me/cdn-cgi/image/width=672,height=990,quality=85/uploads/February2025/24CMCW.KM002_-_19_XAM1.jpg',_binary '\0'),(14903,489,1,_binary '\0','https://media3.coolmate.me/cdn-cgi/image/width=672,height=990,quality=85/uploads/December2024/ao-khoac-2-lop-casual-den_(3).jpg',_binary '\0'),(14904,418,2,_binary '\0','https://media3.coolmate.me/cdn-cgi/image/width=672,height=990,quality=85/uploads/December2024/ao-polo-the-thao-pro-active-1595-thoang-khi-ex-dry-phoi-mau-trang_(1).jpg',_binary '\0'),(14905,459,2,_binary '\0','https://media3.coolmate.me/cdn-cgi/image/width=672,height=990,quality=85/uploads/December2024/ao-polo-the-thao-pro-active-1595-thoang-khi-ex-dry-trang_(2).jpg',_binary '\0'),(14906,493,4,_binary '\0','https://media3.coolmate.me/cdn-cgi/image/width=672,height=990,quality=85/uploads/December2024/ao-polo-nam-cafe-essentials-thoang-mat-chong-uv-xam-2.jpg',_binary '\0'),(14907,474,3,_binary '\0','https://media3.coolmate.me/cdn-cgi/image/width=672,height=990,quality=85/uploads/June2024/24CMCW.CN003.6_78.jpg',_binary '\0'),(14908,443,2,_binary '\0','https://media3.coolmate.me/cdn-cgi/image/width=672,height=990,quality=85/uploads/February2022/IMG_5991_copy.jpg',_binary '\0'),(14909,423,2,_binary '\0','https://media3.coolmate.me/cdn-cgi/image/width=672,height=990,quality=85/uploads/February2025/ao-thun-gym-comfort-oversize-mau-trang_(7).jpg',_binary '\0'),(14910,469,1,_binary '\0','https://media3.coolmate.me/cdn-cgi/image/width=672,height=990,quality=85/uploads/December2024/ao-hoodie-essential-fleece-den_(1).jpg',_binary '\0'),(14911,489,4,_binary '\0','https://media3.coolmate.me/cdn-cgi/image/width=672,height=990,quality=85/uploads/December2024/ao-polo-the-thao-active-premium-thoang-khi-exdry-xam-1.jpg',_binary '\0'),(14912,441,3,_binary '\0','https://media3.coolmate.me/cdn-cgi/image/width=672,height=990,quality=85/uploads/December2024/ao-polo-the-thao-pro-active-1595-thoang-khi-ex-dry-xam-whiecaps_(2).jpg',_binary '\0'),(14913,487,3,_binary '\0','https://media3.coolmate.me/cdn-cgi/image/width=672,height=990,quality=85/uploads/July2024/xam1.jpg',_binary '\0'),(14914,496,1,_binary '\0','https://media3.coolmate.me/cdn-cgi/image/width=672,height=990,quality=85/uploads/December2024/ao-phao-day-ultrawarm-puffer-den_(11).jpg',_binary '\0'),(14915,478,2,_binary '\0','https://media3.coolmate.me/cdn-cgi/image/width=672,height=990,quality=85/uploads/October2024/Mockup_Ao_tran_ao_tot_bunggang_copy_(7).jpg',_binary '\0'),(14916,485,3,_binary '\0','https://media3.coolmate.me/cdn-cgi/image/width=672,height=990,quality=85/uploads/March2024/24CMAW.SL002.11_60.jpg',_binary '\0'),(14917,427,1,_binary '\0','https://media3.coolmate.me/cdn-cgi/image/width=672,height=990,quality=85/uploads/December2024/ao-phao-nhe-ultrawarm-den-1.jpg',_binary '\0'),(14918,439,1,_binary '\0','https://media3.coolmate.me/cdn-cgi/image/width=672,height=990,quality=85/uploads/December2024/ao-phao-nhe-ultrawarm-co-mu-den-1.jpg',_binary '\0'),(14919,456,2,_binary '\0','https://media3.coolmate.me/cdn-cgi/image/width=672,height=990,quality=85/uploads/June2024/24CMCL.AT009.15_18.jpg',_binary '\0'),(14920,449,3,_binary '\0','https://media3.coolmate.me/cdn-cgi/image/width=672,height=990,quality=85/uploads/October2024/ABL.RN.F.11_62.jpg',_binary '\0'),(14922,426,1,_binary '\0','https://media3.coolmate.me/cdn-cgi/image/width=672,height=990,quality=85/uploads/December2024/ao-giu-nhiet-ex-warm-lenzing-modal-co-cao-den-6.jpg',_binary '\0'),(14923,428,1,_binary '\0','https://media3.coolmate.me/cdn-cgi/image/width=672,height=990,quality=85/uploads/December2024/ao-giu-nhiet-essential-brush-poly-co-trung-den-1.jpg',_binary '\0'),(14924,459,1,_binary '','https://media3.coolmate.me/cdn-cgi/image/width=672,height=990,quality=85/uploads/December2024/ao-dai-tay-the-thao-essentials-den-1.jpg',_binary '\0'),(14925,413,1,_binary '\0','https://media3.coolmate.me/cdn-cgi/image/width=672,height=990,quality=85/uploads/November2024/24CMCW.SM007_-_Den_2.jpg',_binary '\0'),(14926,505,4,_binary '\0','https://media3.coolmate.me/cdn-cgi/image/width=672,height=990,quality=85/uploads/March2024/24CMAW.AT014.1_86.jpg',_binary '\0'),(14927,499,3,_binary '\0','https://media3.coolmate.me/cdn-cgi/image/width=672,height=990,quality=85/uploads/December2024/24CMAW.DT003---Xam-1_98.jpg',_binary '\0'),(14928,453,4,_binary '\0','https://media3.coolmate.me/cdn-cgi/image/width=672,height=990,quality=85/uploads/March2024/24CMAW.TT003.23_84.jpg',_binary '\0'),(14929,413,3,_binary '\0','https://media3.coolmate.me/cdn-cgi/image/width=672,height=990,quality=85/uploads/December2024/ao-hoodie-essential-fleece-xam-nhat_(6).jpg',_binary '\0'),(14930,454,2,_binary '\0','https://media3.coolmate.me/cdn-cgi/image/width=672,height=990,quality=85/uploads/October2024/2_embe_copy_2_(6).jpg',_binary '\0'),(14931,430,4,_binary '','https://media3.coolmate.me/cdn-cgi/image/width=672,height=990,quality=85/uploads/December2024/ao-phao-nhe-ultrawarm-xam-1.jpg',_binary '\0'),(14932,417,4,_binary '\0','https://media3.coolmate.me/cdn-cgi/image/width=672,height=990,quality=85/uploads/December2024/ao-phao-nhe-ultrawarm-co-mu-xam-1.jpg',_binary '\0'),(14933,455,4,_binary '\0','https://media3.coolmate.me/cdn-cgi/image/width=672,height=990,quality=85/uploads/December2024/ao-giu-nhiet-ex-warm-lenzing-modal-co-cao-xam-1.jpg',_binary '\0'),(14934,494,1,_binary '\0','https://media3.coolmate.me/cdn-cgi/image/width=672,height=990,quality=85/uploads/December2024/ao-giu-nhiet-ex-warm-lenzing-modal-co-trung-den-1.jpg',_binary '\0'),(14935,433,4,_binary '\0','https://media3.coolmate.me/cdn-cgi/image/width=672,height=990,quality=85/uploads/December2024/ao-giu-nhiet-essential-brush-poly-co-trung-xam-nhat-1.jpg',_binary '\0'),(14936,465,3,_binary '\0','https://media3.coolmate.me/cdn-cgi/image/width=672,height=990,quality=85/uploads/December2024/ao-dai-tay-the-thao-essentials-xam-1.jpg',_binary '\0'),(14937,3,4,_binary '','https://media3.coolmate.me/cdn-cgi/image/width=672,height=990,quality=85/uploads/November2024/24CMCW.SM007_-_Xam_3.jpg',_binary '\0'),(14938,17,1,_binary '\0','https://media3.coolmate.me/cdn-cgi/image/width=672,height=990,quality=85/uploads/November2024/24CMHU.GN001_-_Den_1.jpg',_binary '\0'),(14939,465,4,_binary '\0','https://media3.coolmate.me/cdn-cgi/image/width=672,height=990,quality=85/uploads/November2024/24CMHU.GN001_-_Xam_1.jpg',_binary '\0'),(14940,436,3,_binary '\0','https://media3.coolmate.me/cdn-cgi/image/width=672,height=990,quality=85/uploads/February2025/ao-thun-the-thao-jacquard-seamless-xam-1.jpg',_binary '\0'),(14941,431,3,_binary '\0','https://media3.coolmate.me/cdn-cgi/image/width=672,height=990,quality=85/uploads/August2024/24CMAW.AT030.23.jpg',_binary '\0'),(14942,412,3,_binary '\0','https://media3.coolmate.me/cdn-cgi/image/width=672,height=990,quality=85/uploads/November2024/24CMCW.QD004__Xam_Xanh_1.jpg',_binary '\0'),(14943,443,3,_binary '\0','https://media3.coolmate.me/cdn-cgi/image/width=672,height=990,quality=85/uploads/November2024/24CMAW.KM010_-_Xam_2.jpg',_binary '\0'),(14944,421,3,_binary '\0','https://media3.coolmate.me/cdn-cgi/image/width=672,height=990,quality=85/uploads/November2024/24CMCW.ST002_-_Xam_1.jpg',_binary '\0'),(14945,435,4,_binary '\0','https://media3.coolmate.me/cdn-cgi/image/width=672,height=990,quality=85/uploads/November2023/dt001.gym.10_83.jpg',_binary '\0'),(14946,459,4,_binary '\0','https://media3.coolmate.me/cdn-cgi/image/width=672,height=990,quality=85/uploads/February2025/ao-thun-the-thao-nam-active-basics-nhanh-kho-ex-dry-xam-dam-1.jpg',_binary '\0'),(14947,475,3,_binary '\0','https://media3.coolmate.me/cdn-cgi/image/width=672,height=990,quality=85/uploads/November2023/3dsinglet.1.jpg',_binary '\0'),(14948,446,1,_binary '','https://media3.coolmate.me/cdn-cgi/image/width=672,height=990,quality=85/uploads/October2024/2484.ULSMV.TSZ707_HEHEHEVENOM_0052_-18_DEN_70.jpg',_binary '\0'),(14949,467,2,_binary '','https://media3.coolmate.me/cdn-cgi/image/width=672,height=990,quality=85/uploads/September2023/cat_mama-2.jpg',_binary '\0'),(14950,415,2,_binary '','https://media3.coolmate.me/cdn-cgi/image/width=672,height=990,quality=85/uploads/October2024/1_Ao_dai_tay_RELAXED_FIT_CARE_SHARE_-_AO_AM_CHO_EM_trang.jpg',_binary '\0'),(14951,478,1,_binary '\0','https://media3.coolmate.me/cdn-cgi/image/width=672,height=990,quality=85/uploads/February2025/ao-thun-the-thao-jacquard-seamless-den-1_66.jpg',_binary '\0'),(14952,442,4,_binary '\0','https://media3.coolmate.me/cdn-cgi/image/width=672,height=990,quality=85/uploads/November2023/_CMM5391.jpg',_binary '\0'),(14953,453,1,_binary '\0','https://media3.coolmate.me/cdn-cgi/image/width=672,height=990,quality=85/uploads/October2024/2484.ULSMV.TSZ705__CLASSICVENOM-27_DEN_89.jpg',_binary '\0'),(14954,19,1,_binary '\0','https://media3.coolmate.me/cdn-cgi/image/width=672,height=990,quality=85/uploads/July2024/24CMAW.TT011.29_85.jpg',_binary '\0'),(14955,452,4,_binary '\0','https://media3.coolmate.me/cdn-cgi/image/width=672,height=990,quality=85/uploads/December2024/23CMCW.ST002.2_Xam-D.jpg',_binary '\0'),(14956,423,3,_binary '\0','https://media3.coolmate.me/cdn-cgi/image/width=672,height=990,quality=85/uploads/April2023/Ao_thun_chay_bo_nam_Advanced_Fast__Free_Run12.jpg',_binary '\0'),(14957,476,2,_binary '\0','https://media3.coolmate.me/cdn-cgi/image/width=672,height=990,quality=85/uploads/October2024/5_Ngoan_(1).jpg',_binary '\0'),(14958,497,4,_binary '\0','https://media3.coolmate.me/cdn-cgi/image/width=672,height=990,quality=85/uploads/December2024/ao-polo-nam-cafe-mau-xam-nhat-1.jpg',_binary '\0'),(14959,445,2,_binary '\0','https://media3.coolmate.me/cdn-cgi/image/width=672,height=990,quality=85/uploads/March2024/stitchcaydua21.jpg',_binary '\0'),(14960,474,3,_binary '\0','https://media3.coolmate.me/cdn-cgi/image/width=672,height=990,quality=85/uploads/October2024/ADT.CP_-__Xam-1testtt_(1)_(1)_(1)_(1).jpg',_binary '\0'),(14961,440,2,_binary '\0','https://media3.coolmate.me/cdn-cgi/image/width=672,height=990,quality=85/uploads/May2024/watertimi5.jpg',_binary '\0'),(14962,2,4,_binary '\0','https://media3.coolmate.me/cdn-cgi/image/width=672,height=990,quality=85/uploads/April2024/AT.CP.29.jpg',_binary '\0'),(14963,431,1,_binary '\0','https://media3.coolmate.me/cdn-cgi/image/width=672,height=990,quality=85/uploads/October2024/2484.ULSMV.TSZ700_LETHALPROTECTOR1VENOM_0018_-52_DEN_60.jpg',_binary '\0'),(14964,501,4,_binary '\0','https://media3.coolmate.me/cdn-cgi/image/width=672,height=990,quality=85/uploads/December2024/ao-polo-nam-the-thao-promax-s1-mau-xam-tarmac_(1).jpg',_binary '\0'),(14965,3,4,_binary '\0','https://media3.coolmate.me/cdn-cgi/image/width=672,height=990,quality=85/uploads/February2025/ASMC_Somi_Cafe_-_12_XAMN.jpg',_binary '\0'),(14966,421,2,_binary '\0','https://media3.coolmate.me/cdn-cgi/image/width=672,height=990,quality=85/uploads/October2024/3_iuembe_2D_2_copy_(4).jpg',_binary '\0'),(14967,481,3,_binary '\0','https://media3.coolmate.me/cdn-cgi/image/width=672,height=990,quality=85/uploads/February2025/24CMCW.KM001_-_19_XAM1.jpg',_binary '\0'),(14968,467,2,_binary '\0','https://media3.coolmate.me/cdn-cgi/image/width=672,height=990,quality=85/uploads/May2024/firesign3_37.jpg',_binary '\0'),(14969,484,3,_binary '\0','https://media3.coolmate.me/cdn-cgi/image/width=672,height=990,quality=85/uploads/February2025/24CMCW.KM002_-_19_XAM1.jpg',_binary '\0'),(14970,421,4,_binary '\0','https://media3.coolmate.me/cdn-cgi/image/width=672,height=990,quality=85/uploads/December2024/ao-polo-nam-cafe-essentials-thoang-mat-chong-uv-xam-2.jpg',_binary '\0'),(14971,431,1,_binary '\0','https://media3.coolmate.me/cdn-cgi/image/width=672,height=990,quality=85/uploads/October2024/2484.ULSMV.TSZ698_LETSDANCEVENOM_0003_-67_DEN.jpg',_binary '\0'),(14972,453,1,_binary '\0','https://media3.coolmate.me/cdn-cgi/image/width=672,height=990,quality=85/uploads/August2024/Ao_Thun_Nam_The_Thao_Coolmate_Basics_-_Den_6_(3).jpg',_binary '\0'),(14973,465,1,_binary '\0','https://media3.coolmate.me/cdn-cgi/image/width=672,height=990,quality=85/uploads/March2024/DSC04870_copy.jpg',_binary '\0'),(14974,495,3,_binary '\0','https://media3.coolmate.me/cdn-cgi/image/width=672,height=990,quality=85/uploads/June2024/24CMCW.CN003.6_78.jpg',_binary '\0'),(14975,475,2,_binary '','https://media3.coolmate.me/cdn-cgi/image/width=672,height=990,quality=85/uploads/October2024/Mockup_Ao_tran_ao_tot_bunggang_copy_(8).jpg',_binary '\0'),(14976,429,1,_binary '\0','https://media3.coolmate.me/cdn-cgi/image/width=672,height=990,quality=85/uploads/October2024/Legend_Club_3.1.jpg',_binary '\0'),(14977,491,1,_binary '\0','https://media3.coolmate.me/cdn-cgi/image/width=672,height=990,quality=85/uploads/August2024/24CMAW.AT024.31.jpg',_binary '\0'),(14978,459,4,_binary '\0','https://media3.coolmate.me/cdn-cgi/image/width=672,height=990,quality=85/uploads/December2024/ao-polo-the-thao-active-premium-thoang-khi-exdry-xam-1.jpg',_binary '\0'),(14979,428,3,_binary '\0','https://media3.coolmate.me/cdn-cgi/image/width=672,height=990,quality=85/uploads/December2024/ao-polo-the-thao-pro-active-1595-thoang-khi-ex-dry-xam-whiecaps_(2).jpg',_binary '\0'),(14980,415,2,_binary '\0','https://media3.coolmate.me/cdn-cgi/image/width=672,height=990,quality=85/uploads/September2023/chubby_corgi_pappa-2.jpg',_binary '\0'),(14981,426,2,_binary '\0','https://media3.coolmate.me/cdn-cgi/image/width=672,height=990,quality=85/uploads/October2024/5_Ao_dai_tay_RELAXED_FIT_CARE_SHARE_-_AO_AM_CHO_EM_-_NGOAN_XINH_IU.jpg',_binary '\0'),(14982,445,1,_binary '\0','https://media3.coolmate.me/cdn-cgi/image/width=672,height=990,quality=85/uploads/May2024/23CMAW.AT003.fixmau13_94.jpg',_binary '\0'),(14983,454,2,_binary '\0','https://media3.coolmate.me/cdn-cgi/image/width=672,height=990,quality=85/uploads/September2023/happy_cat-2.jpg',_binary '\0'),(14984,487,3,_binary '\0','https://media3.coolmate.me/cdn-cgi/image/width=672,height=990,quality=85/uploads/July2024/xam1.jpg',_binary '\0'),(14985,488,2,_binary '\0','https://media3.coolmate.me/cdn-cgi/image/width=672,height=990,quality=85/uploads/October2024/1_AACE_copy_(2).jpg',_binary '\0'),(14986,422,4,_binary '\0','https://media3.coolmate.me/cdn-cgi/image/width=672,height=990,quality=85/uploads/March2024/24CMAW.SL002.11_60.jpg',_binary '\0'),(14987,422,1,_binary '\0','https://media3.coolmate.me/cdn-cgi/image/width=672,height=990,quality=85/uploads/November2024/24CMCW.QD004__24CMCW.QD004__Den_1.jpg',_binary '\0'),(14988,421,1,_binary '\0','https://media3.coolmate.me/cdn-cgi/image/width=672,height=990,quality=85/uploads/December2024/24CMAW.KM007_-_Den_12.jpg',_binary '\0'),(14989,422,3,_binary '\0','https://media3.coolmate.me/cdn-cgi/image/width=672,height=990,quality=85/uploads/October2024/ABL.RN.F.11_62.jpg',_binary '\0'),(14990,464,3,_binary '\0','https://media3.coolmate.me/cdn-cgi/image/width=672,height=990,quality=85/uploads/March2024/24CMAW.AT014.1_86.jpg',_binary '\0'),(14991,439,3,_binary '\0','https://media3.coolmate.me/cdn-cgi/image/width=672,height=990,quality=85/uploads/December2024/24CMAW.DT003---Xam-1_98.jpg',_binary '\0'),(14992,461,2,_binary '\0','https://media3.coolmate.me/cdn-cgi/image/width=672,height=990,quality=85/uploads/February2025/ao-thun-care-share-mau-trang_(1).jpg',_binary '\0'),(14993,458,4,_binary '\0','https://media3.coolmate.me/cdn-cgi/image/width=672,height=990,quality=85/uploads/March2024/24CMAW.TT003.23_84.jpg',_binary '\0'),(14994,415,3,_binary '\0','https://media3.coolmate.me/cdn-cgi/image/width=672,height=990,quality=85/uploads/December2024/ao-hoodie-essential-fleece-xam-nhat_(6).jpg',_binary '\0'),(14995,486,1,_binary '\0','https://media3.coolmate.me/cdn-cgi/image/width=672,height=990,quality=85/uploads/November2024/Mickey_Mouse_Club_House_1.1.jpg',_binary '\0'),(14996,491,4,_binary '\0','https://media3.coolmate.me/cdn-cgi/image/width=672,height=990,quality=85/uploads/December2024/ao-phao-nhe-ultrawarm-xam-1.jpg',_binary '\0'),(14997,434,3,_binary '\0','https://media3.coolmate.me/cdn-cgi/image/width=672,height=990,quality=85/uploads/December2024/ao-phao-nhe-ultrawarm-co-mu-xam-1.jpg',_binary '\0'),(14998,459,4,_binary '\0','https://media3.coolmate.me/cdn-cgi/image/width=672,height=990,quality=85/uploads/December2024/ao-giu-nhiet-ex-warm-lenzing-modal-co-cao-xam-1.jpg',_binary '\0'),(14999,470,2,_binary '\0','https://media3.coolmate.me/cdn-cgi/image/width=672,height=990,quality=85/uploads/June2024/24CMAW.AT017.1_65.jpg',_binary '\0'),(15000,420,1,_binary '\0','https://media3.coolmate.me/cdn-cgi/image/width=672,height=990,quality=85/uploads/November2024/MouseNap_2.1.jpg',_binary '\0'),(15001,464,2,_binary '\0','https://media3.coolmate.me/cdn-cgi/image/width=672,height=990,quality=85/uploads/September2023/chubby_corgi--2.jpg',_binary '\0'),(15002,1,4,_binary '\0','https://media3.coolmate.me/cdn-cgi/image/width=672,height=990,quality=85/uploads/December2024/ao-giu-nhiet-essential-brush-poly-co-trung-xam-nhat-1.jpg',_binary '\0'),(15003,465,4,_binary '\0','https://media3.coolmate.me/cdn-cgi/image/width=672,height=990,quality=85/uploads/December2024/ao-dai-tay-the-thao-essentials-xam-1.jpg',_binary '\0'),(15004,456,2,_binary '\0','https://media3.coolmate.me/cdn-cgi/image/width=672,height=990,quality=85/uploads/January2024/conheo2.jpg',_binary '\0'),(15005,441,4,_binary '\0','https://media3.coolmate.me/cdn-cgi/image/width=672,height=990,quality=85/uploads/November2024/24CMCW.SM007_-_Xam_3.jpg',_binary '\0'),(15006,498,3,_binary '\0','https://media3.coolmate.me/cdn-cgi/image/width=672,height=990,quality=85/uploads/November2024/24CMHU.GN001_-_Xam_1.jpg',_binary '\0'),(15007,3,4,_binary '\0','https://media3.coolmate.me/cdn-cgi/image/width=672,height=990,quality=85/uploads/February2025/ao-thun-the-thao-jacquard-seamless-xam-1.jpg',_binary '\0'),(15008,452,2,_binary '\0','https://media3.coolmate.me/cdn-cgi/image/width=672,height=990,quality=85/uploads/January2024/concho1.jpg',_binary '\0'),(15009,483,2,_binary '\0','https://media3.coolmate.me/cdn-cgi/image/width=672,height=990,quality=85/uploads/May2024/earthsing6_92.jpg',_binary '\0'),(15010,476,2,_binary '\0','https://media3.coolmate.me/cdn-cgi/image/width=672,height=990,quality=85/uploads/January2024/consuu.3_27.jpg',_binary '\0'),(15011,454,3,_binary '\0','https://media3.coolmate.me/cdn-cgi/image/width=672,height=990,quality=85/uploads/August2024/24CMAW.AT030.23.jpg',_binary '\0'),(15012,428,4,_binary '\0','https://media3.coolmate.me/cdn-cgi/image/width=672,height=990,quality=85/uploads/November2024/24CMCW.QD004__Xam_Xanh_1.jpg',_binary '\0'),(15013,2,1,_binary '\0','https://media3.coolmate.me/cdn-cgi/image/width=672,height=990,quality=85/uploads/December2024/2484CW.DT002_-70-_DEN.jpg',_binary '\0'),(15014,476,1,_binary '\0','https://media3.coolmate.me/cdn-cgi/image/width=672,height=990,quality=85/uploads/November2024/24CMCW.ST002_-_Den_1.jpg',_binary '\0'),(15015,453,2,_binary '\0','https://media3.coolmate.me/cdn-cgi/image/width=672,height=990,quality=85/uploads/January2024/conmeo2.jpg',_binary '\0'),(15016,421,3,_binary '\0','https://media3.coolmate.me/cdn-cgi/image/width=672,height=990,quality=85/uploads/November2024/24CMAW.KM010_-_Xam_2.jpg',_binary '\0'),(15017,457,1,_binary '\0','https://media3.coolmate.me/cdn-cgi/image/width=672,height=990,quality=85/uploads/December2024/24CMAW.CM001_-_Den_1.jpg',_binary '\0'),(15018,445,4,_binary '\0','https://media3.coolmate.me/cdn-cgi/image/width=672,height=990,quality=85/uploads/November2024/24CMCW.ST002_-_Xam_1.jpg',_binary '\0'),(15019,469,4,_binary '\0','https://media3.coolmate.me/cdn-cgi/image/width=672,height=990,quality=85/uploads/November2023/dt001.gym.10_83.jpg',_binary '\0'),(15020,415,3,_binary '\0','https://media3.coolmate.me/cdn-cgi/image/width=672,height=990,quality=85/uploads/February2025/ao-thun-the-thao-nam-active-basics-nhanh-kho-ex-dry-xam-dam-1.jpg',_binary '\0'),(15021,488,3,_binary '\0','https://media3.coolmate.me/cdn-cgi/image/width=672,height=990,quality=85/uploads/November2023/3dsinglet.1.jpg',_binary '\0'),(15022,474,3,_binary '\0','https://media3.coolmate.me/cdn-cgi/image/width=672,height=990,quality=85/uploads/November2023/_CMM5391.jpg',_binary '\0'),(15023,493,3,_binary '\0','https://media3.coolmate.me/cdn-cgi/image/width=672,height=990,quality=85/uploads/December2024/23CMCW.ST002.2_Xam-D.jpg',_binary '\0'),(15024,498,2,_binary '\0','https://media3.coolmate.me/cdn-cgi/image/width=672,height=990,quality=85/uploads/January2024/conho1.jpg',_binary '\0'),(15025,430,4,_binary '\0','https://media3.coolmate.me/cdn-cgi/image/width=672,height=990,quality=85/uploads/April2023/Ao_thun_chay_bo_nam_Advanced_Fast__Free_Run12.jpg',_binary '\0'),(15026,454,1,_binary '\0','https://media3.coolmate.me/cdn-cgi/image/width=672,height=990,quality=85/uploads/December2024/24CMAW.KM002_-_Den_1.jpg',_binary '\0'),(15027,17,4,_binary '\0','https://media3.coolmate.me/cdn-cgi/image/width=672,height=990,quality=85/uploads/December2024/ao-polo-nam-cafe-mau-xam-nhat-1.jpg',_binary '\0'),(15028,448,3,_binary '\0','https://media3.coolmate.me/cdn-cgi/image/width=672,height=990,quality=85/uploads/October2024/ADT.CP_-__Xam-1testtt_(1)_(1)_(1)_(1).jpg',_binary '\0'),(15029,420,3,_binary '\0','https://media3.coolmate.me/cdn-cgi/image/width=672,height=990,quality=85/uploads/April2024/AT.CP.29.jpg',_binary '\0'),(15030,453,2,_binary '\0','https://media3.coolmate.me/cdn-cgi/image/width=672,height=990,quality=85/uploads/February2023/2a0C_S_T-SHIRT_VALENTINE-03.jpg',_binary '\0'),(15031,420,1,_binary '\0','https://media3.coolmate.me/cdn-cgi/image/width=672,height=990,quality=85/uploads/December2024/24CMAW.KM005_-_Den_1.jpg',_binary '\0'),(15032,18,1,_binary '\0','https://media3.coolmate.me/cdn-cgi/image/width=672,height=990,quality=85/uploads/December2024/24CMCW.SM012---Den-11_99.jpg',_binary '\0'),(15033,442,2,_binary '\0','https://media3.coolmate.me/cdn-cgi/image/width=672,height=990,quality=85/uploads/October2024/7_IMG_5162_(1).jpg',_binary '\0'),(15034,484,2,_binary '\0','https://media3.coolmate.me/cdn-cgi/image/width=672,height=990,quality=85/uploads/January2024/24CSCS.AT0011_95.jpg',_binary '\0'),(15035,498,1,_binary '\0','https://media3.coolmate.me/cdn-cgi/image/width=672,height=990,quality=85/uploads/November2023/dt001.gym.5_50.jpg',_binary '\0'),(15036,475,2,_binary '\0','https://media3.coolmate.me/cdn-cgi/image/width=672,height=990,quality=85/uploads/September2023/trung_thu-2.jpg',_binary '\0'),(15037,2,2,_binary '\0','https://media3.coolmate.me/cdn-cgi/image/width=672,height=990,quality=85/uploads/January2024/conngua2.jpg',_binary '\0'),(15038,467,2,_binary '\0','https://media3.coolmate.me/cdn-cgi/image/width=672,height=990,quality=85/uploads/January2024/conga3_93.jpg',_binary '\0'),(15039,492,4,_binary '\0','https://media3.coolmate.me/cdn-cgi/image/width=672,height=990,quality=85/uploads/December2024/ao-polo-nam-the-thao-promax-s1-mau-xam-tarmac_(1).jpg',_binary '\0'),(15040,439,4,_binary '\0','https://media3.coolmate.me/cdn-cgi/image/width=672,height=990,quality=85/uploads/February2025/ASMC_Somi_Cafe_-_12_XAMN.jpg',_binary '\0'),(15041,488,4,_binary '\0','https://media3.coolmate.me/cdn-cgi/image/width=672,height=990,quality=85/uploads/February2025/24CMCW.KM001_-_19_XAM1.jpg',_binary '\0'),(15042,2,1,_binary '\0','https://media3.coolmate.me/cdn-cgi/image/width=672,height=990,quality=85/uploads/April2022/DSC04765-copy.jpg',_binary '\0'),(15043,3,4,_binary '\0','https://media3.coolmate.me/cdn-cgi/image/width=672,height=990,quality=85/uploads/February2025/24CMCW.KM002_-_19_XAM1.jpg',_binary '\0'),(15044,457,2,_binary '\0','https://media3.coolmate.me/cdn-cgi/image/width=672,height=990,quality=85/uploads/January2024/conti.2.jpg',_binary '\0'),(15045,411,1,_binary '\0','https://media3.coolmate.me/cdn-cgi/image/width=672,height=990,quality=85/uploads/December2024/ao-dai-tay-the-thao-1699-den_(1).jpg',_binary '\0'),(15046,489,2,_binary '\0','https://media3.coolmate.me/cdn-cgi/image/width=672,height=990,quality=85/uploads/January2024/conkhi2_71.jpg',_binary '\0'),(15047,447,1,_binary '\0','https://media3.coolmate.me/cdn-cgi/image/width=672,height=990,quality=85/uploads/December2024/ao-thun-nam-the-thao-phoi-bo-co-den_(1).jpg',_binary '\0'),(15048,487,2,_binary '\0','https://media3.coolmate.me/cdn-cgi/image/width=672,height=990,quality=85/uploads/December2024/ao-dai-tay-the-thao-1699-trang_(3).jpg',_binary '\0'),(15049,498,3,_binary '\0','https://media3.coolmate.me/cdn-cgi/image/width=672,height=990,quality=85/uploads/December2024/ao-polo-nam-cafe-essentials-thoang-mat-chong-uv-xam-2.jpg',_binary '\0'),(15050,458,3,_binary '\0','https://media3.coolmate.me/cdn-cgi/image/width=672,height=990,quality=85/uploads/June2024/24CMCW.CN003.6_78.jpg',_binary '\0'),(15051,461,3,_binary '\0','https://media3.coolmate.me/cdn-cgi/image/width=672,height=990,quality=85/uploads/December2024/ao-polo-the-thao-active-premium-thoang-khi-exdry-xam-1.jpg',_binary '\0'),(15052,492,4,_binary '\0','https://media3.coolmate.me/cdn-cgi/image/width=672,height=990,quality=85/uploads/December2024/ao-polo-the-thao-pro-active-1595-thoang-khi-ex-dry-xam-whiecaps_(2).jpg',_binary '\0'),(15053,430,4,_binary '\0','https://media3.coolmate.me/cdn-cgi/image/width=672,height=990,quality=85/uploads/July2024/xam1.jpg',_binary '\0'),(15054,450,4,_binary '\0','https://media3.coolmate.me/cdn-cgi/image/width=672,height=990,quality=85/uploads/March2024/24CMAW.SL002.11_60.jpg',_binary '\0'),(15055,411,2,_binary '\0','https://media3.coolmate.me/cdn-cgi/image/width=672,height=990,quality=85/uploads/December2024/ao-giu-nhiet-ex-warm-lenzing-modal-co-cao-trang-1.jpg',_binary '\0'),(15056,452,2,_binary '\0','https://media3.coolmate.me/cdn-cgi/image/width=672,height=990,quality=85/uploads/December2024/ao-dai-tay-the-thao-essentials-trang-1.jpg',_binary '\0'),(15057,496,2,_binary '\0','https://media3.coolmate.me/cdn-cgi/image/width=672,height=990,quality=85/uploads/November2024/24CMCW.SM007_-_Trang_1.jpg',_binary '\0'),(15058,421,1,_binary '\0','https://media3.coolmate.me/cdn-cgi/image/width=672,height=990,quality=85/uploads/December2024/ao-khoac-2-lop-casual-den_(3).jpg',_binary '\0'),(15059,439,4,_binary '\0','https://media3.coolmate.me/cdn-cgi/image/width=672,height=990,quality=85/uploads/October2024/ABL.RN.F.11_62.jpg',_binary '\0'),(15060,463,4,_binary '\0','https://media3.coolmate.me/cdn-cgi/image/width=672,height=990,quality=85/uploads/March2024/24CMAW.AT014.1_86.jpg',_binary '\0'),(15061,463,3,_binary '\0','https://media3.coolmate.me/cdn-cgi/image/width=672,height=990,quality=85/uploads/December2024/24CMAW.DT003---Xam-1_98.jpg',_binary '\0'),(15062,462,2,_binary '\0','https://media3.coolmate.me/cdn-cgi/image/width=672,height=990,quality=85/uploads/December2024/ao-giu-nhiet-ex-warm-lenzing-modal-co-trung-trang-1.jpg',_binary '\0'),(15063,496,3,_binary '\0','https://media3.coolmate.me/cdn-cgi/image/width=672,height=990,quality=85/uploads/March2024/24CMAW.TT003.23_84.jpg',_binary '\0'),(15064,459,1,_binary '\0','https://media3.coolmate.me/cdn-cgi/image/width=672,height=990,quality=85/uploads/December2024/ao-hoodie-essential-fleece-den_(1).jpg',_binary '\0'),(15065,416,1,_binary '\0','https://media3.coolmate.me/cdn-cgi/image/width=672,height=990,quality=85/uploads/December2024/ao-phao-day-ultrawarm-puffer-den_(11).jpg',_binary '\0'),(15066,493,4,_binary '\0','https://media3.coolmate.me/cdn-cgi/image/width=672,height=990,quality=85/uploads/December2024/ao-hoodie-essential-fleece-xam-nhat_(6).jpg',_binary '\0'),(15067,495,1,_binary '\0','https://media3.coolmate.me/cdn-cgi/image/width=672,height=990,quality=85/uploads/December2024/ao-phao-nhe-ultrawarm-den-1.jpg',_binary '\0'),(15068,433,3,_binary '\0','https://media3.coolmate.me/cdn-cgi/image/width=672,height=990,quality=85/uploads/December2024/ao-phao-nhe-ultrawarm-xam-1.jpg',_binary '\0'),(15069,1,3,_binary '\0','https://media3.coolmate.me/cdn-cgi/image/width=672,height=990,quality=85/uploads/December2024/ao-phao-nhe-ultrawarm-co-mu-xam-1.jpg',_binary '\0'),(15070,467,2,_binary '\0','https://media3.coolmate.me/cdn-cgi/image/width=672,height=990,quality=85/uploads/October2024/2484.ULSMV.TSZ707_HEHEHEVENOM_0058_-12_TRANG_57.jpg',_binary '\0'),(15071,437,4,_binary '\0','https://media3.coolmate.me/cdn-cgi/image/width=672,height=990,quality=85/uploads/December2024/ao-giu-nhiet-ex-warm-lenzing-modal-co-cao-xam-1.jpg',_binary '\0'),(15072,1,2,_binary '\0','https://media3.coolmate.me/cdn-cgi/image/width=672,height=990,quality=85/uploads/October2024/2484.ULSMV.TSZ702_VENOM_0028_-42_TRANG_57.jpg',_binary '\0'),(15073,460,4,_binary '\0','https://media3.coolmate.me/cdn-cgi/image/width=672,height=990,quality=85/uploads/December2024/ao-giu-nhiet-essential-brush-poly-co-trung-xam-nhat-1.jpg',_binary '\0'),(15074,434,3,_binary '\0','https://media3.coolmate.me/cdn-cgi/image/width=672,height=990,quality=85/uploads/December2024/ao-dai-tay-the-thao-essentials-xam-1.jpg',_binary '\0'),(15075,483,1,_binary '\0','https://media3.coolmate.me/cdn-cgi/image/width=672,height=990,quality=85/uploads/December2024/ao-phao-nhe-ultrawarm-co-mu-den-1.jpg',_binary '\0'),(15076,459,1,_binary '\0','https://media3.coolmate.me/cdn-cgi/image/width=672,height=990,quality=85/uploads/December2024/ao-giu-nhiet-ex-warm-lenzing-modal-co-cao-den-6.jpg',_binary '\0'),(15077,446,1,_binary '\0','https://media3.coolmate.me/cdn-cgi/image/width=672,height=990,quality=85/uploads/December2024/ao-giu-nhiet-essential-brush-poly-co-trung-den-1.jpg',_binary '\0'),(15078,440,2,_binary '\0','https://media3.coolmate.me/cdn-cgi/image/width=672,height=990,quality=85/uploads/October2024/2484.ULSMV.TSZ702_VENOM_0028_-42_TRANG_71.jpg',_binary '\0'),(15079,456,2,_binary '\0','https://media3.coolmate.me/cdn-cgi/image/width=672,height=990,quality=85/uploads/October2024/2484.ULSMV.TSZ701_WEAREVENOM_0023_-47_TRANG_25.jpg',_binary '\0'),(15080,443,2,_binary '\0','https://media3.coolmate.me/cdn-cgi/image/width=672,height=990,quality=85/uploads/October2024/2484.ULSMV.TSZ698_LETSDANCEVENOM_0008_-62_TRANG.jpg',_binary '\0'),(15081,489,1,_binary '\0','https://media3.coolmate.me/cdn-cgi/image/width=672,height=990,quality=85/uploads/December2024/ao-dai-tay-the-thao-essentials-den-1.jpg',_binary '\0'),(15082,418,3,_binary '\0','https://media3.coolmate.me/cdn-cgi/image/width=672,height=990,quality=85/uploads/November2024/24CMCW.SM007_-_Xam_3.jpg',_binary '\0'),(15083,443,4,_binary '\0','https://media3.coolmate.me/cdn-cgi/image/width=672,height=990,quality=85/uploads/November2024/24CMHU.GN001_-_Xam_1.jpg',_binary '\0'),(15084,469,4,_binary '\0','https://media3.coolmate.me/cdn-cgi/image/width=672,height=990,quality=85/uploads/February2025/ao-thun-the-thao-jacquard-seamless-xam-1.jpg',_binary '\0'),(15085,492,2,_binary '\0','https://media3.coolmate.me/cdn-cgi/image/width=672,height=990,quality=85/uploads/July2024/Dobby_7.jpg',_binary '\0'),(15086,476,1,_binary '\0','https://media3.coolmate.me/cdn-cgi/image/width=672,height=990,quality=85/uploads/November2024/24CMCW.SM007_-_Den_2.jpg',_binary '\0'),(15087,445,3,_binary '\0','https://media3.coolmate.me/cdn-cgi/image/width=672,height=990,quality=85/uploads/August2024/24CMAW.AT030.23.jpg',_binary '\0'),(15088,440,2,_binary '\0','https://media3.coolmate.me/cdn-cgi/image/width=672,height=990,quality=85/uploads/November2024/24CMCW.QD004__Trang_6.jpg',_binary '\0'),(15089,436,1,_binary '\0','https://media3.coolmate.me/cdn-cgi/image/width=672,height=990,quality=85/uploads/December2024/ao-giu-nhiet-ex-warm-lenzing-modal-co-trung-den-1.jpg',_binary '\0'),(15090,430,4,_binary '\0','https://media3.coolmate.me/cdn-cgi/image/width=672,height=990,quality=85/uploads/November2024/24CMCW.QD004__Xam_Xanh_1.jpg',_binary '\0'),(15091,449,3,_binary '\0','https://media3.coolmate.me/cdn-cgi/image/width=672,height=990,quality=85/uploads/November2024/24CMAW.KM010_-_Xam_2.jpg',_binary '\0'),(15092,420,2,_binary '\0','https://media3.coolmate.me/cdn-cgi/image/width=672,height=990,quality=85/uploads/November2024/Mickey_Mouse_Club_House_2.1.jpg',_binary '\0'),(15093,422,4,_binary '\0','https://media3.coolmate.me/cdn-cgi/image/width=672,height=990,quality=85/uploads/November2024/24CMCW.ST002_-_Xam_1.jpg',_binary '\0'),(15094,419,3,_binary '\0','https://media3.coolmate.me/cdn-cgi/image/width=672,height=990,quality=85/uploads/November2023/dt001.gym.10_83.jpg',_binary '\0'),(15095,2,3,_binary '\0','https://media3.coolmate.me/cdn-cgi/image/width=672,height=990,quality=85/uploads/February2025/ao-thun-the-thao-nam-active-basics-nhanh-kho-ex-dry-xam-dam-1.jpg',_binary '\0'),(15096,464,1,_binary '\0','https://media3.coolmate.me/cdn-cgi/image/width=672,height=990,quality=85/uploads/November2024/24CMHU.GN001_-_Den_1.jpg',_binary '\0'),(15097,428,2,_binary '\0','https://media3.coolmate.me/cdn-cgi/image/width=672,height=990,quality=85/uploads/November2024/MouseNap_1.1.jpg',_binary '\0'),(15098,451,3,_binary '\0','https://media3.coolmate.me/cdn-cgi/image/width=672,height=990,quality=85/uploads/November2023/3dsinglet.1.jpg',_binary '\0'),(15099,411,1,_binary '\0','https://media3.coolmate.me/cdn-cgi/image/width=672,height=990,quality=85/uploads/October2024/2484.ULSMV.TSZ707_HEHEHEVENOM_0052_-18_DEN_70.jpg',_binary '\0'),(15100,415,2,_binary '\0','https://media3.coolmate.me/cdn-cgi/image/width=672,height=990,quality=85/uploads/December2024/2484CW.DT002_-6564_-_TRANG.jpg',_binary '\0'),(15101,2,2,_binary '\0','https://media3.coolmate.me/cdn-cgi/image/width=672,height=990,quality=85/uploads/October2023/84rs.rep.2_32.jpg',_binary '\0'),(15102,432,2,_binary '\0','https://media3.coolmate.me/cdn-cgi/image/width=672,height=990,quality=85/uploads/October2023/sao_giu_nhiet_trang_6.jpg',_binary '\0'),(15103,477,3,_binary '\0','https://media3.coolmate.me/cdn-cgi/image/width=672,height=990,quality=85/uploads/November2023/_CMM5391.jpg',_binary '\0'),(15104,504,3,_binary '\0','https://media3.coolmate.me/cdn-cgi/image/width=672,height=990,quality=85/uploads/December2024/23CMCW.ST002.2_Xam-D.jpg',_binary '\0'),(15105,501,2,_binary '\0','https://media3.coolmate.me/cdn-cgi/image/width=672,height=990,quality=85/uploads/February2025/coolmate-x-copper-denim-ao-thun-phoi-jean-trang-1.jpg',_binary '\0'),(15106,414,4,_binary '','https://media3.coolmate.me/cdn-cgi/image/width=672,height=990,quality=85/uploads/April2023/Ao_thun_chay_bo_nam_Advanced_Fast__Free_Run12.jpg',_binary '\0'),(15107,486,3,_binary '\0','https://media3.coolmate.me/cdn-cgi/image/width=672,height=990,quality=85/uploads/December2024/ao-polo-nam-cafe-mau-xam-nhat-1.jpg',_binary '\0'),(15108,492,3,_binary '\0','https://media3.coolmate.me/cdn-cgi/image/width=672,height=990,quality=85/uploads/October2024/ADT.CP_-__Xam-1testtt_(1)_(1)_(1)_(1).jpg',_binary '\0'),(15109,503,1,_binary '\0','https://media3.coolmate.me/cdn-cgi/image/width=672,height=990,quality=85/uploads/February2025/ao-thun-the-thao-jacquard-seamless-den-1_66.jpg',_binary '\0'),(15110,484,3,_binary '\0','https://media3.coolmate.me/cdn-cgi/image/width=672,height=990,quality=85/uploads/April2024/AT.CP.29.jpg',_binary '\0'),(15111,492,2,_binary '\0','https://media3.coolmate.me/cdn-cgi/image/width=672,height=990,quality=85/uploads/October2024/_ADT.CP_-__Trang2.jpg',_binary '\0'),(15112,443,1,_binary '\0','https://media3.coolmate.me/cdn-cgi/image/width=672,height=990,quality=85/uploads/October2024/2484.ULSMV.TSZ705__CLASSICVENOM-27_DEN_89.jpg',_binary '\0'),(15113,481,4,_binary '\0','https://media3.coolmate.me/cdn-cgi/image/width=672,height=990,quality=85/uploads/December2024/ao-polo-nam-the-thao-promax-s1-mau-xam-tarmac_(1).jpg',_binary '\0'),(15114,415,3,_binary '\0','https://media3.coolmate.me/cdn-cgi/image/width=672,height=990,quality=85/uploads/February2025/ASMC_Somi_Cafe_-_12_XAMN.jpg',_binary '\0'),(15115,458,4,_binary '\0','https://media3.coolmate.me/cdn-cgi/image/width=672,height=990,quality=85/uploads/February2025/24CMCW.KM001_-_19_XAM1.jpg',_binary '\0'),(15116,503,2,_binary '\0','https://media3.coolmate.me/cdn-cgi/image/width=672,height=990,quality=85/uploads/April2024/APL.EC.T.2_18.jpg',_binary '\0'),(15117,501,1,_binary '\0','https://media3.coolmate.me/cdn-cgi/image/width=672,height=990,quality=85/uploads/July2024/24CMAW.TT011.29_85.jpg',_binary '\0'),(15118,413,3,_binary '\0','https://media3.coolmate.me/cdn-cgi/image/width=672,height=990,quality=85/uploads/February2025/24CMCW.KM002_-_19_XAM1.jpg',_binary '\0'),(15119,463,2,_binary '\0','https://media3.coolmate.me/cdn-cgi/image/width=672,height=990,quality=85/uploads/June2024/2484SW.AT011.13.jpg',_binary '\0'),(15120,458,1,_binary '\0','https://media3.coolmate.me/cdn-cgi/image/width=672,height=990,quality=85/uploads/October2024/2484.ULSMV.TSZ700_LETHALPROTECTOR1VENOM_0018_-52_DEN_60.jpg',_binary '\0'),(15121,430,2,_binary '\0','https://media3.coolmate.me/cdn-cgi/image/width=672,height=990,quality=85/uploads/June2024/2484SW.AT010.7.jpg',_binary '\0'),(15122,494,2,_binary '\0','https://media3.coolmate.me/cdn-cgi/image/width=672,height=990,quality=85/uploads/May2022/Cafe_trang_1.jpg',_binary '\0'),(15123,20,3,_binary '\0','https://media3.coolmate.me/cdn-cgi/image/width=672,height=990,quality=85/uploads/December2024/ao-polo-nam-cafe-essentials-thoang-mat-chong-uv-xam-2.jpg',_binary '\0'),(15124,436,2,_binary '\0','https://media3.coolmate.me/cdn-cgi/image/width=672,height=990,quality=85/uploads/October2024/2484.ULSMV.TSZ706_EVERYDAYVENOM_0046__24_TRANG.jpg',_binary '\0'),(15125,446,4,_binary '\0','https://media3.coolmate.me/cdn-cgi/image/width=672,height=990,quality=85/uploads/June2024/24CMCW.CN003.6_78.jpg',_binary '\0'),(15126,423,3,_binary '\0','https://media3.coolmate.me/cdn-cgi/image/width=672,height=990,quality=85/uploads/December2024/ao-polo-the-thao-active-premium-thoang-khi-exdry-xam-1.jpg',_binary '\0'),(15127,468,1,_binary '\0','https://media3.coolmate.me/cdn-cgi/image/width=672,height=990,quality=85/uploads/October2024/2484.ULSMV.TSZ698_LETSDANCEVENOM_0003_-67_DEN.jpg',_binary '\0'),(15128,492,3,_binary '\0','https://media3.coolmate.me/cdn-cgi/image/width=672,height=990,quality=85/uploads/December2024/ao-polo-the-thao-pro-active-1595-thoang-khi-ex-dry-xam-whiecaps_(2).jpg',_binary '\0'),(15129,420,3,_binary '\0','https://media3.coolmate.me/cdn-cgi/image/width=672,height=990,quality=85/uploads/July2024/xam1.jpg',_binary '\0'),(15130,489,1,_binary '\0','https://media3.coolmate.me/cdn-cgi/image/width=672,height=990,quality=85/uploads/August2024/Ao_Thun_Nam_The_Thao_Coolmate_Basics_-_Den_6_(3).jpg',_binary '\0'),(15131,482,4,_binary '\0','https://media3.coolmate.me/cdn-cgi/image/width=672,height=990,quality=85/uploads/March2024/24CMAW.SL002.11_60.jpg',_binary '\0'),(15132,415,1,_binary '\0','https://media3.coolmate.me/cdn-cgi/image/width=672,height=990,quality=85/uploads/March2024/DSC04870_copy.jpg',_binary '\0'),(15133,441,4,_binary '\0','https://media3.coolmate.me/cdn-cgi/image/width=672,height=990,quality=85/uploads/October2024/ABL.RN.F.11_62.jpg',_binary '\0'),(15134,446,2,_binary '\0','https://media3.coolmate.me/cdn-cgi/image/width=672,height=990,quality=85/uploads/October2024/Starring_Mickey_Mouse_1.1.jpg',_binary '\0'),(15135,414,4,_binary '\0','https://media3.coolmate.me/cdn-cgi/image/width=672,height=990,quality=85/uploads/March2024/24CMAW.AT014.1_86.jpg',_binary '\0'),(15136,423,4,_binary '\0','https://media3.coolmate.me/cdn-cgi/image/width=672,height=990,quality=85/uploads/December2024/24CMAW.DT003---Xam-1_98.jpg',_binary '\0'),(15137,429,2,_binary '\0','https://media3.coolmate.me/cdn-cgi/image/width=672,height=990,quality=85/uploads/April2023/shadowAo_thun_oversize__84RISING_logo5.jpg',_binary '\0'),(15138,435,3,_binary '\0','https://media3.coolmate.me/cdn-cgi/image/width=672,height=990,quality=85/uploads/March2024/24CMAW.TT003.23_84.jpg',_binary '\0'),(15139,19,4,_binary '\0','https://media3.coolmate.me/cdn-cgi/image/width=672,height=990,quality=85/uploads/December2024/ao-hoodie-essential-fleece-xam-nhat_(6).jpg',_binary '\0'),(15140,451,4,_binary '\0','https://media3.coolmate.me/cdn-cgi/image/width=672,height=990,quality=85/uploads/December2024/ao-phao-nhe-ultrawarm-xam-1.jpg',_binary '\0'),(15141,2,3,_binary '\0','https://media3.coolmate.me/cdn-cgi/image/width=672,height=990,quality=85/uploads/December2024/ao-phao-nhe-ultrawarm-co-mu-xam-1.jpg',_binary '\0'),(15142,465,4,_binary '\0','https://media3.coolmate.me/cdn-cgi/image/width=672,height=990,quality=85/uploads/December2024/ao-giu-nhiet-ex-warm-lenzing-modal-co-cao-xam-1.jpg',_binary '\0'),(15143,479,2,_binary '\0','https://media3.coolmate.me/cdn-cgi/image/width=672,height=990,quality=85/uploads/October2023/CM006.thumb1.2_74.jpg',_binary '\0'),(15144,484,4,_binary '\0','https://media3.coolmate.me/cdn-cgi/image/width=672,height=990,quality=85/uploads/December2024/ao-giu-nhiet-essential-brush-poly-co-trung-xam-nhat-1.jpg',_binary '\0'),(15145,470,4,_binary '\0','https://media3.coolmate.me/cdn-cgi/image/width=672,height=990,quality=85/uploads/December2024/ao-dai-tay-the-thao-essentials-xam-1.jpg',_binary '\0'),(15146,462,4,_binary '\0','https://media3.coolmate.me/cdn-cgi/image/width=672,height=990,quality=85/uploads/November2024/24CMCW.SM007_-_Xam_3.jpg',_binary '\0'),(15147,502,4,_binary '\0','https://media3.coolmate.me/cdn-cgi/image/width=672,height=990,quality=85/uploads/November2024/24CMHU.GN001_-_Xam_1.jpg',_binary '\0'),(15148,423,4,_binary '\0','https://media3.coolmate.me/cdn-cgi/image/width=672,height=990,quality=85/uploads/February2025/ao-thun-the-thao-jacquard-seamless-xam-1.jpg',_binary '\0'),(15149,438,3,_binary '\0','https://media3.coolmate.me/cdn-cgi/image/width=672,height=990,quality=85/uploads/August2024/24CMAW.AT030.23.jpg',_binary '\0'),(15150,457,4,_binary '\0','https://media3.coolmate.me/cdn-cgi/image/width=672,height=990,quality=85/uploads/November2024/24CMCW.QD004__Xam_Xanh_1.jpg',_binary '\0'),(15151,484,1,_binary '\0','https://media3.coolmate.me/cdn-cgi/image/width=672,height=990,quality=85/uploads/October2024/Legend_Club_3.1.jpg',_binary '\0'),(15152,414,4,_binary '\0','https://media3.coolmate.me/cdn-cgi/image/width=672,height=990,quality=85/uploads/November2024/24CMAW.KM010_-_Xam_2.jpg',_binary '\0'),(15153,442,1,_binary '\0','https://media3.coolmate.me/cdn-cgi/image/width=672,height=990,quality=85/uploads/August2024/24CMAW.AT024.31.jpg',_binary '\0'),(15154,498,2,_binary '\0','https://media3.coolmate.me/cdn-cgi/image/width=672,height=990,quality=85/uploads/April2024/AT.CP.220.jpg',_binary '\0'),(15155,493,3,_binary '\0','https://media3.coolmate.me/cdn-cgi/image/width=672,height=990,quality=85/uploads/November2024/24CMCW.ST002_-_Xam_1.jpg',_binary '\0'),(15156,474,2,_binary '\0','https://media3.coolmate.me/cdn-cgi/image/width=672,height=990,quality=85/uploads/March2024/stitchbeach2.jpg',_binary '\0'),(15157,459,1,_binary '\0','https://media3.coolmate.me/cdn-cgi/image/width=672,height=990,quality=85/uploads/May2024/23CMAW.AT003.fixmau13_94.jpg',_binary '\0'),(15158,447,4,_binary '\0','https://media3.coolmate.me/cdn-cgi/image/width=672,height=990,quality=85/uploads/November2023/dt001.gym.10_83.jpg',_binary '\0'),(15159,462,3,_binary '\0','https://media3.coolmate.me/cdn-cgi/image/width=672,height=990,quality=85/uploads/February2025/ao-thun-the-thao-nam-active-basics-nhanh-kho-ex-dry-xam-dam-1.jpg',_binary '\0'),(15160,435,4,_binary '\0','https://media3.coolmate.me/cdn-cgi/image/width=672,height=990,quality=85/uploads/November2023/3dsinglet.1.jpg',_binary '\0'),(15161,443,1,_binary '\0','https://media3.coolmate.me/cdn-cgi/image/width=672,height=990,quality=85/uploads/November2024/24CMCW.QD004__24CMCW.QD004__Den_1.jpg',_binary '\0'),(15162,451,1,_binary '\0','https://media3.coolmate.me/cdn-cgi/image/width=672,height=990,quality=85/uploads/December2024/24CMAW.KM007_-_Den_12.jpg',_binary '\0'),(15163,425,1,_binary '\0','https://media3.coolmate.me/cdn-cgi/image/width=672,height=990,quality=85/uploads/November2024/Mickey_Mouse_Club_House_1.1.jpg',_binary '\0'),(15164,415,2,_binary '\0','https://media3.coolmate.me/cdn-cgi/image/width=672,height=990,quality=85/uploads/January2024/AT.220.den6.jpg',_binary '\0'),(15165,433,1,_binary '\0','https://media3.coolmate.me/cdn-cgi/image/width=672,height=990,quality=85/uploads/November2024/MouseNap_2.1.jpg',_binary '\0'),(15166,464,2,_binary '\0','https://media3.coolmate.me/cdn-cgi/image/width=672,height=990,quality=85/uploads/December2024/polo-pique-basic-cotton-104-trang_(3).jpg',_binary '\0'),(15167,413,2,_binary '\0','https://media3.coolmate.me/cdn-cgi/image/width=672,height=990,quality=85/uploads/April2024/ATT.SN.T.ex2_27.jpg',_binary '\0'),(15168,19,3,_binary '\0','https://media3.coolmate.me/cdn-cgi/image/width=672,height=990,quality=85/uploads/November2023/_CMM5391.jpg',_binary '\0'),(15169,1,3,_binary '\0','https://media3.coolmate.me/cdn-cgi/image/width=672,height=990,quality=85/uploads/December2024/23CMCW.ST002.2_Xam-D.jpg',_binary '\0'),(15170,446,1,_binary '\0','https://media3.coolmate.me/cdn-cgi/image/width=672,height=990,quality=85/uploads/December2024/2484CW.DT002_-70-_DEN.jpg',_binary '\0'),(15171,457,3,_binary '\0','https://media3.coolmate.me/cdn-cgi/image/width=672,height=990,quality=85/uploads/April2023/Ao_thun_chay_bo_nam_Advanced_Fast__Free_Run12.jpg',_binary '\0'),(15172,481,2,_binary '\0','https://media3.coolmate.me/cdn-cgi/image/width=672,height=990,quality=85/uploads/March2024/ATT.PM.LGV2.10.jpg',_binary '\0'),(15173,494,3,_binary '\0','https://media3.coolmate.me/cdn-cgi/image/width=672,height=990,quality=85/uploads/December2024/ao-polo-nam-cafe-mau-xam-nhat-1.jpg',_binary '\0'),(15174,420,3,_binary '\0','https://media3.coolmate.me/cdn-cgi/image/width=672,height=990,quality=85/uploads/October2024/ADT.CP_-__Xam-1testtt_(1)_(1)_(1)_(1).jpg',_binary '\0'),(15175,437,2,_binary '\0','https://media3.coolmate.me/cdn-cgi/image/width=672,height=990,quality=85/uploads/December2024/ao-polo-nam-the-thao-promax-s1-trang-1.png',_binary '\0'),(15176,474,4,_binary '\0','https://media3.coolmate.me/cdn-cgi/image/width=672,height=990,quality=85/uploads/April2024/AT.CP.29.jpg',_binary '\0'),(15177,444,2,_binary '\0','https://media3.coolmate.me/cdn-cgi/image/width=672,height=990,quality=85/uploads/February2025/ASMC_Somi_Cafe_-_2_TRANG.jpg',_binary '\0'),(15178,443,2,_binary '\0','https://media3.coolmate.me/cdn-cgi/image/width=672,height=990,quality=85/uploads/May2024/pack3aobalotrg.jpg',_binary '\0'),(15179,436,4,_binary '\0','https://media3.coolmate.me/cdn-cgi/image/width=672,height=990,quality=85/uploads/December2024/ao-polo-nam-the-thao-promax-s1-mau-xam-tarmac_(1).jpg',_binary '\0'),(15180,440,1,_binary '\0','https://media3.coolmate.me/cdn-cgi/image/width=672,height=990,quality=85/uploads/November2024/24CMCW.ST002_-_Den_1.jpg',_binary '\0'),(15181,20,1,_binary '\0','https://media3.coolmate.me/cdn-cgi/image/width=672,height=990,quality=85/uploads/December2024/24CMAW.CM001_-_Den_1.jpg',_binary '\0'),(15182,451,4,_binary '\0','https://media3.coolmate.me/cdn-cgi/image/width=672,height=990,quality=85/uploads/February2025/ASMC_Somi_Cafe_-_12_XAMN.jpg',_binary '\0'),(15183,498,1,_binary '\0','https://media3.coolmate.me/cdn-cgi/image/width=672,height=990,quality=85/uploads/December2024/24CMAW.KM002_-_Den_1.jpg',_binary '\0'),(15184,440,4,_binary '\0','https://media3.coolmate.me/cdn-cgi/image/width=672,height=990,quality=85/uploads/February2025/24CMCW.KM001_-_19_XAM1.jpg',_binary '\0'),(15185,461,3,_binary '\0','https://media3.coolmate.me/cdn-cgi/image/width=672,height=990,quality=85/uploads/February2025/24CMCW.KM002_-_19_XAM1.jpg',_binary '\0'),(15186,468,2,_binary '\0','https://media3.coolmate.me/cdn-cgi/image/width=672,height=990,quality=85/uploads/December2024/ao-polo-the-thao-pro-active-1595-thoang-khi-ex-dry-phoi-mau-trang_(1).jpg',_binary '\0'),(15187,439,2,_binary '\0','https://media3.coolmate.me/cdn-cgi/image/width=672,height=990,quality=85/uploads/December2024/ao-polo-the-thao-pro-active-1595-thoang-khi-ex-dry-trang_(2).jpg',_binary '\0'),(15188,434,2,_binary '\0','https://media3.coolmate.me/cdn-cgi/image/width=672,height=990,quality=85/uploads/February2022/IMG_5991_copy.jpg',_binary '\0'),(15189,481,3,_binary '\0','https://media3.coolmate.me/cdn-cgi/image/width=672,height=990,quality=85/uploads/December2024/ao-polo-nam-cafe-essentials-thoang-mat-chong-uv-xam-2.jpg',_binary '\0'),(15190,438,1,_binary '\0','https://media3.coolmate.me/cdn-cgi/image/width=672,height=990,quality=85/uploads/December2024/24CMAW.KM005_-_Den_1.jpg',_binary '\0'),(15191,485,4,_binary '\0','https://media3.coolmate.me/cdn-cgi/image/width=672,height=990,quality=85/uploads/June2024/24CMCW.CN003.6_78.jpg',_binary '\0'),(15192,481,4,_binary '\0','https://media3.coolmate.me/cdn-cgi/image/width=672,height=990,quality=85/uploads/December2024/ao-polo-the-thao-active-premium-thoang-khi-exdry-xam-1.jpg',_binary '\0'),(15193,445,1,_binary '\0','https://media3.coolmate.me/cdn-cgi/image/width=672,height=990,quality=85/uploads/December2024/ao-dai-tay-the-thao-1699-den_(1).jpg',_binary '\0'),(15194,484,1,_binary '\0','https://media3.coolmate.me/cdn-cgi/image/width=672,height=990,quality=85/uploads/December2024/ao-thun-nam-the-thao-phoi-bo-co-den_(1).jpg',_binary '\0'),(15195,435,2,_binary '\0','https://media3.coolmate.me/cdn-cgi/image/width=672,height=990,quality=85/uploads/February2025/ao-thun-gym-comfort-oversize-mau-trang_(7).jpg',_binary '\0'),(15196,475,2,_binary '\0','https://media3.coolmate.me/cdn-cgi/image/width=672,height=990,quality=85/uploads/October2024/Mockup_Ao_tran_ao_tot_bunggang_copy_(7).jpg',_binary '\0'),(15197,487,1,_binary '\0','https://media3.coolmate.me/cdn-cgi/image/width=672,height=990,quality=85/uploads/December2024/ao-khoac-2-lop-casual-den_(3).jpg',_binary '\0'),(15198,467,3,_binary '\0','https://media3.coolmate.me/cdn-cgi/image/width=672,height=990,quality=85/uploads/December2024/ao-polo-the-thao-pro-active-1595-thoang-khi-ex-dry-xam-whiecaps_(2).jpg',_binary '\0'),(15199,502,3,_binary '\0','https://media3.coolmate.me/cdn-cgi/image/width=672,height=990,quality=85/uploads/July2024/xam1.jpg',_binary '\0'),(15200,419,4,_binary '\0','https://media3.coolmate.me/cdn-cgi/image/width=672,height=990,quality=85/uploads/March2024/24CMAW.SL002.11_60.jpg',_binary '\0'),(15201,472,4,_binary '\0','https://media3.coolmate.me/cdn-cgi/image/width=672,height=990,quality=85/uploads/October2024/ABL.RN.F.11_62.jpg',_binary '\0'),(15202,473,1,_binary '\0','https://media3.coolmate.me/cdn-cgi/image/width=672,height=990,quality=85/uploads/December2024/ao-hoodie-essential-fleece-den_(1).jpg',_binary '\0'),(15203,505,3,_binary '\0','https://media3.coolmate.me/cdn-cgi/image/width=672,height=990,quality=85/uploads/March2024/24CMAW.AT014.1_86.jpg',_binary '\0'),(15204,420,1,_binary '\0','https://media3.coolmate.me/cdn-cgi/image/width=672,height=990,quality=85/uploads/December2024/ao-phao-day-ultrawarm-puffer-den_(11).jpg',_binary '\0'),(15205,459,3,_binary '\0','https://media3.coolmate.me/cdn-cgi/image/width=672,height=990,quality=85/uploads/December2024/24CMAW.DT003---Xam-1_98.jpg',_binary '\0'),(15206,465,2,_binary '\0','https://media3.coolmate.me/cdn-cgi/image/width=672,height=990,quality=85/uploads/June2024/24CMCL.AT009.15_18.jpg',_binary '\0'),(15207,433,2,_binary '\0','https://media3.coolmate.me/cdn-cgi/image/width=672,height=990,quality=85/uploads/October2024/2_embe_copy_2_(6).jpg',_binary '\0'),(15208,440,1,_binary '\0','https://media3.coolmate.me/cdn-cgi/image/width=672,height=990,quality=85/uploads/December2024/ao-phao-nhe-ultrawarm-den-1.jpg',_binary '\0'),(15209,495,4,_binary '\0','https://media3.coolmate.me/cdn-cgi/image/width=672,height=990,quality=85/uploads/March2024/24CMAW.TT003.23_84.jpg',_binary '\0'),(15210,435,4,_binary '\0','https://media3.coolmate.me/cdn-cgi/image/width=672,height=990,quality=85/uploads/December2024/ao-hoodie-essential-fleece-xam-nhat_(6).jpg',_binary '\0'),(15211,440,1,_binary '\0','https://media3.coolmate.me/cdn-cgi/image/width=672,height=990,quality=85/uploads/December2024/ao-phao-nhe-ultrawarm-co-mu-den-1.jpg',_binary '\0'),(15212,479,3,_binary '\0','https://media3.coolmate.me/cdn-cgi/image/width=672,height=990,quality=85/uploads/December2024/ao-phao-nhe-ultrawarm-xam-1.jpg',_binary '\0'),(15213,446,4,_binary '\0','https://media3.coolmate.me/cdn-cgi/image/width=672,height=990,quality=85/uploads/December2024/ao-phao-nhe-ultrawarm-co-mu-xam-1.jpg',_binary '\0'),(15214,503,4,_binary '\0','https://media3.coolmate.me/cdn-cgi/image/width=672,height=990,quality=85/uploads/December2024/ao-giu-nhiet-ex-warm-lenzing-modal-co-cao-xam-1.jpg',_binary '\0'),(15215,476,4,_binary '\0','https://media3.coolmate.me/cdn-cgi/image/width=672,height=990,quality=85/uploads/December2024/ao-giu-nhiet-essential-brush-poly-co-trung-xam-nhat-1.jpg',_binary '\0'),(15216,499,2,_binary '\0','https://media3.coolmate.me/cdn-cgi/image/width=672,height=990,quality=85/uploads/September2023/cat_mama-2.jpg',_binary '\0'),(15217,457,4,_binary '\0','https://media3.coolmate.me/cdn-cgi/image/width=672,height=990,quality=85/uploads/December2024/ao-dai-tay-the-thao-essentials-xam-1.jpg',_binary '\0'),(15218,466,3,_binary '\0','https://media3.coolmate.me/cdn-cgi/image/width=672,height=990,quality=85/uploads/November2024/24CMCW.SM007_-_Xam_3.jpg',_binary '\0'),(15219,1,3,_binary '\0','https://media3.coolmate.me/cdn-cgi/image/width=672,height=990,quality=85/uploads/November2024/24CMHU.GN001_-_Xam_1.jpg',_binary '\0'),(15220,480,3,_binary '\0','https://media3.coolmate.me/cdn-cgi/image/width=672,height=990,quality=85/uploads/February2025/ao-thun-the-thao-jacquard-seamless-xam-1.jpg',_binary '\0'),(15221,475,4,_binary '\0','https://media3.coolmate.me/cdn-cgi/image/width=672,height=990,quality=85/uploads/August2024/24CMAW.AT030.23.jpg',_binary '\0'),(15222,19,3,_binary '\0','https://media3.coolmate.me/cdn-cgi/image/width=672,height=990,quality=85/uploads/November2024/24CMCW.QD004__Xam_Xanh_1.jpg',_binary '\0'),(15223,500,4,_binary '\0','https://media3.coolmate.me/cdn-cgi/image/width=672,height=990,quality=85/uploads/November2024/24CMAW.KM010_-_Xam_2.jpg',_binary '\0'),(15224,417,1,_binary '\0','https://media3.coolmate.me/cdn-cgi/image/width=672,height=990,quality=85/uploads/December2024/ao-giu-nhiet-ex-warm-lenzing-modal-co-cao-den-6.jpg',_binary '\0'),(15225,487,1,_binary '\0','https://media3.coolmate.me/cdn-cgi/image/width=672,height=990,quality=85/uploads/December2024/ao-giu-nhiet-essential-brush-poly-co-trung-den-1.jpg',_binary '\0'),(15226,442,3,_binary '\0','https://media3.coolmate.me/cdn-cgi/image/width=672,height=990,quality=85/uploads/November2024/24CMCW.ST002_-_Xam_1.jpg',_binary '\0'),(15227,421,3,_binary '\0','https://media3.coolmate.me/cdn-cgi/image/width=672,height=990,quality=85/uploads/November2023/dt001.gym.10_83.jpg',_binary '\0'),(15228,477,4,_binary '\0','https://media3.coolmate.me/cdn-cgi/image/width=672,height=990,quality=85/uploads/February2025/ao-thun-the-thao-nam-active-basics-nhanh-kho-ex-dry-xam-dam-1.jpg',_binary '\0'),(15229,422,4,_binary '\0','https://media3.coolmate.me/cdn-cgi/image/width=672,height=990,quality=85/uploads/November2023/3dsinglet.1.jpg',_binary '\0'),(15230,491,3,_binary '\0','https://media3.coolmate.me/cdn-cgi/image/width=672,height=990,quality=85/uploads/November2023/_CMM5391.jpg',_binary '\0'),(15231,445,2,_binary '\0','https://media3.coolmate.me/cdn-cgi/image/width=672,height=990,quality=85/uploads/October2024/1_Ao_dai_tay_RELAXED_FIT_CARE_SHARE_-_AO_AM_CHO_EM_trang.jpg',_binary '\0'),(15232,497,1,_binary '\0','https://media3.coolmate.me/cdn-cgi/image/width=672,height=990,quality=85/uploads/December2024/ao-dai-tay-the-thao-essentials-den-1.jpg',_binary '\0'),(15233,425,3,_binary '\0','https://media3.coolmate.me/cdn-cgi/image/width=672,height=990,quality=85/uploads/December2024/23CMCW.ST002.2_Xam-D.jpg',_binary '\0'),(15234,20,4,_binary '\0','https://media3.coolmate.me/cdn-cgi/image/width=672,height=990,quality=85/uploads/April2023/Ao_thun_chay_bo_nam_Advanced_Fast__Free_Run12.jpg',_binary '\0'),(15235,494,4,_binary '\0','https://media3.coolmate.me/cdn-cgi/image/width=672,height=990,quality=85/uploads/December2024/ao-polo-nam-cafe-mau-xam-nhat-1.jpg',_binary '\0'),(15236,17,3,_binary '\0','https://media3.coolmate.me/cdn-cgi/image/width=672,height=990,quality=85/uploads/October2024/ADT.CP_-__Xam-1testtt_(1)_(1)_(1)_(1).jpg',_binary '\0'),(15237,471,1,_binary '\0','https://media3.coolmate.me/cdn-cgi/image/width=672,height=990,quality=85/uploads/November2024/24CMCW.SM007_-_Den_2.jpg',_binary '\0'),(15238,475,1,_binary '\0','https://media3.coolmate.me/cdn-cgi/image/width=672,height=990,quality=85/uploads/December2024/ao-giu-nhiet-ex-warm-lenzing-modal-co-trung-den-1.jpg',_binary '\0'),(15239,505,2,_binary '\0','https://media3.coolmate.me/cdn-cgi/image/width=672,height=990,quality=85/uploads/October2024/5_Ngoan_(1).jpg',_binary '\0'),(15240,452,3,_binary '\0','https://media3.coolmate.me/cdn-cgi/image/width=672,height=990,quality=85/uploads/April2024/AT.CP.29.jpg',_binary '\0'),(15241,451,3,_binary '\0','https://media3.coolmate.me/cdn-cgi/image/width=672,height=990,quality=85/uploads/December2024/ao-polo-nam-the-thao-promax-s1-mau-xam-tarmac_(1).jpg',_binary '\0'),(15242,424,1,_binary '\0','https://media3.coolmate.me/cdn-cgi/image/width=672,height=990,quality=85/uploads/November2024/24CMHU.GN001_-_Den_1.jpg',_binary '\0'),(15243,413,2,_binary '\0','https://media3.coolmate.me/cdn-cgi/image/width=672,height=990,quality=85/uploads/March2024/stitchcaydua21.jpg',_binary '\0'),(15244,463,2,_binary '\0','https://media3.coolmate.me/cdn-cgi/image/width=672,height=990,quality=85/uploads/May2024/watertimi5.jpg',_binary '\0'),(15245,430,2,_binary '\0','https://media3.coolmate.me/cdn-cgi/image/width=672,height=990,quality=85/uploads/October2024/3_iuembe_2D_2_copy_(4).jpg',_binary '\0'),(15246,426,4,_binary '\0','https://media3.coolmate.me/cdn-cgi/image/width=672,height=990,quality=85/uploads/February2025/ASMC_Somi_Cafe_-_12_XAMN.jpg',_binary '\0'),(15247,437,4,_binary '\0','https://media3.coolmate.me/cdn-cgi/image/width=672,height=990,quality=85/uploads/February2025/24CMCW.KM001_-_19_XAM1.jpg',_binary '\0'),(15248,412,4,_binary '\0','https://media3.coolmate.me/cdn-cgi/image/width=672,height=990,quality=85/uploads/February2025/24CMCW.KM002_-_19_XAM1.jpg',_binary '\0'),(15249,3,1,_binary '\0','https://media3.coolmate.me/cdn-cgi/image/width=672,height=990,quality=85/uploads/October2024/2484.ULSMV.TSZ707_HEHEHEVENOM_0052_-18_DEN_70.jpg',_binary '\0'),(15250,446,1,_binary '\0','https://media3.coolmate.me/cdn-cgi/image/width=672,height=990,quality=85/uploads/February2025/ao-thun-the-thao-jacquard-seamless-den-1_66.jpg',_binary '\0'),(15251,469,2,_binary '\0','https://media3.coolmate.me/cdn-cgi/image/width=672,height=990,quality=85/uploads/May2024/firesign3_37.jpg',_binary '\0'),(15252,489,3,_binary '\0','https://media3.coolmate.me/cdn-cgi/image/width=672,height=990,quality=85/uploads/December2024/ao-polo-nam-cafe-essentials-thoang-mat-chong-uv-xam-2.jpg',_binary '\0'),(15253,454,4,_binary '\0','https://media3.coolmate.me/cdn-cgi/image/width=672,height=990,quality=85/uploads/June2024/24CMCW.CN003.6_78.jpg',_binary '\0'),(15254,427,2,_binary '\0','https://media3.coolmate.me/cdn-cgi/image/width=672,height=990,quality=85/uploads/October2024/Mockup_Ao_tran_ao_tot_bunggang_copy_(8).jpg',_binary '\0'),(15255,473,3,_binary '\0','https://media3.coolmate.me/cdn-cgi/image/width=672,height=990,quality=85/uploads/December2024/ao-polo-the-thao-active-premium-thoang-khi-exdry-xam-1.jpg',_binary '\0'),(15256,448,4,_binary '\0','https://media3.coolmate.me/cdn-cgi/image/width=672,height=990,quality=85/uploads/December2024/ao-polo-the-thao-pro-active-1595-thoang-khi-ex-dry-xam-whiecaps_(2).jpg',_binary '\0'),(15257,467,1,_binary '\0','https://media3.coolmate.me/cdn-cgi/image/width=672,height=990,quality=85/uploads/October2024/2484.ULSMV.TSZ705__CLASSICVENOM-27_DEN_89.jpg',_binary '\0'),(15258,488,1,_binary '\0','https://media3.coolmate.me/cdn-cgi/image/width=672,height=990,quality=85/uploads/July2024/24CMAW.TT011.29_85.jpg',_binary '\0'),(15259,434,4,_binary '\0','https://media3.coolmate.me/cdn-cgi/image/width=672,height=990,quality=85/uploads/July2024/xam1.jpg',_binary '\0'),(15260,475,2,_binary '\0','https://media3.coolmate.me/cdn-cgi/image/width=672,height=990,quality=85/uploads/September2023/chubby_corgi_pappa-2.jpg',_binary '\0'),(15261,451,2,_binary '\0','https://media3.coolmate.me/cdn-cgi/image/width=672,height=990,quality=85/uploads/October2024/5_Ao_dai_tay_RELAXED_FIT_CARE_SHARE_-_AO_AM_CHO_EM_-_NGOAN_XINH_IU.jpg',_binary '\0'),(15262,467,1,_binary '\0','https://media3.coolmate.me/cdn-cgi/image/width=672,height=990,quality=85/uploads/October2024/2484.ULSMV.TSZ700_LETHALPROTECTOR1VENOM_0018_-52_DEN_60.jpg',_binary '\0'),(15263,414,1,_binary '\0','https://media3.coolmate.me/cdn-cgi/image/width=672,height=990,quality=85/uploads/October2024/2484.ULSMV.TSZ698_LETSDANCEVENOM_0003_-67_DEN.jpg',_binary '\0'),(15264,454,4,_binary '\0','https://media3.coolmate.me/cdn-cgi/image/width=672,height=990,quality=85/uploads/March2024/24CMAW.SL002.11_60.jpg',_binary '\0'),(15265,418,4,_binary '\0','https://media3.coolmate.me/cdn-cgi/image/width=672,height=990,quality=85/uploads/October2024/ABL.RN.F.11_62.jpg',_binary '\0'),(15266,475,3,_binary '\0','https://media3.coolmate.me/cdn-cgi/image/width=672,height=990,quality=85/uploads/March2024/24CMAW.AT014.1_86.jpg',_binary '\0'),(15267,450,1,_binary '\0','https://media3.coolmate.me/cdn-cgi/image/width=672,height=990,quality=85/uploads/August2024/Ao_Thun_Nam_The_Thao_Coolmate_Basics_-_Den_6_(3).jpg',_binary '\0'),(15268,414,4,_binary '\0','https://media3.coolmate.me/cdn-cgi/image/width=672,height=990,quality=85/uploads/December2024/24CMAW.DT003---Xam-1_98.jpg',_binary '\0'),(15269,486,3,_binary '\0','https://media3.coolmate.me/cdn-cgi/image/width=672,height=990,quality=85/uploads/March2024/24CMAW.TT003.23_84.jpg',_binary '\0'),(15270,431,1,_binary '\0','https://media3.coolmate.me/cdn-cgi/image/width=672,height=990,quality=85/uploads/March2024/DSC04870_copy.jpg',_binary '\0'),(15271,423,2,_binary '\0','https://media3.coolmate.me/cdn-cgi/image/width=672,height=990,quality=85/uploads/September2023/happy_cat-2.jpg',_binary '\0'),(15272,456,4,_binary '\0','https://media3.coolmate.me/cdn-cgi/image/width=672,height=990,quality=85/uploads/December2024/ao-hoodie-essential-fleece-xam-nhat_(6).jpg',_binary '\0'),(15273,477,2,_binary '\0','https://media3.coolmate.me/cdn-cgi/image/width=672,height=990,quality=85/uploads/October2024/1_AACE_copy_(2).jpg',_binary '\0'),(15274,17,2,_binary '\0','https://media3.coolmate.me/cdn-cgi/image/width=672,height=990,quality=85/uploads/February2025/ao-thun-care-share-mau-trang_(1).jpg',_binary '\0'),(15275,463,1,_binary '\0','https://media3.coolmate.me/cdn-cgi/image/width=672,height=990,quality=85/uploads/October2024/Legend_Club_3.1.jpg',_binary '\0'),(15276,460,4,_binary '\0','https://media3.coolmate.me/cdn-cgi/image/width=672,height=990,quality=85/uploads/December2024/ao-phao-nhe-ultrawarm-xam-1.jpg',_binary '\0'),(15277,485,4,_binary '\0','https://media3.coolmate.me/cdn-cgi/image/width=672,height=990,quality=85/uploads/December2024/ao-phao-nhe-ultrawarm-co-mu-xam-1.jpg',_binary '\0'),(15278,504,4,_binary '\0','https://media3.coolmate.me/cdn-cgi/image/width=672,height=990,quality=85/uploads/December2024/ao-giu-nhiet-ex-warm-lenzing-modal-co-cao-xam-1.jpg',_binary '\0'),(15279,458,1,_binary '\0','https://media3.coolmate.me/cdn-cgi/image/width=672,height=990,quality=85/uploads/August2024/24CMAW.AT024.31.jpg',_binary '\0');
/*!40000 ALTER TABLE `anh` ENABLE KEYS */;
UNLOCK TABLES;

--
-- Table structure for table `banner`
--

DROP TABLE IF EXISTS `banner`;
/*!40101 SET @saved_cs_client     = @@character_set_client */;
/*!50503 SET character_set_client = utf8mb4 */;
CREATE TABLE `banner` (
  `ID` int NOT NULL AUTO_INCREMENT,
  `ANH_URL` varchar(255) CHARACTER SET utf8mb4 COLLATE utf8mb4_unicode_ci NOT NULL,
  `LINK_URL` varchar(255) CHARACTER SET utf8mb4 COLLATE utf8mb4_unicode_ci NOT NULL,
  `THOI_GIAN_BAT_DAU` datetime NOT NULL,
  `THOI_GIAN_KET_THUC` datetime NOT NULL,
  `PRIORITY` int DEFAULT '0',
  `IS_DELETED` bit(1) NOT NULL DEFAULT b'0',
  PRIMARY KEY (`ID`)
) ENGINE=InnoDB AUTO_INCREMENT=4 DEFAULT CHARSET=utf8mb4 COLLATE=utf8mb4_unicode_ci;
/*!40101 SET character_set_client = @saved_cs_client */;

--
-- Dumping data for table `banner`
--

LOCK TABLES `banner` WRITE;
/*!40000 ALTER TABLE `banner` DISABLE KEYS */;
INSERT INTO `banner` VALUES (1,'banner1.jpg','/product/123','2024-01-01 00:00:00','2024-01-31 23:59:59',1,_binary '\0'),(2,'banner2.jpg','/category/456','2024-02-01 00:00:00','2024-02-29 23:59:59',2,_binary '\0'),(3,'banner3.jpg','/sale','2024-03-01 00:00:00','2024-03-31 23:59:59',3,_binary '\0');
/*!40000 ALTER TABLE `banner` ENABLE KEYS */;
UNLOCK TABLES;

--
-- Table structure for table `chat_lieu`
--

DROP TABLE IF EXISTS `chat_lieu`;
/*!40101 SET @saved_cs_client     = @@character_set_client */;
/*!50503 SET character_set_client = utf8mb4 */;
CREATE TABLE `chat_lieu` (
  `ID` int NOT NULL AUTO_INCREMENT,
  `TEN` varchar(255) CHARACTER SET utf8mb4 COLLATE utf8mb4_unicode_ci NOT NULL,
  `IS_DELETED` bit(1) NOT NULL DEFAULT b'0',
  PRIMARY KEY (`ID`)
) ENGINE=InnoDB AUTO_INCREMENT=22 DEFAULT CHARSET=utf8mb4 COLLATE=utf8mb4_unicode_ci;
/*!40101 SET character_set_client = @saved_cs_client */;

--
-- Dumping data for table `chat_lieu`
--

LOCK TABLES `chat_lieu` WRITE;
/*!40000 ALTER TABLE `chat_lieu` DISABLE KEYS */;
INSERT INTO `chat_lieu` VALUES (1,'Cotton',_binary '\0'),(2,'Polyester',_binary '\0'),(3,'Len',_binary '\0'),(4,'La',_binary '\0'),(5,'Vi n',_binary '\0'),(6,'Denim',_binary '\0'),(7,'Nylon',_binary '\0'),(8,'Spandex',_binary '\0'),(9,'Vi b',_binary '\0'),(10,'Vi kaki',_binary '\0'),(11,'Satin',_binary '\0'),(12,'Vi voan',_binary '\0'),(13,'Vi lanh',_binary '\0'),(14,'Da',_binary '\0'),(15,'Lng cu',_binary '\0'),(16,'Vi dt kim',_binary '\0'),(17,'Thun lnh',_binary '\0'),(18,'Vi mesh',_binary '\0'),(19,'Vi modal',_binary '\0'),(20,'Vi tencel',_binary '\0'),(21,'234',_binary '\0');
/*!40000 ALTER TABLE `chat_lieu` ENABLE KEYS */;
UNLOCK TABLES;

--
-- Table structure for table `danh_muc`
--

DROP TABLE IF EXISTS `danh_muc`;
/*!40101 SET @saved_cs_client     = @@character_set_client */;
/*!50503 SET character_set_client = utf8mb4 */;
CREATE TABLE `danh_muc` (
  `ID` int NOT NULL AUTO_INCREMENT,
  `TEN` varchar(255) CHARACTER SET utf8mb4 COLLATE utf8mb4_unicode_ci NOT NULL,
  `IS_DELETED` bit(1) NOT NULL DEFAULT b'0',
  PRIMARY KEY (`ID`)
) ENGINE=InnoDB AUTO_INCREMENT=26 DEFAULT CHARSET=utf8mb4 COLLATE=utf8mb4_unicode_ci;
/*!40101 SET character_set_client = @saved_cs_client */;

--
-- Dumping data for table `danh_muc`
--

LOCK TABLES `danh_muc` WRITE;
/*!40000 ALTER TABLE `danh_muc` DISABLE KEYS */;
INSERT INTO `danh_muc` VALUES (1,'o',_binary '\0'),(2,'Qun',_binary '\0'),(3,'Vy',_binary '\0'),(4,'o o',_binary '\0'),(5,'o o',_binary '\0'),(6,'o thun',_binary '\0'),(7,'o s mi',_binary '\0'),(8,'o polo',_binary '\0'),(9,'o khoc',_binary '\0'),(10,'o hoodie',_binary '\0'),(11,'o len',_binary '\0'),(12,'o vest',_binary '\0'),(13,'o blazer',_binary '\0'),(14,'o ba l',_binary '\0'),(15,'o cardigan',_binary '\0'),(16,'o bomber',_binary '\0'),(17,'o gi',_binary '\0'),(18,'o d',_binary '\0'),(19,'o denim',_binary '\0'),(20,'o c l',_binary '\0'),(21,'o th thao',_binary '\0'),(22,'o croptop',_binary '\0'),(23,'o oversize',_binary '\0'),(24,'o peplum',_binary '\0'),(25,'o tank top',_binary '\0');
/*!40000 ALTER TABLE `danh_muc` ENABLE KEYS */;
UNLOCK TABLES;

--
-- Table structure for table `dia_chi`
--

DROP TABLE IF EXISTS `dia_chi`;
/*!40101 SET @saved_cs_client     = @@character_set_client */;
/*!50503 SET character_set_client = utf8mb4 */;
CREATE TABLE `dia_chi` (
  `ID` int NOT NULL AUTO_INCREMENT,
  `KHACH_HANG_ID` int NOT NULL,
  `HO_TEN_NGUOI_NHAN` varchar(255) CHARACTER SET utf8mb4 COLLATE utf8mb4_unicode_ci NOT NULL,
  `SO_DIEN_THOAI` varchar(20) CHARACTER SET utf8mb4 COLLATE utf8mb4_unicode_ci NOT NULL,
  `PROVINCE_ID` int DEFAULT NULL,
  `DISTRICT_ID` int DEFAULT NULL,
  `WARD_CODE` varchar(20) CHARACTER SET utf8mb4 COLLATE utf8mb4_unicode_ci DEFAULT NULL,
  `ADDRESS` varchar(255) CHARACTER SET utf8mb4 COLLATE utf8mb4_unicode_ci NOT NULL,
  `IS_DEFAULT` bit(1) NOT NULL DEFAULT b'0',
  `IS_DELETED` bit(1) NOT NULL DEFAULT b'0',
  PRIMARY KEY (`ID`),
  KEY `KHACH_HANG_ID` (`KHACH_HANG_ID`),
  CONSTRAINT `dia_chi_ibfk_1` FOREIGN KEY (`KHACH_HANG_ID`) REFERENCES `khach_hang` (`ID`)
) ENGINE=InnoDB AUTO_INCREMENT=3006 DEFAULT CHARSET=utf8mb4 COLLATE=utf8mb4_unicode_ci;
/*!40101 SET character_set_client = @saved_cs_client */;

--
-- Dumping data for table `dia_chi`
--

LOCK TABLES `dia_chi` WRITE;
/*!40000 ALTER TABLE `dia_chi` DISABLE KEYS */;
INSERT INTO `dia_chi` VALUES (2,3,'Alice Brown','+84679215789',2,2,'00002','456 Oak Avenue',_binary '',_binary '\0'),(4,3,'Fleur','+84679215789',3504,4915,'3867','9860 N. Evergreen Lane Hialeah, FL 33010',_binary '\0',_binary '\0'),(8,2,'Cleve','+84754464747',3174,4604,'3555','47 N. Greystone Drive Opa Locka, FL 33054',_binary '\0',_binary '\0'),(9,2,'Harriet','+84355555814',3703,4937,'3520','160 Lakewood Street Milton, MA 02186',_binary '\0',_binary '\0'),(11,2,'Drusilla','+84751778513',3569,4288,'3473','211 Newcastle Ave. South Ozone Park, NY 11420',_binary '\0',_binary '\0'),(14,3,'Phillipps','+84545743704',3482,4461,'3300','20 Lawrence St. Marlborough, MA 01752',_binary '\0',_binary '\0'),(15,2,'Katie','+84547874963',3576,4584,'3595','585 Tailwater Ave. Auburndale, FL 33823',_binary '\0',_binary '\0'),(16,3,'Jenna','+84391818595',3167,4158,'3114','7701 SE. 10th Street Crofton, MD 21114',_binary '\0',_binary '\0'),(20,2,'Claire','+84608056848',3383,4995,'3437','305 Campfire Street Princeton, NJ 08540',_binary '\0',_binary '\0'),(21,2,'Miranda','+84919535887',3013,4639,'3526','61 Warren Dr. Macomb, MI 48042',_binary '\0',_binary '\0'),(22,2,'Myron','+84792018676',3577,4547,'3738','9250 North Valley View Drive North Ridgeville, OH 44039',_binary '\0',_binary '\0'),(23,2,'Melvin','+84524026354',3946,4561,'3955','9378 South County Ave. Scotch Plains, NJ 07076',_binary '\0',_binary '\0'),(26,3,'Patrice','+84691582347',3474,4994,'3355','7771 Ketch Harbour Dr. Toms River, NJ 08753',_binary '\0',_binary '\0'),(28,3,'Dede','+84537198871',3845,4565,'3300','67 Lexington St. Alpharetta, GA 30004',_binary '\0',_binary '\0'),(29,2,'Lena','+84403154752',3805,4128,'3063','350 N. Valley View Drive Westwood, NJ 07675',_binary '\0',_binary '\0'),(30,2,'Harriet','+84687123851',3295,4139,'3547','85 Lower River Drive Lake Zurich, IL 60047',_binary '\0',_binary '\0'),(31,2,'Horace','+84530197052',3281,4874,'3947','406 William St. Henderson, KY 42420',_binary '\0',_binary '\0'),(34,3,'Lucinda','+84677264164',3430,4865,'3669','18 Newport Lane Onalaska, WI 54650',_binary '\0',_binary '\0'),(36,2,'Helena','+84721871329',3106,4134,'3694','72 Bradford Court Christiansburg, VA 24073',_binary '\0',_binary '\0'),(37,3,'Skyler','+84732386548',3223,4515,'3775','131 E. Green St. Pittsford, NY 14534',_binary '\0',_binary '\0'),(38,2,'Moira','+84728542832',3007,4668,'3837','4 Cross Street Branford, CT 06405',_binary '\0',_binary '\0'),(41,3,'Cynthia','+84886461496',3562,4149,'3785','239 Fordham Road West New York, NJ 07093',_binary '\0',_binary '\0'),(47,3,'Cuthbert','+84718993143',3879,4446,'3086','294 Wagon Drive Sterling Heights, MI 48310',_binary '\0',_binary '\0'),(50,2,'Ethan','+84723759271',3181,4103,'3445','700 Hawthorne Ave. Vicksburg, MS 39180',_binary '\0',_binary '\0'),(51,3,'Delbert','+84847449167',3844,4655,'3078','6 Brown Dr. New Port Richey, FL 34653',_binary '\0',_binary '\0'),(55,2,'Christian','+84734152361',3885,4377,'3576','396 North Street Severna Park, MD 21146',_binary '\0',_binary '\0'),(56,2,'Mavis','+84829684020',3058,4393,'3565','349 Sulphur Springs Dr. Horn Lake, MS 38637',_binary '\0',_binary '\0'),(57,2,'Jeff','+84874038388',3754,4025,'3706','531 Edgefield Dr. Pittsford, NY 14534',_binary '\0',_binary '\0'),(60,2,'Galton','+84761829825',3713,4666,'3126','7060 Ridge Ave. Panama City, FL 32404',_binary '\0',_binary '\0'),(61,3,'Antonia','+84507816066',3023,4800,'3052','9438 Brickell Rd. Marcus Hook, PA 19061',_binary '\0',_binary '\0'),(63,2,'Francie','+84951187264',3997,4823,'3458','11 Selby Street Springboro, OH 45066',_binary '\0',_binary '\0'),(64,3,'Rhonda','+84873329316',3045,4323,'3401','530 Carpenter St. Corona, NY 11368',_binary '\0',_binary '\0'),(66,2,'Lucinda','+84842867434',3170,4137,'3105','356 Richardson St. Old Bridge, NJ 08857',_binary '\0',_binary '\0'),(67,2,'Quentin','+84361665860',3427,4801,'3607','9322 Studebaker Lane Owings Mills, MD 21117',_binary '\0',_binary '\0'),(68,3,'Carlene','+84815497961',3038,4907,'3709','12 Overlook Street Portland, ME 04103',_binary '\0',_binary '\0'),(69,2,'Mabel','+84675576797',3018,4640,'3575','268 1st Road Poughkeepsie, NY 12601',_binary '\0',_binary '\0'),(70,3,'Hannah','+84821015212',3221,4106,'3932','8015 Glenholme Lane Fullerton, CA 92831',_binary '\0',_binary '\0'),(73,3,'John','+84501472116',3729,4938,'3272','309 Sheffield Dr. Lowell, MA 01851',_binary '\0',_binary '\0'),(74,3,'Leah','+84468407112',3977,4347,'3174','451 West Ivy Avenue Parkersburg, WV 26101',_binary '\0',_binary '\0'),(75,2,'Whitney','+84723579306',3230,4466,'3528','89 South Myers Ave. Dundalk, MD 21222',_binary '\0',_binary '\0'),(76,3,'Malcolm','+84411874788',3026,4137,'3841','202 Garfield St. Chicopee, MA 01020',_binary '\0',_binary '\0'),(77,3,'Yasmin','+84554879024',3644,4304,'3033','238 Summer Street Stroudsburg, PA 18360',_binary '\0',_binary '\0'),(78,3,'Petunia','+84393592823',3253,4799,'3215','8695 Anderson St. Urbandale, IA 50322',_binary '\0',_binary '\0'),(79,3,'Abraham','+84856280310',3757,4740,'3463','47 Ivy Ave. Birmingham, AL 35209',_binary '\0',_binary '\0'),(80,3,'Justin','+84563616488',3447,4068,'3087','785 Blackburn St. Fremont, OH 43420',_binary '\0',_binary '\0'),(82,2,'Rory','+84781377307',3404,4508,'3287','7979 West Pin Oak Street Holbrook, NY 11741',_binary '\0',_binary '\0'),(83,2,'Colby','+84436673616',3712,4586,'3095','37 Monroe Road Southampton, PA 18966',_binary '\0',_binary '\0'),(84,3,'Maude','+84807116534',3191,4438,'3174','9 Prospect Street Webster, NY 14580',_binary '\0',_binary '\0'),(85,3,'Lorraine','+84578478416',3748,4058,'3217','83 East Shirley Dr. Temple Hills, MD 20748',_binary '\0',_binary '\0'),(87,2,'Rory','+84806665628',3980,4734,'3173','1 High Point Court Auburn, NY 13021',_binary '\0',_binary '\0'),(88,3,'Harriet','+84332295973',3441,4472,'3913','8410 Glen Creek St. Fair Lawn, NJ 07410',_binary '\0',_binary '\0'),(89,2,'Anderson','+84471683416',3421,4809,'3123','7499 North Street Knoxville, TN 37918',_binary '\0',_binary '\0'),(90,3,'Peleg','+84548839161',3867,4851,'3076','451 West Ivy Avenue Parkersburg, WV 26101',_binary '\0',_binary '\0'),(91,3,'Ashley','+84782055711',3212,4188,'3907','8227 North Bishop Street Brookline, MA 02446',_binary '\0',_binary '\0'),(92,3,'Josie','+84613441161',3177,4437,'3048','789 Greenview Avenue Hartsville, SC 29550',_binary '\0',_binary '\0'),(94,2,'Kim','+84445620317',3144,4652,'3886','7 Sunnyslope Dr. Livingston, NJ 07039',_binary '\0',_binary '\0'),(98,3,'Peggy','+84448186786',3513,4967,'3835','9585 Valley Farms Road Addison, IL 60101',_binary '\0',_binary '\0'),(99,3,'Jimmy','+84387285877',3166,4941,'3397','9580 Market St. Perkasie, PA 18944',_binary '\0',_binary '\0'),(100,2,'Virginia','+84757431419',3843,4817,'3494','8225 S. Silver Spear St. Charlotte, NC 28205',_binary '\0',_binary '\0'),(101,3,'Corrie','+84723168518',3509,4918,'3195','270 Park Street West Bend, WI 53095',_binary '\0',_binary '\0'),(103,2,'Jemma','+84670680339',3530,4184,'3307','440 Victoria Ave. Muncie, IN 47302',_binary '\0',_binary '\0'),(104,2,'Chandos','+84575507445',3645,4493,'3292','497 E. Military St. Oconomowoc, WI 53066',_binary '\0',_binary '\0'),(105,2,'Cordelia','+84364511544',3602,4234,'3776','511 Lake Court Coram, NY 11727',_binary '\0',_binary '\0'),(106,3,'Vilma','+84884765534',3571,4482,'3852','294 Wagon Drive Sterling Heights, MI 48310',_binary '\0',_binary '\0'),(107,2,'Larry','+84455434114',3847,4127,'3431','456 South Brandywine St. Willoughby, OH 44094',_binary '\0',_binary '\0'),(110,2,'Nowell','+84540247285',3746,4585,'3979','8684 Hudson St. Midland, MI 48640',_binary '\0',_binary '\0'),(111,3,'Laurence','+84885281452',3710,4289,'3040','35 Vale Ave. Millville, NJ 08332',_binary '\0',_binary '\0'),(112,2,'Julie','+84395215313',3864,4809,'3552','76 Plumb Branch Court Douglasville, GA 30134',_binary '\0',_binary '\0'),(113,2,'Henrietta','+84464389551',3281,4686,'3369','8935 Meadow St. Urbandale, IA 50322',_binary '\0',_binary '\0'),(114,2,'Alicia','+84739733515',3804,4913,'3783','5 Dogwood Street Murrells Inlet, SC 29576',_binary '\0',_binary '\0'),(115,2,'Michele','+84644211375',3991,4663,'3233','261 East Chapel Street Loxahatchee, FL 33470',_binary '\0',_binary '\0'),(116,2,'Lorraine','+84322457442',3890,4642,'3864','643 Spruce Rd. Solon, OH 44139',_binary '\0',_binary '\0'),(118,2,'Melissa','+84562725044',3929,4832,'3181','191 Henry St. Scotch Plains, NJ 07076',_binary '\0',_binary '\0'),(119,3,'Dana','+84574691979',3906,4829,'3640','3 South Devonshire St. Crofton, MD 21114',_binary '\0',_binary '\0'),(124,2,'Gerard','+84316464054',3326,4147,'3654','50 Airport Street Lititz, PA 17543',_binary '\0',_binary '\0'),(126,3,'Heather','+84499875643',3007,4364,'3090','463 Meadowbrook Street West Hempstead, NY 11552',_binary '\0',_binary '\0'),(127,3,'Austin','+84603474747',3629,4080,'3268','8612 High Ave. Newport News, VA 23601',_binary '\0',_binary '\0'),(128,3,'Skyler','+84524557177',3565,4393,'3376','220 West Purple Finch Street West Hempstead, NY 11552',_binary '\0',_binary '\0'),(129,2,'Douglas','+84848416584',3190,4882,'3937','526 Cherry Hill Dr. Dorchester Center, MA 02124',_binary '\0',_binary '\0'),(131,2,'Stephen','+84758373765',3268,4974,'3944','7111 W. Gates Street Dearborn Heights, MI 48127',_binary '\0',_binary '\0'),(133,2,'Roger','+84786561687',3537,4615,'3068','34 Piper Rd. Statesville, NC 28625',_binary '\0',_binary '\0'),(135,2,'Gerald','+84446718438',3367,4311,'3604','192 Newbridge Ave. Fort Lauderdale, FL 33308',_binary '\0',_binary '\0'),(137,2,'Richeldis','+84579633332',3600,4411,'3490','8770 Rocky River Drive Woonsocket, RI 02895',_binary '\0',_binary '\0'),(138,2,'Chelsea','+84451748485',3428,4673,'3468','7509 Dogwood Lane Wantagh, NY 11793',_binary '\0',_binary '\0'),(139,2,'Medea','+84552201302',3336,4662,'3381','1 Lawrence Dr. Miamisburg, OH 45342',_binary '\0',_binary '\0'),(140,3,'Addison','+84701445515',3639,4345,'3782','8099 Linda Lane Washington, PA 15301',_binary '\0',_binary '\0'),(141,3,'Neil','+84852192725',3344,4994,'3662','9786 Riverview Lane Milton, MA 02186',_binary '\0',_binary '\0'),(142,2,'Salma','+84411251287',3591,4893,'3891','222 South Eagle Ave. Clinton Township, MI 48035',_binary '\0',_binary '\0'),(145,3,'Leisha','+84587011783',3705,4923,'3667','54 Westport Drive Ronkonkoma, NY 11779',_binary '\0',_binary '\0'),(146,2,'Tiffany','+84836514588',3201,4098,'3821','614 Howard Street Duarte, CA 91010',_binary '\0',_binary '\0'),(148,3,'Julie','+84718941838',3992,4699,'3899','131 Beechwood Court Sheboygan, WI 53081',_binary '\0',_binary '\0'),(149,3,'Galenka','+84494214240',3862,4787,'3152','7370 South Park Ave. Milledgeville, GA 31061',_binary '\0',_binary '\0'),(153,3,'Myra','+84815670688',3051,4121,'3927','9590 Acacia Street Winter Park, FL 32792',_binary '\0',_binary '\0'),(154,3,'Alec','+84614418862',3856,4691,'3005','8422 Livingston Drive Arlington, MA 02474',_binary '\0',_binary '\0'),(155,3,'Ray','+84542534338',3567,4048,'3617','51 Dunbar Court Ellicott City, MD 21042',_binary '\0',_binary '\0'),(157,3,'Eunice','+84632270122',3899,4787,'3059','309 San Juan Circle Snellville, GA 30039',_binary '\0',_binary '\0'),(160,2,'Peleg','+84789646411',3811,4873,'3780','967 Proctor Rd. Schenectady, NY 12302',_binary '\0',_binary '\0'),(161,3,'Delia','+84811542087',3299,4460,'3270','51 Wintergreen Dr. Muskego, WI 53150',_binary '\0',_binary '\0'),(163,2,'Helen','+84369195332',3854,4572,'3166','743 Randall Mill Ave. Camden, NJ 08105',_binary '\0',_binary '\0'),(164,2,'Marie','+84713462574',3832,4998,'3922','9153 Elizabeth Lane Harrisburg, PA 17109',_binary '\0',_binary '\0'),(165,3,'Humphrey','+84513568614',3880,4705,'3025','9566 Talbot Drive Potomac, MD 20854',_binary '\0',_binary '\0'),(167,3,'Matilda','+84858568340',3931,4605,'3809','680 Ridge St. Vernon Rockville, CT 06066',_binary '\0',_binary '\0'),(168,2,'Chelsea','+84758768263',3820,4591,'3595','9454C W. Cedarwood Lane West Des Moines, IA 50265',_binary '\0',_binary '\0'),(169,2,'Felicity','+84454018852',3279,4536,'3925','9395 Young Drive Hilliard, OH 43026',_binary '\0',_binary '\0'),(170,2,'Bertram','+84651197439',3235,4666,'3645','2 Albany St. Hammonton, NJ 08037',_binary '\0',_binary '\0'),(171,3,'Helena','+84829282732',3269,4185,'3706','144 Orchard Dr. Rockford, MI 49341',_binary '\0',_binary '\0'),(174,2,'Horace','+84925631196',3021,4231,'3858','6 Prince Street Martinsville, VA 24112',_binary '\0',_binary '\0'),(175,3,'Malachi','+84459839195',3567,4513,'3691','9786 Riverview Lane Milton, MA 02186',_binary '\0',_binary '\0'),(176,2,'Marian','+84660622227',3629,4835,'3470','9307 Belmont Court Oxford, MS 38655',_binary '\0',_binary '\0'),(177,3,'Sigmund','+84976765428',3886,4847,'3671','698 Poor House Street Yuma, AZ 85365',_binary '\0',_binary '\0'),(178,2,'Jerome','+84562571841',3932,4617,'3457','9277 East Smoky Hollow St. Wisconsin Rapids, WI 54494',_binary '\0',_binary '\0'),(179,3,'Kay','+84594967742',3649,4002,'3615','7090 Stillwater Road Asbury Park, NJ 07712',_binary '\0',_binary '\0'),(180,2,'Mandy','+84652473666',3453,4442,'3162','200 N. Marsh St. Springfield Gardens, NY 11413',_binary '\0',_binary '\0'),(181,3,'Clarissa','+84433506123',3891,4025,'3653','74 Old York Ave. Manitowoc, WI 54220',_binary '\0',_binary '\0'),(182,3,'Tony','+84445634726',3423,4825,'3919','767 Third Street Brentwood, NY 11717',_binary '\0',_binary '\0'),(183,2,'Dana','+84858623224',3063,4567,'3116','372 Bay Street Canton, GA 30114',_binary '\0',_binary '\0'),(184,2,'Melvin','+84469863773',3030,4315,'3579','8227 North Bishop Street Brookline, MA 02446',_binary '\0',_binary '\0'),(185,3,'Elliot','+84415684768',3240,4948,'3372','185 Marlborough Court Suite 865 Westwood, NJ 07675',_binary '\0',_binary '\0'),(186,2,'Sebastian','+84507718206',3854,4629,'3394','7 S. Wellington St. Sarasota, FL 34231',_binary '\0',_binary '\0'),(188,2,'Arlo','+84716739992',3772,4343,'3252','9679 Cleveland Street Holly Springs, NC 27540',_binary '\0',_binary '\0'),(189,3,'Darlene','+84784260532',3795,4272,'3214','8 North White Drive New Hyde Park, NY 11040',_binary '\0',_binary '\0'),(3003,1,'\'\'','\'\'',10000,1000,'100','\'\'',_binary '',_binary '\0'),(3004,1,'123','123',269,2264,'90816','12',_binary '\0',_binary '\0'),(3005,1,'ds','dfsdfs',269,2171,'80902','sfsdf',_binary '\0',_binary '\0');
/*!40000 ALTER TABLE `dia_chi` ENABLE KEYS */;
UNLOCK TABLES;

--
-- Table structure for table `dot_giam_gia`
--

DROP TABLE IF EXISTS `dot_giam_gia`;
/*!40101 SET @saved_cs_client     = @@character_set_client */;
/*!50503 SET character_set_client = utf8mb4 */;
CREATE TABLE `dot_giam_gia` (
  `ID` int NOT NULL AUTO_INCREMENT,
  `MA` varchar(50) CHARACTER SET utf8mb4 COLLATE utf8mb4_unicode_ci NOT NULL,
  `TEN` varchar(255) CHARACTER SET utf8mb4 COLLATE utf8mb4_unicode_ci NOT NULL,
  `MO_TA` text CHARACTER SET utf8mb4 COLLATE utf8mb4_unicode_ci,
  `THOI_GIAN_BAT_DAU` datetime NOT NULL,
  `THOI_GIAN_KET_THUC` datetime NOT NULL,
  `LOAI_CHIET_KHAU` varchar(50) CHARACTER SET utf8mb4 COLLATE utf8mb4_unicode_ci DEFAULT NULL,
  `GIA_TRI_GIAM` decimal(15,2) DEFAULT NULL,
  `GIAM_TOI_DA` decimal(15,2) DEFAULT NULL,
  `TRANG_THAI` varchar(50) CHARACTER SET utf8mb4 COLLATE utf8mb4_unicode_ci DEFAULT NULL,
  `IS_DELETED` bit(1) NOT NULL DEFAULT b'0',
  PRIMARY KEY (`ID`)
) ENGINE=InnoDB AUTO_INCREMENT=3 DEFAULT CHARSET=utf8mb4 COLLATE=utf8mb4_unicode_ci;
/*!40101 SET character_set_client = @saved_cs_client */;

--
-- Dumping data for table `dot_giam_gia`
--

LOCK TABLES `dot_giam_gia` WRITE;
/*!40000 ALTER TABLE `dot_giam_gia` DISABLE KEYS */;
INSERT INTO `dot_giam_gia` VALUES (1,'GG001','Khuyn mi thng 1','Gim gi 10% cho tt c sn phm','2025-03-06 00:00:00','2025-07-16 23:59:00','PHAN_TRAM',10.00,50000.00,'DANG_DIEN_RA',_binary '\0'),(2,'GG002','Tt Nguyn n','Gim gi 20% cho sn phm chn lc','2024-02-08 00:00:00','2024-02-14 23:59:59','PHAN_TRAM',20.00,100000.00,'DA_KET_THUC',_binary '\0');
/*!40000 ALTER TABLE `dot_giam_gia` ENABLE KEYS */;
UNLOCK TABLES;

--
-- Table structure for table `gio_hang_chi_tiet`
--

DROP TABLE IF EXISTS `gio_hang_chi_tiet`;
/*!40101 SET @saved_cs_client     = @@character_set_client */;
/*!50503 SET character_set_client = utf8mb4 */;
CREATE TABLE `gio_hang_chi_tiet` (
  `ID` int NOT NULL AUTO_INCREMENT,
  `KHACH_HANG_ID` int NOT NULL,
  `SAN_PHAM_CHI_TIET_ID` int NOT NULL,
  `SO_LUONG` int NOT NULL,
  `NGAY_THEM_VAO` datetime NOT NULL,
  `IS_DELETED` bit(1) NOT NULL DEFAULT b'0',
  PRIMARY KEY (`ID`),
  KEY `KHACH_HANG_ID` (`KHACH_HANG_ID`),
  KEY `SAN_PHAM_CHI_TIET_ID` (`SAN_PHAM_CHI_TIET_ID`),
  CONSTRAINT `gio_hang_chi_tiet_ibfk_1` FOREIGN KEY (`KHACH_HANG_ID`) REFERENCES `khach_hang` (`ID`),
  CONSTRAINT `gio_hang_chi_tiet_ibfk_2` FOREIGN KEY (`SAN_PHAM_CHI_TIET_ID`) REFERENCES `san_pham_chi_tiet` (`ID`)
) ENGINE=InnoDB AUTO_INCREMENT=110 DEFAULT CHARSET=utf8mb4 COLLATE=utf8mb4_unicode_ci;
/*!40101 SET character_set_client = @saved_cs_client */;

--
-- Dumping data for table `gio_hang_chi_tiet`
--

LOCK TABLES `gio_hang_chi_tiet` WRITE;
/*!40000 ALTER TABLE `gio_hang_chi_tiet` DISABLE KEYS */;
INSERT INTO `gio_hang_chi_tiet` VALUES (3,1,1632,2,'1990-04-15 18:59:20',_binary ''),(4,1,353,8,'2018-03-01 13:23:04',_binary ''),(5,1,475,8,'2020-01-04 02:20:18',_binary ''),(6,1,579,1,'2004-09-02 20:41:04',_binary '\0'),(7,1,135,2,'1993-10-17 02:27:38',_binary '\0'),(8,1,1254,1,'1980-08-05 19:37:09',_binary '\0'),(9,1,828,1,'2012-03-05 20:30:19',_binary '\0'),(10,1,1056,3,'1993-04-25 09:36:07',_binary '\0'),(11,1,168,6,'1984-12-02 20:19:14',_binary '\0'),(12,1,281,0,'2010-12-10 17:51:47',_binary '\0'),(13,1,1408,6,'2019-11-06 19:30:27',_binary '\0'),(14,1,1215,2,'1981-04-17 22:56:49',_binary '\0'),(15,1,1217,1,'2005-01-12 16:07:42',_binary '\0'),(16,1,1200,7,'2023-06-09 04:07:55',_binary '\0'),(17,1,65,4,'2010-05-05 13:34:51',_binary '\0'),(18,1,774,5,'1995-02-15 09:34:52',_binary '\0'),(19,1,641,1,'2012-04-08 01:43:51',_binary '\0'),(20,1,1035,1,'1980-01-25 13:33:00',_binary '\0'),(21,1,665,7,'2021-11-19 10:04:22',_binary '\0'),(22,1,1627,1,'1980-06-06 14:47:48',_binary '\0'),(23,1,1093,9,'1991-10-28 16:13:25',_binary '\0'),(24,1,866,7,'1999-01-15 09:53:28',_binary '\0'),(25,1,1418,5,'1992-04-19 20:05:42',_binary '\0'),(26,1,593,9,'1993-12-19 13:40:03',_binary '\0'),(27,1,1585,6,'2007-08-25 16:25:17',_binary '\0'),(28,1,412,3,'2001-08-02 15:23:52',_binary '\0'),(29,1,1206,3,'1988-08-23 09:48:56',_binary '\0'),(30,1,887,8,'2002-11-03 03:22:55',_binary '\0'),(31,1,1058,9,'2008-12-22 14:50:39',_binary '\0'),(32,1,1272,5,'1981-12-27 17:30:34',_binary '\0'),(33,1,547,4,'1988-08-06 14:01:21',_binary '\0'),(34,1,1638,2,'2023-03-29 20:41:14',_binary '\0'),(35,1,1495,1,'1989-12-28 08:40:36',_binary '\0'),(36,1,644,0,'2002-05-23 21:27:39',_binary '\0'),(37,1,379,2,'2008-04-02 02:33:49',_binary '\0'),(38,1,1466,8,'2009-08-22 09:02:49',_binary '\0'),(39,1,1012,2,'2016-06-19 05:25:09',_binary '\0'),(40,1,261,3,'2017-05-22 00:16:52',_binary '\0'),(41,1,1031,0,'1989-05-05 19:30:41',_binary '\0'),(42,1,1045,2,'2018-04-20 04:00:39',_binary '\0'),(43,1,36,2,'2014-10-24 17:34:11',_binary '\0'),(44,1,609,5,'2010-09-17 22:03:10',_binary '\0'),(45,1,1164,6,'1998-09-13 07:45:43',_binary '\0'),(46,1,145,1,'1988-02-16 13:43:11',_binary '\0'),(47,1,1175,9,'2018-01-31 02:12:18',_binary '\0'),(48,1,943,4,'1992-11-03 17:00:33',_binary '\0'),(49,1,893,0,'2020-02-17 05:51:02',_binary '\0'),(50,1,944,8,'1980-07-04 21:53:30',_binary '\0'),(51,1,1446,7,'2000-08-02 08:31:11',_binary '\0'),(52,1,999,0,'2021-07-14 02:32:34',_binary '\0'),(53,1,100,4,'2002-01-08 13:21:21',_binary '\0'),(54,1,884,0,'1984-05-21 13:56:14',_binary '\0'),(55,1,549,2,'2012-11-15 14:42:00',_binary '\0'),(56,1,83,2,'1990-09-16 21:09:23',_binary '\0'),(57,1,1365,7,'1980-04-30 03:09:27',_binary '\0'),(58,1,869,9,'2020-01-04 17:17:51',_binary '\0'),(59,1,94,2,'2017-02-10 19:47:05',_binary '\0'),(60,1,395,7,'2006-02-05 03:57:38',_binary '\0'),(61,1,1235,1,'2015-09-12 01:52:15',_binary '\0'),(62,1,394,9,'2010-11-13 18:40:19',_binary '\0'),(63,1,280,0,'2021-05-19 11:50:01',_binary '\0'),(64,1,863,0,'1986-06-16 09:06:50',_binary '\0'),(65,1,228,9,'2005-05-07 05:43:30',_binary '\0'),(66,1,1297,4,'1990-02-21 01:53:37',_binary '\0'),(67,1,953,8,'1989-12-13 05:49:59',_binary '\0'),(68,1,1150,9,'2005-09-03 09:53:43',_binary '\0'),(69,1,1183,9,'2005-10-21 02:26:12',_binary '\0'),(70,1,1014,4,'1981-02-13 05:44:36',_binary '\0'),(71,1,269,6,'2013-11-07 04:48:17',_binary '\0'),(72,1,902,4,'1982-11-20 23:45:04',_binary '\0'),(73,1,473,0,'2022-07-09 11:25:49',_binary '\0'),(74,1,1655,4,'2011-01-02 21:18:57',_binary '\0'),(75,1,907,8,'1985-02-23 02:40:22',_binary '\0'),(76,1,1014,7,'2000-12-24 05:17:43',_binary '\0'),(77,1,1232,8,'1981-06-22 14:55:44',_binary '\0'),(78,1,1586,2,'1985-04-22 17:47:10',_binary '\0'),(79,1,164,9,'1998-10-16 07:26:00',_binary '\0'),(80,1,1165,4,'1998-04-28 18:14:36',_binary '\0'),(81,1,820,5,'2001-02-12 00:27:18',_binary '\0'),(82,1,69,3,'2020-03-27 20:01:07',_binary '\0'),(83,1,408,8,'2000-01-29 01:05:42',_binary '\0'),(84,1,1094,5,'2015-05-20 14:57:08',_binary '\0'),(85,1,694,5,'2014-06-24 19:42:52',_binary '\0'),(86,1,582,4,'2023-09-11 14:41:32',_binary '\0'),(87,1,1111,0,'2016-04-04 12:20:19',_binary '\0'),(88,1,1255,3,'2006-08-06 06:34:15',_binary '\0'),(89,1,1494,9,'2003-02-18 04:51:16',_binary '\0'),(90,1,891,2,'2011-06-28 16:57:10',_binary '\0'),(91,1,1557,4,'2003-05-08 12:13:06',_binary '\0'),(92,1,1074,0,'2012-01-07 07:23:58',_binary '\0'),(93,1,1324,1,'2003-06-02 01:07:05',_binary '\0'),(94,1,841,0,'1998-01-23 19:56:52',_binary '\0'),(95,1,1530,7,'1994-09-07 09:32:17',_binary '\0'),(96,1,446,0,'2010-07-24 16:09:36',_binary '\0'),(97,1,333,1,'2007-03-17 05:08:53',_binary '\0'),(98,1,551,7,'1990-05-26 02:39:14',_binary '\0'),(99,1,274,7,'1994-03-18 09:26:26',_binary '\0'),(100,1,509,0,'1992-07-31 22:06:21',_binary '\0'),(101,1,960,7,'1984-08-17 13:20:16',_binary '\0'),(102,1,1285,4,'1985-08-21 13:48:23',_binary '\0'),(103,1,1433,1,'2025-03-17 16:07:12',_binary '\0'),(104,1,947,1,'2025-03-17 16:08:02',_binary '\0'),(105,1,1131,8,'2025-03-18 06:02:37',_binary '\0'),(106,1,1131,8,'2025-03-18 06:02:37',_binary '\0'),(107,1,1160,8,'2025-03-18 06:20:49',_binary '\0'),(108,1,792,7,'2025-03-18 06:21:44',_binary '\0'),(109,1,1160,11,'2025-03-18 06:26:18',_binary '\0');
/*!40000 ALTER TABLE `gio_hang_chi_tiet` ENABLE KEYS */;
UNLOCK TABLES;

--
-- Table structure for table `hoa_don`
--

DROP TABLE IF EXISTS `hoa_don`;
/*!40101 SET @saved_cs_client     = @@character_set_client */;
/*!50503 SET character_set_client = utf8mb4 */;
CREATE TABLE `hoa_don` (
  `ID` int NOT NULL AUTO_INCREMENT,
  `KHACH_HANG_ID` int DEFAULT NULL,
  `PHIEU_GIAM_GIA_ID` int DEFAULT NULL,
  `PHUONG_THUC_THANH_TOAN` varchar(255) CHARACTER SET utf8mb4 COLLATE utf8mb4_unicode_ci NOT NULL,
  `PHI_VAN_CHUYEN` decimal(15,2) DEFAULT NULL,
  `TONG_TIEN` decimal(15,2) NOT NULL,
  `GIAM_MA_GIAM_GIA` decimal(15,2) DEFAULT NULL,
  `SO_DIEN_THOAI` varchar(20) CHARACTER SET utf8mb4 COLLATE utf8mb4_unicode_ci DEFAULT NULL,
  `DIA_CHI` varchar(255) CHARACTER SET utf8mb4 COLLATE utf8mb4_unicode_ci DEFAULT NULL,
  `TEN_NGUOI_NHAN` varchar(255) CHARACTER SET utf8mb4 COLLATE utf8mb4_unicode_ci DEFAULT NULL,
  `NGAY_NHAN_HANG` datetime DEFAULT NULL,
  `GHI_CHU` text CHARACTER SET utf8mb4 COLLATE utf8mb4_unicode_ci,
  `LOAI_HOA_DON` varchar(255) CHARACTER SET utf8mb4 COLLATE utf8mb4_unicode_ci DEFAULT NULL,
  `TRANG_THAI` varchar(255) CHARACTER SET utf8mb4 COLLATE utf8mb4_unicode_ci DEFAULT NULL,
  `IS_DELETED` bit(1) DEFAULT b'0',
  `TRANG_THAI_THANH_TOAN` varchar(20) CHARACTER SET utf8mb4 COLLATE utf8mb4_unicode_ci DEFAULT 'DA_THANH_TOAN',
  PRIMARY KEY (`ID`),
  KEY `KHACH_HANG_ID` (`KHACH_HANG_ID`),
  KEY `PHIEU_GIAM_GIA_ID` (`PHIEU_GIAM_GIA_ID`),
  CONSTRAINT `hoa_don_ibfk_1` FOREIGN KEY (`KHACH_HANG_ID`) REFERENCES `khach_hang` (`ID`),
  CONSTRAINT `hoa_don_ibfk_2` FOREIGN KEY (`PHIEU_GIAM_GIA_ID`) REFERENCES `phieu_giam_gia` (`ID`)
) ENGINE=InnoDB AUTO_INCREMENT=47 DEFAULT CHARSET=utf8mb4 COLLATE=utf8mb4_unicode_ci;
/*!40101 SET character_set_client = @saved_cs_client */;

--
-- Dumping data for table `hoa_don`
--

LOCK TABLES `hoa_don` WRITE;
/*!40000 ALTER TABLE `hoa_don` DISABLE KEYS */;
INSERT INTO `hoa_don` VALUES (1,1,NULL,'COD',30000.00,180000.00,NULL,'1234567890','123 Main Street','John Doe','2024-01-06 00:00:00',NULL,NULL,'ang giao hng',_binary '\0','DA_THANH_TOAN'),(2,3,NULL,'Credit Card',0.00,350000.00,NULL,'5551234567','456 Oak Avenue','Alice Brown','2024-01-05 00:00:00',NULL,NULL,'CHO_XAC_NHAN',_binary '\0','DA_THANH_TOAN'),(3,1,NULL,'COD',76505.00,5896505.00,0.00,'123','12','123',NULL,'','ONLINE','CHO_XAC_NHAN',_binary '\0','DA_THANH_TOAN'),(4,NULL,NULL,'TIEN_MAT',0.00,342000.00,0.00,'',NULL,'','2025-03-17 14:57:48','','TAI_QUAY','THANH_CONG',NULL,'DA_THANH_TOAN'),(5,NULL,NULL,'TIEN_MAT',0.00,342000.00,0.00,'',NULL,'','2025-03-17 14:58:32','','TAI_QUAY','THANH_CONG',NULL,'DA_THANH_TOAN'),(6,2,1,'TIEN_MAT',0.00,670000.00,50000.00,'Peter Jones',NULL,'1122334455','2025-03-17 15:06:25','','TAI_QUAY','THANH_CONG',NULL,'DA_THANH_TOAN'),(7,2,1,'TIEN_MAT',0.00,670000.00,50000.00,'Peter Jones',NULL,'1122334455','2025-03-17 15:06:31','','TAI_QUAY','THANH_CONG',NULL,'DA_THANH_TOAN'),(8,2,NULL,'TIEN_MAT',0.00,410000.00,0.00,'Peter Jones',NULL,'1122334455','2025-03-17 15:06:42','','TAI_QUAY','THANH_CONG',NULL,'DA_THANH_TOAN'),(9,3,2003,'TIEN_MAT',0.00,4590000.00,50000.00,'Alice Brown',NULL,'5551234567','2025-03-17 15:37:02','','TAI_QUAY','THANH_CONG',NULL,'DA_THANH_TOAN'),(10,2,2003,'TIEN_MAT',0.00,840000.00,50000.00,'Peter Jones',NULL,'1122334455','2025-03-17 15:39:52','','TAI_QUAY','THANH_CONG',NULL,'DA_THANH_TOAN'),(11,2,NULL,'TIEN_MAT',0.00,670000.00,0.00,'Peter Jones',NULL,'1122334455','2025-03-17 15:54:51','','TAI_QUAY','THANH_CONG',NULL,'DA_THANH_TOAN'),(12,2,NULL,'TIEN_MAT',0.00,630000.00,0.00,'Peter Jones',NULL,'1122334455','2025-03-17 15:55:11','','TAI_QUAY','THANH_CONG',NULL,'DA_THANH_TOAN'),(13,2,2,'TIEN_MAT',0.00,6069000.00,100000.00,'Peter Jones',NULL,'1122334455','2025-03-17 15:56:15','','TAI_QUAY','THANH_CONG',NULL,'DA_THANH_TOAN'),(14,2,NULL,'TIEN_MAT',0.00,2580000.00,0.00,'Peter Jones',NULL,'1122334455','2025-03-17 15:57:19','','TAI_QUAY','THANH_CONG',NULL,'DA_THANH_TOAN'),(15,2,1,'TIEN_MAT',0.00,3230000.00,50000.00,'Peter Jones',NULL,'1122334455','2025-03-17 15:57:37','','TAI_QUAY','THANH_CONG',NULL,'DA_THANH_TOAN'),(16,1,1,'TIEN_MAT',0.00,1590000.00,50000.00,'John Doe',NULL,'1234567890','2025-03-17 16:00:10','','TAI_QUAY','THANH_CONG',NULL,'DA_THANH_TOAN'),(17,1,NULL,'TIEN_MAT',0.00,530000.00,0.00,'John Doe',NULL,'1234567890','2025-03-17 16:00:53','','TAI_QUAY','THANH_CONG',NULL,'DA_THANH_TOAN'),(18,1,NULL,'TIEN_MAT',0.00,590000.00,0.00,'John Doe',NULL,'1234567890','2025-03-17 16:04:58','','TAI_QUAY','THANH_CONG',NULL,'DA_THANH_TOAN'),(19,1,1,'TIEN_MAT',0.00,1840000.00,50000.00,'John Doe',NULL,'1234567890','2025-03-17 16:05:22','','TAI_QUAY','THANH_CONG',NULL,'DA_THANH_TOAN'),(20,1,1,'TIEN_MAT',0.00,1240000.00,50000.00,'John Doe',NULL,'1234567890','2025-03-17 16:05:40','','TAI_QUAY','THANH_CONG',NULL,'DA_THANH_TOAN'),(21,1,1,'TIEN_MAT',0.00,2850000.00,50000.00,'John Doe',NULL,'1234567890','2025-03-17 16:06:01','','TAI_QUAY','THANH_CONG',NULL,'DA_THANH_TOAN'),(22,1,1,'TIEN_MAT',0.00,2170000.00,50000.00,'John Doe',NULL,'1234567890','2025-03-17 16:06:55','','TAI_QUAY','THANH_CONG',NULL,'DA_THANH_TOAN'),(23,1,1,'TIEN_MAT',0.00,2170000.00,50000.00,'John Doe',NULL,'1234567890','2025-03-17 16:08:23','','TAI_QUAY','THANH_CONG',NULL,'DA_THANH_TOAN'),(24,1,NULL,'TIEN_MAT',0.00,410000.00,0.00,'John Doe',NULL,'1234567890','2025-03-17 16:08:57','','TAI_QUAY','THANH_CONG',NULL,'DA_THANH_TOAN'),(29,NULL,NULL,'TIEN_MAT',0.00,600000.00,0.00,'',NULL,'','2025-03-17 16:17:21','','TAI_QUAY','THANH_CONG',NULL,'DA_THANH_TOAN'),(30,NULL,NULL,'TIEN_MAT',0.00,1020000.00,0.00,'',NULL,'','2025-03-17 16:18:22','','TAI_QUAY','THANH_CONG',NULL,'DA_THANH_TOAN'),(31,NULL,NULL,'TIEN_MAT',0.00,1198000.00,0.00,'',NULL,'','2025-03-18 05:25:07','','TAI_QUAY','THANH_CONG',NULL,'DA_THANH_TOAN'),(32,NULL,NULL,'TIEN_MAT',0.00,1198000.00,0.00,'',NULL,'','2025-03-18 05:25:10','','TAI_QUAY','THANH_CONG',NULL,'DA_THANH_TOAN'),(33,NULL,NULL,'TIEN_MAT',0.00,1198000.00,0.00,'',NULL,'','2025-03-18 05:25:28','','TAI_QUAY','THANH_CONG',NULL,'DA_THANH_TOAN'),(34,NULL,NULL,'TIEN_MAT',0.00,1198000.00,0.00,'',NULL,'','2025-03-18 05:31:14','','TAI_QUAY','THANH_CONG',NULL,'DA_THANH_TOAN'),(35,2,NULL,'TIEN_MAT',0.00,270000.00,0.00,'Peter Jones',NULL,'1122334455','2025-03-18 05:33:09','','TAI_QUAY','THANH_CONG',NULL,'DA_THANH_TOAN'),(36,2,NULL,'TIEN_MAT',0.00,9990000.00,0.00,'Peter Jones',NULL,'1122334455','2025-03-18 05:33:35','','TAI_QUAY','THANH_CONG',NULL,'DA_THANH_TOAN'),(37,NULL,NULL,'TIEN_MAT',0.00,0.00,0.00,'',NULL,'','2025-03-18 05:34:23','','TAI_QUAY','THANH_CONG',NULL,'DA_THANH_TOAN'),(38,NULL,NULL,'TIEN_MAT',0.00,390000.00,0.00,'',NULL,'','2025-03-18 05:34:34','','TAI_QUAY','THANH_CONG',NULL,'DA_THANH_TOAN'),(39,NULL,NULL,'TIEN_MAT',0.00,570000.00,0.00,'',NULL,'','2025-03-18 05:34:47','','TAI_QUAY','THANH_CONG',NULL,'DA_THANH_TOAN'),(40,NULL,NULL,'TIEN_MAT',0.00,1090000.00,0.00,'',NULL,'','2025-03-18 05:41:56','','TAI_QUAY','THANH_CONG',NULL,'DA_THANH_TOAN'),(41,NULL,NULL,'TIEN_MAT',0.00,500000.00,0.00,'',NULL,'','2025-03-18 05:42:12','','TAI_QUAY','THANH_CONG',NULL,'DA_THANH_TOAN'),(42,NULL,NULL,'TIEN_MAT',0.00,1000000.00,0.00,'',NULL,'','2025-03-18 05:42:27','','TAI_QUAY','THANH_CONG',NULL,'DA_THANH_TOAN'),(43,NULL,NULL,'TIEN_MAT',0.00,6000000.00,0.00,'',NULL,'','2025-03-18 06:20:11','','TAI_QUAY','THANH_CONG',NULL,'DA_THANH_TOAN'),(44,NULL,NULL,'TIEN_MAT',0.00,500000.00,0.00,'',NULL,'','2025-03-18 06:23:43','','TAI_QUAY','THANH_CONG',NULL,'DA_THANH_TOAN'),(45,NULL,NULL,'TIEN_MAT',0.00,1000000.00,0.00,'',NULL,'','2025-03-18 06:36:59','','TAI_QUAY','THANH_CONG',NULL,'DA_THANH_TOAN'),(46,NULL,1,'TIEN_MAT',0.00,666000.00,50000.00,'',NULL,'','2025-03-18 06:37:20','','TAI_QUAY','THANH_CONG',NULL,'DA_THANH_TOAN');
/*!40000 ALTER TABLE `hoa_don` ENABLE KEYS */;
UNLOCK TABLES;

--
-- Table structure for table `hoa_don_chi_tiet`
--

DROP TABLE IF EXISTS `hoa_don_chi_tiet`;
/*!40101 SET @saved_cs_client     = @@character_set_client */;
/*!50503 SET character_set_client = utf8mb4 */;
CREATE TABLE `hoa_don_chi_tiet` (
  `ID` int NOT NULL AUTO_INCREMENT,
  `HOA_DON_ID` int NOT NULL,
  `SAN_PHAM_CHI_TIET_ID` int NOT NULL,
  `DOT_GIAM_GIA_ID` int DEFAULT NULL,
  `GIA_GOC` decimal(15,2) NOT NULL,
  `GIA_KHUYEN_MAI` decimal(15,2) DEFAULT NULL,
  `SO_LUONG` int NOT NULL,
  `IS_DELETED` bit(1) NOT NULL DEFAULT b'0',
  PRIMARY KEY (`ID`),
  KEY `HOA_DON_ID` (`HOA_DON_ID`),
  KEY `SAN_PHAM_CHI_TIET_ID` (`SAN_PHAM_CHI_TIET_ID`),
  KEY `DOT_GIAM_GIA_ID` (`DOT_GIAM_GIA_ID`),
  CONSTRAINT `hoa_don_chi_tiet_ibfk_1` FOREIGN KEY (`HOA_DON_ID`) REFERENCES `hoa_don` (`ID`),
  CONSTRAINT `hoa_don_chi_tiet_ibfk_2` FOREIGN KEY (`SAN_PHAM_CHI_TIET_ID`) REFERENCES `san_pham_chi_tiet` (`ID`),
  CONSTRAINT `hoa_don_chi_tiet_ibfk_3` FOREIGN KEY (`DOT_GIAM_GIA_ID`) REFERENCES `dot_giam_gia` (`ID`)
) ENGINE=InnoDB AUTO_INCREMENT=34 DEFAULT CHARSET=utf8mb4 COLLATE=utf8mb4_unicode_ci;
/*!40101 SET character_set_client = @saved_cs_client */;

--
-- Dumping data for table `hoa_don_chi_tiet`
--

LOCK TABLES `hoa_don_chi_tiet` WRITE;
/*!40000 ALTER TABLE `hoa_don_chi_tiet` DISABLE KEYS */;
INSERT INTO `hoa_don_chi_tiet` VALUES (3,3,1632,1,640000.00,590000.00,2,_binary '\0'),(4,3,353,NULL,580000.00,580000.00,8,_binary '\0'),(5,29,891,NULL,600000.00,600000.00,1,_binary '\0'),(6,30,891,NULL,600000.00,600000.00,1,_binary '\0'),(7,30,1341,NULL,420000.00,420000.00,1,_binary '\0'),(8,31,840,NULL,460000.00,460000.00,1,_binary '\0'),(9,31,1157,1,390000.00,351000.00,1,_binary '\0'),(10,31,1050,1,430000.00,387000.00,1,_binary '\0'),(11,32,840,NULL,460000.00,460000.00,1,_binary '\0'),(12,32,1157,1,390000.00,351000.00,1,_binary '\0'),(13,32,1050,1,430000.00,387000.00,1,_binary '\0'),(14,33,840,NULL,460000.00,460000.00,1,_binary '\0'),(15,33,1157,1,390000.00,351000.00,1,_binary '\0'),(16,33,1050,1,430000.00,387000.00,1,_binary '\0'),(17,34,840,NULL,460000.00,460000.00,1,_binary '\0'),(18,34,1157,1,390000.00,351000.00,1,_binary '\0'),(19,34,1050,1,430000.00,387000.00,1,_binary '\0'),(20,35,170,1,300000.00,270000.00,1,_binary '\0'),(21,36,1290,NULL,640000.00,640000.00,3,_binary '\0'),(22,36,1497,NULL,690000.00,690000.00,9,_binary '\0'),(23,36,439,NULL,620000.00,620000.00,3,_binary '\0'),(24,38,1151,NULL,390000.00,390000.00,1,_binary '\0'),(25,39,68,NULL,570000.00,570000.00,1,_binary '\0'),(26,40,947,NULL,590000.00,590000.00,1,_binary '\0'),(27,40,370,NULL,500000.00,500000.00,1,_binary '\0'),(28,41,370,NULL,500000.00,500000.00,1,_binary '\0'),(29,42,370,NULL,500000.00,500000.00,2,_binary '\0'),(30,43,370,NULL,500000.00,500000.00,12,_binary '\0'),(31,44,370,NULL,500000.00,500000.00,1,_binary '\0'),(32,45,370,NULL,500000.00,500000.00,2,_binary '\0'),(33,46,1245,1,370000.00,333000.00,2,_binary '\0');
/*!40000 ALTER TABLE `hoa_don_chi_tiet` ENABLE KEYS */;
UNLOCK TABLES;

--
-- Table structure for table `khach_hang`
--

DROP TABLE IF EXISTS `khach_hang`;
/*!40101 SET @saved_cs_client     = @@character_set_client */;
/*!50503 SET character_set_client = utf8mb4 */;
CREATE TABLE `khach_hang` (
  `ID` int NOT NULL AUTO_INCREMENT,
  `TAI_KHOAN_ID` int NOT NULL,
  `TEN` varchar(255) CHARACTER SET utf8mb4 COLLATE utf8mb4_unicode_ci NOT NULL,
  `NGAY_SINH` date DEFAULT NULL,
  `GIOI_TINH` varchar(10) CHARACTER SET utf8mb4 COLLATE utf8mb4_unicode_ci DEFAULT NULL,
  `SO_LAN_TU_CHOI_NHAN_HANG` int DEFAULT '0',
  `IS_DELETED` bit(1) NOT NULL DEFAULT b'0',
  PRIMARY KEY (`ID`),
  UNIQUE KEY `khach_hang_tai_khoan_unique` (`TAI_KHOAN_ID`),
  KEY `TAI_KHOAN_ID` (`TAI_KHOAN_ID`),
  CONSTRAINT `khach_hang_ibfk_1` FOREIGN KEY (`TAI_KHOAN_ID`) REFERENCES `tai_khoan` (`ID`)
) ENGINE=InnoDB AUTO_INCREMENT=34 DEFAULT CHARSET=utf8mb4 COLLATE=utf8mb4_unicode_ci;
/*!40101 SET character_set_client = @saved_cs_client */;

--
-- Dumping data for table `khach_hang`
--

LOCK TABLES `khach_hang` WRITE;
/*!40000 ALTER TABLE `khach_hang` DISABLE KEYS */;
INSERT INTO `khach_hang` VALUES (1,1,'John Doe','1990-05-15','Nam',0,_binary '\0'),(2,3,'Peter Jones','1985-12-20','Nam',0,_binary '\0'),(3,4,'Alice Brown','1992-08-10','Nam',0,_binary '\0'),(4,53,'Joshua','1998-10-15','Nam',0,_binary '\0'),(5,52,'Bubby','1982-10-12','Nam',0,_binary '\0'),(6,33,'Albert','2002-06-26','Nam',0,_binary '\0'),(7,50,'Helena','1993-10-11','Nam',0,_binary '\0'),(8,45,'Karen','1982-03-22','Nam',0,_binary '\0'),(9,38,'Sheryl','2007-01-13','Nam',0,_binary '\0'),(10,36,'Carmelita','2002-08-05','Nam',0,_binary '\0'),(11,27,'Helen','2015-01-19','Nam',0,_binary '\0'),(12,34,'Buck','2000-09-29','Nam',0,_binary '\0'),(13,32,'Crystal','1999-11-15','Nam',0,_binary '\0'),(14,49,'Leisha','2005-11-04','Nam',0,_binary '\0'),(15,47,'Giselle','1988-03-14','Nam',0,_binary '\0'),(16,41,'Miles','1997-02-11','Nam',0,_binary '\0'),(17,51,'Nowell','2003-09-07','Nam',0,_binary '\0'),(18,54,'Davy','2011-08-17','Nam',0,_binary '\0'),(19,28,'Lester','1989-12-13','Nam',0,_binary '\0'),(20,37,'Celestia','1980-02-16','Nam',0,_binary '\0'),(21,46,'Nicolas','1994-07-21','Nam',0,_binary '\0'),(22,39,'Isabella','2010-06-22','Nam',0,_binary '\0'),(23,26,'Clare','2011-02-20','Nam',0,_binary '\0'),(24,40,'Megan','1984-03-31','Nam',0,_binary '\0'),(25,2,'Joey','2007-07-21','Nam',0,_binary '\0'),(26,31,'Matthew','2012-05-15','Nam',0,_binary '\0'),(27,44,'Bubba','2003-06-18','Nam',0,_binary '\0'),(28,35,'Helena','2005-05-19','Nam',0,_binary '\0'),(29,30,'Jack','1980-07-09','Nam',0,_binary '\0'),(30,5,'Ultan','2015-09-29','Nam',0,_binary '\0'),(31,48,'Rory','2013-07-08','Nam',0,_binary '\0'),(32,43,'Mariah','1995-07-13','Nam',0,_binary '\0'),(33,55,'Roberta','1999-01-28','Nam',0,_binary '\0');
/*!40000 ALTER TABLE `khach_hang` ENABLE KEYS */;
UNLOCK TABLES;

--
-- Table structure for table `kich_thuoc`
--

DROP TABLE IF EXISTS `kich_thuoc`;
/*!40101 SET @saved_cs_client     = @@character_set_client */;
/*!50503 SET character_set_client = utf8mb4 */;
CREATE TABLE `kich_thuoc` (
  `ID` int NOT NULL AUTO_INCREMENT,
  `TEN` varchar(50) CHARACTER SET utf8mb4 COLLATE utf8mb4_unicode_ci NOT NULL,
  `IS_DELETED` bit(1) NOT NULL DEFAULT b'0',
  PRIMARY KEY (`ID`)
) ENGINE=InnoDB AUTO_INCREMENT=6 DEFAULT CHARSET=utf8mb4 COLLATE=utf8mb4_unicode_ci;
/*!40101 SET character_set_client = @saved_cs_client */;

--
-- Dumping data for table `kich_thuoc`
--

LOCK TABLES `kich_thuoc` WRITE;
/*!40000 ALTER TABLE `kich_thuoc` DISABLE KEYS */;
INSERT INTO `kich_thuoc` VALUES (1,'S',_binary '\0'),(2,'M',_binary '\0'),(3,'L',_binary '\0'),(4,'XL',_binary '\0');
/*!40000 ALTER TABLE `kich_thuoc` ENABLE KEYS */;
UNLOCK TABLES;

--
-- Table structure for table `kieu_dang`
--

DROP TABLE IF EXISTS `kieu_dang`;
/*!40101 SET @saved_cs_client     = @@character_set_client */;
/*!50503 SET character_set_client = utf8mb4 */;
CREATE TABLE `kieu_dang` (
  `ID` int NOT NULL AUTO_INCREMENT,
  `TEN` varchar(255) CHARACTER SET utf8mb4 COLLATE utf8mb4_unicode_ci NOT NULL,
  `IS_DELETED` bit(1) NOT NULL DEFAULT b'0',
  PRIMARY KEY (`ID`)
) ENGINE=InnoDB AUTO_INCREMENT=27 DEFAULT CHARSET=utf8mb4 COLLATE=utf8mb4_unicode_ci;
/*!40101 SET character_set_client = @saved_cs_client */;

--
-- Dumping data for table `kieu_dang`
--

LOCK TABLES `kieu_dang` WRITE;
/*!40000 ALTER TABLE `kieu_dang` DISABLE KEYS */;
INSERT INTO `kieu_dang` VALUES (1,'Thun c trn',_binary '\0'),(2,'Thun c tim',_binary '\0'),(3,'Thun tay di',_binary '\0'),(4,'Thun oversize',_binary '\0'),(5,'Thun th thao',_binary '\0'),(6,'Polo basic',_binary '\0'),(7,'Polo c ti',_binary '\0'),(8,'Polo k sc',_binary '\0'),(9,'S mi di tay',_binary '\0'),(10,'S mi ngn tay',_binary '\0'),(11,'S mi ha tit',_binary '\0'),(12,'S mi denim',_binary '\0'),(13,'S mi flannel',_binary '\0'),(14,'Hoodie basic',_binary '\0'),(15,'Hoodie c kha',_binary '\0'),(16,'Hoodie khng m',_binary '\0'),(17,'Len c trn',_binary '\0'),(18,'Len c l',_binary '\0'),(19,'Khoc bomber',_binary '\0'),(20,'Khoc jean',_binary '\0'),(21,'Khoc da',_binary '\0'),(22,'Khoc gi',_binary '\0'),(23,'Vest nam',_binary '\0'),(24,'Blazer nam',_binary '\0'),(25,'Ba l th thao',_binary '\0'),(26,'Ba l gym',_binary '\0');
/*!40000 ALTER TABLE `kieu_dang` ENABLE KEYS */;
UNLOCK TABLES;

--
-- Table structure for table `lich_su_hoa_don`
--

DROP TABLE IF EXISTS `lich_su_hoa_don`;
/*!40101 SET @saved_cs_client     = @@character_set_client */;
/*!50503 SET character_set_client = utf8mb4 */;
CREATE TABLE `lich_su_hoa_don` (
  `ID` int NOT NULL AUTO_INCREMENT,
  `HOA_DON_ID` int NOT NULL,
  `TAI_KHOAN_ID` int DEFAULT NULL,
  `TIEU_DE` varchar(255) CHARACTER SET utf8mb4 COLLATE utf8mb4_unicode_ci NOT NULL,
  `MO_TA` text CHARACTER SET utf8mb4 COLLATE utf8mb4_unicode_ci,
  `THOI_GIAN` datetime NOT NULL,
  `IS_DELETED` bit(1) NOT NULL DEFAULT b'0',
  PRIMARY KEY (`ID`),
  KEY `HOA_DON_ID` (`HOA_DON_ID`),
  KEY `TAI_KHOAN_ID` (`TAI_KHOAN_ID`),
  CONSTRAINT `lich_su_hoa_don_ibfk_1` FOREIGN KEY (`HOA_DON_ID`) REFERENCES `hoa_don` (`ID`),
  CONSTRAINT `lich_su_hoa_don_ibfk_2` FOREIGN KEY (`TAI_KHOAN_ID`) REFERENCES `tai_khoan` (`ID`)
) ENGINE=InnoDB AUTO_INCREMENT=3 DEFAULT CHARSET=utf8mb4 COLLATE=utf8mb4_unicode_ci;
/*!40101 SET character_set_client = @saved_cs_client */;

--
-- Dumping data for table `lich_su_hoa_don`
--

LOCK TABLES `lich_su_hoa_don` WRITE;
/*!40000 ALTER TABLE `lich_su_hoa_don` DISABLE KEYS */;
INSERT INTO `lich_su_hoa_don` VALUES (1,1,2,'n hng mi','n hng  c to','2024-01-03 00:00:00',_binary '\0'),(2,2,2,'n hng  giao','n hng  c giao thnh cng','2024-01-03 00:00:00',_binary '\0');
/*!40000 ALTER TABLE `lich_su_hoa_don` ENABLE KEYS */;
UNLOCK TABLES;

--
-- Table structure for table `mau_sac`
--

DROP TABLE IF EXISTS `mau_sac`;
/*!40101 SET @saved_cs_client     = @@character_set_client */;
/*!50503 SET character_set_client = utf8mb4 */;
CREATE TABLE `mau_sac` (
  `ID` int NOT NULL AUTO_INCREMENT,
  `TEN` varchar(50) CHARACTER SET utf8mb4 COLLATE utf8mb4_unicode_ci NOT NULL,
  `IS_DELETED` bit(1) NOT NULL DEFAULT b'0',
  `code` varchar(10) CHARACTER SET utf8mb4 COLLATE utf8mb4_unicode_ci DEFAULT NULL,
  PRIMARY KEY (`ID`)
) ENGINE=InnoDB AUTO_INCREMENT=27 DEFAULT CHARSET=utf8mb4 COLLATE=utf8mb4_unicode_ci;
/*!40101 SET character_set_client = @saved_cs_client */;

--
-- Dumping data for table `mau_sac`
--

LOCK TABLES `mau_sac` WRITE;
/*!40000 ALTER TABLE `mau_sac` DISABLE KEYS */;
INSERT INTO `mau_sac` VALUES (1,'en',_binary '\0','#000000'),(2,'Trng',_binary '\0','#FFFFFF'),(3,'Xm',_binary '\0','#808080'),(4,'Xm nht',_binary '\0','#D3D3D3');
/*!40000 ALTER TABLE `mau_sac` ENABLE KEYS */;
UNLOCK TABLES;

--
-- Table structure for table `nhan_vien`
--

DROP TABLE IF EXISTS `nhan_vien`;
/*!40101 SET @saved_cs_client     = @@character_set_client */;
/*!50503 SET character_set_client = utf8mb4 */;
CREATE TABLE `nhan_vien` (
  `ID` int NOT NULL AUTO_INCREMENT,
  `TAI_KHOAN_ID` int NOT NULL,
  `TEN` varchar(255) CHARACTER SET utf8mb4 COLLATE utf8mb4_unicode_ci NOT NULL,
  `IS_DELETED` bit(1) NOT NULL DEFAULT b'0',
  PRIMARY KEY (`ID`),
  KEY `TAI_KHOAN_ID` (`TAI_KHOAN_ID`),
  CONSTRAINT `nhan_vien_ibfk_1` FOREIGN KEY (`TAI_KHOAN_ID`) REFERENCES `tai_khoan` (`ID`)
) ENGINE=InnoDB AUTO_INCREMENT=3 DEFAULT CHARSET=utf8mb4 COLLATE=utf8mb4_unicode_ci;
/*!40101 SET character_set_client = @saved_cs_client */;

--
-- Dumping data for table `nhan_vien`
--

LOCK TABLES `nhan_vien` WRITE;
/*!40000 ALTER TABLE `nhan_vien` DISABLE KEYS */;
INSERT INTO `nhan_vien` VALUES (1,2,'Jane Smith',_binary '\0'),(2,5,'Bob Wilson',_binary '\0');
/*!40000 ALTER TABLE `nhan_vien` ENABLE KEYS */;
UNLOCK TABLES;

--
-- Table structure for table `nhan_vien_log`
--

DROP TABLE IF EXISTS `nhan_vien_log`;
/*!40101 SET @saved_cs_client     = @@character_set_client */;
/*!50503 SET character_set_client = utf8mb4 */;
CREATE TABLE `nhan_vien_log` (
  `ID` int NOT NULL AUTO_INCREMENT,
  `NHAN_VIEN_ID` int NOT NULL,
  `NOI_DUNG` text CHARACTER SET utf8mb4 COLLATE utf8mb4_unicode_ci,
  `THOI_GIAN` datetime NOT NULL,
  `IS_DELETED` bit(1) NOT NULL DEFAULT b'0',
  PRIMARY KEY (`ID`),
  KEY `NHAN_VIEN_ID` (`NHAN_VIEN_ID`),
  CONSTRAINT `nhan_vien_log_ibfk_1` FOREIGN KEY (`NHAN_VIEN_ID`) REFERENCES `nhan_vien` (`ID`)
) ENGINE=InnoDB AUTO_INCREMENT=3 DEFAULT CHARSET=utf8mb4 COLLATE=utf8mb4_unicode_ci;
/*!40101 SET character_set_client = @saved_cs_client */;

--
-- Dumping data for table `nhan_vien_log`
--

LOCK TABLES `nhan_vien_log` WRITE;
/*!40000 ALTER TABLE `nhan_vien_log` DISABLE KEYS */;
INSERT INTO `nhan_vien_log` VALUES (1,1,'ng nhp h thng','2024-01-04 08:00:00',_binary '\0'),(2,2,'Cp nht thng tin sn phm','2024-01-04 10:30:00',_binary '\0');
/*!40000 ALTER TABLE `nhan_vien_log` ENABLE KEYS */;
UNLOCK TABLES;

--
-- Table structure for table `phieu_giam_gia`
--

DROP TABLE IF EXISTS `phieu_giam_gia`;
/*!40101 SET @saved_cs_client     = @@character_set_client */;
/*!50503 SET character_set_client = utf8mb4 */;
CREATE TABLE `phieu_giam_gia` (
  `ID` int NOT NULL AUTO_INCREMENT,
  `MA` varchar(50) CHARACTER SET utf8mb4 COLLATE utf8mb4_unicode_ci NOT NULL,
  `TEN` varchar(255) CHARACTER SET utf8mb4 COLLATE utf8mb4_unicode_ci NOT NULL,
  `SO_LUONG` int NOT NULL,
  `HOA_DON_TOI_THIEU` decimal(15,2) DEFAULT NULL,
  `LOAI_HINH_GIAM` varchar(50) CHARACTER SET utf8mb4 COLLATE utf8mb4_unicode_ci DEFAULT NULL,
  `GIA_TRI_GIAM` decimal(15,2) DEFAULT NULL,
  `GIAM_TOI_DA` decimal(15,2) DEFAULT NULL,
  `NGAY_BAT_DAU` datetime NOT NULL,
  `NGAY_KET_THUC` datetime NOT NULL,
  `TRANG_THAI` varchar(50) CHARACTER SET utf8mb4 COLLATE utf8mb4_unicode_ci DEFAULT NULL,
  `IS_DELETED` bit(1) NOT NULL DEFAULT b'0',
  PRIMARY KEY (`ID`)
) ENGINE=InnoDB AUTO_INCREMENT=2013 DEFAULT CHARSET=utf8mb4 COLLATE=utf8mb4_unicode_ci;
/*!40101 SET character_set_client = @saved_cs_client */;

--
-- Dumping data for table `phieu_giam_gia`
--

LOCK TABLES `phieu_giam_gia` WRITE;
/*!40000 ALTER TABLE `phieu_giam_gia` DISABLE KEYS */;
INSERT INTO `phieu_giam_gia` VALUES (1,'PGG001','Phiu gim gi 50k',90,500000.00,'SO_TIEN',50000.00,50000.00,'2025-03-15 04:03:34','2025-08-15 04:03:34','DANG_DIEN_RA',_binary '\0'),(2,'PGG002','Phiu gim gi 10%',49,1000000.00,'SO_TIEN',100000.00,100000.00,'2025-03-15 04:03:34','2025-08-15 04:03:34','DANG_DIEN_RA',_binary '\0'),(2003,'PGG003','San Luis Potosp',15,500000.00,'PHAN_TRAM',10.00,50000.00,'2025-03-15 04:03:34','2025-08-15 04:03:34','DANG_DIEN_RA',_binary '\0'),(2004,'PGG004','Bahir Dar',84,500000.00,'PHAN_TRAM',20.00,50000.00,'2025-03-15 04:03:34','2025-08-15 04:03:34','DANG_DIEN_RA',_binary '\0'),(2005,'PGG005','Cherkessk',71,500000.00,'PHAN_TRAM',30.00,250000.00,'2025-03-15 04:03:34','2025-08-15 04:03:34','DANG_DIEN_RA',_binary '\0'),(2006,'PGG006','Kota Kinabalu',7,500000.00,'PHAN_TRAM',10.00,150000.00,'2025-03-15 04:03:34','2025-08-15 04:03:34','DANG_DIEN_RA',_binary '\0'),(2007,'PGG007','Youngstown',31,500000.00,'PHAN_TRAM',10.00,50000.00,'2025-03-15 04:03:34','2025-08-15 04:03:34','DANG_DIEN_RA',_binary '\0');
/*!40000 ALTER TABLE `phieu_giam_gia` ENABLE KEYS */;
UNLOCK TABLES;

--
-- Table structure for table `phieu_giam_gia_khach_hang`
--

DROP TABLE IF EXISTS `phieu_giam_gia_khach_hang`;
/*!40101 SET @saved_cs_client     = @@character_set_client */;
/*!50503 SET character_set_client = utf8mb4 */;
CREATE TABLE `phieu_giam_gia_khach_hang` (
  `ID` int NOT NULL AUTO_INCREMENT,
  `KHACH_HANG_ID` int NOT NULL,
  `PHIEU_GIAM_GIA_ID` int NOT NULL,
  `IS_USED` bit(1) DEFAULT b'0',
  PRIMARY KEY (`ID`),
  UNIQUE KEY `phieu_giam_gia_khach_hang_unique` (`KHACH_HANG_ID`,`PHIEU_GIAM_GIA_ID`,`IS_USED`),
  KEY `KHACH_HANG_ID` (`KHACH_HANG_ID`),
  KEY `PHIEU_GIAM_GIA_ID` (`PHIEU_GIAM_GIA_ID`),
  CONSTRAINT `phieu_giam_gia_khach_hang_ibfk_1` FOREIGN KEY (`KHACH_HANG_ID`) REFERENCES `khach_hang` (`ID`),
  CONSTRAINT `phieu_giam_gia_khach_hang_ibfk_2` FOREIGN KEY (`PHIEU_GIAM_GIA_ID`) REFERENCES `phieu_giam_gia` (`ID`)
) ENGINE=InnoDB AUTO_INCREMENT=367 DEFAULT CHARSET=utf8mb4 COLLATE=utf8mb4_unicode_ci;
/*!40101 SET character_set_client = @saved_cs_client */;

--
-- Dumping data for table `phieu_giam_gia_khach_hang`
--

LOCK TABLES `phieu_giam_gia_khach_hang` WRITE;
/*!40000 ALTER TABLE `phieu_giam_gia_khach_hang` DISABLE KEYS */;
INSERT INTO `phieu_giam_gia_khach_hang` VALUES (307,2,2,_binary '\0'),(221,2,2003,_binary '\0'),(326,2,2004,_binary '\0'),(269,2,2005,_binary '\0'),(339,2,2006,_binary '\0'),(223,2,2007,_binary '\0'),(268,3,2,_binary '\0'),(325,3,2003,_binary '\0'),(321,3,2004,_binary '\0'),(150,3,2005,_binary '\0'),(344,3,2006,_binary '\0'),(364,3,2007,_binary '\0'),(187,4,2,_binary '\0'),(278,4,2003,_binary '\0'),(233,4,2004,_binary '\0'),(216,4,2005,_binary '\0'),(209,4,2006,_binary '\0'),(330,4,2007,_binary '\0'),(336,5,2,_binary '\0'),(200,5,2003,_binary '\0'),(258,5,2004,_binary '\0'),(349,5,2005,_binary '\0'),(285,5,2006,_binary '\0'),(303,5,2007,_binary '\0'),(272,6,2,_binary '\0'),(254,6,2003,_binary '\0'),(260,6,2004,_binary '\0'),(345,6,2005,_binary '\0'),(359,6,2006,_binary '\0'),(136,6,2007,_binary '\0'),(354,7,2,_binary '\0'),(290,7,2003,_binary '\0'),(358,7,2004,_binary '\0'),(257,7,2005,_binary '\0'),(246,7,2006,_binary '\0'),(212,7,2007,_binary '\0'),(153,8,2,_binary '\0'),(316,8,2003,_binary '\0'),(210,8,2004,_binary '\0'),(262,8,2005,_binary '\0'),(263,8,2006,_binary '\0'),(341,8,2007,_binary '\0'),(248,9,2,_binary '\0'),(255,9,2003,_binary '\0'),(206,9,2004,_binary '\0'),(340,9,2005,_binary '\0'),(324,9,2006,_binary '\0'),(315,9,2007,_binary '\0'),(288,10,2,_binary '\0'),(249,10,2003,_binary '\0'),(266,10,2004,_binary '\0'),(194,10,2005,_binary '\0'),(350,10,2006,_binary '\0'),(184,10,2007,_binary '\0'),(338,11,2,_binary '\0'),(217,11,2003,_binary '\0'),(163,11,2004,_binary '\0'),(219,11,2005,_binary '\0'),(308,11,2006,_binary '\0'),(196,11,2007,_binary '\0'),(309,12,2,_binary '\0'),(180,12,2003,_binary '\0'),(347,12,2004,_binary '\0'),(164,12,2005,_binary '\0'),(213,12,2006,_binary '\0'),(161,12,2007,_binary '\0'),(162,13,2,_binary '\0'),(301,13,2003,_binary '\0'),(177,13,2004,_binary '\0'),(231,13,2005,_binary '\0'),(237,13,2006,_binary '\0'),(173,13,2007,_binary '\0'),(332,14,2,_binary '\0'),(230,14,2003,_binary '\0'),(144,14,2004,_binary '\0'),(362,14,2005,_binary '\0'),(159,14,2006,_binary '\0'),(328,14,2007,_binary '\0'),(245,15,2,_binary '\0'),(220,15,2003,_binary '\0'),(139,15,2004,_binary '\0'),(169,15,2005,_binary '\0'),(366,15,2006,_binary '\0'),(179,15,2007,_binary '\0'),(205,16,2,_binary '\0'),(302,16,2003,_binary '\0'),(264,16,2004,_binary '\0'),(224,16,2005,_binary '\0'),(312,16,2006,_binary '\0'),(227,16,2007,_binary '\0'),(343,17,2,_binary '\0'),(204,17,2003,_binary '\0'),(156,17,2004,_binary '\0'),(365,17,2005,_binary '\0'),(335,17,2006,_binary '\0'),(247,17,2007,_binary '\0'),(203,18,2,_binary '\0'),(351,18,2003,_binary '\0'),(168,18,2004,_binary '\0'),(152,18,2005,_binary '\0'),(355,18,2006,_binary '\0'),(185,18,2007,_binary '\0'),(333,19,2,_binary '\0'),(256,19,2003,_binary '\0'),(176,19,2004,_binary '\0'),(160,19,2005,_binary '\0'),(291,19,2006,_binary '\0'),(188,19,2007,_binary '\0'),(259,20,2,_binary '\0'),(174,20,2003,_binary '\0'),(287,20,2004,_binary '\0'),(207,20,2005,_binary '\0'),(197,20,2006,_binary '\0'),(334,20,2007,_binary '\0'),(361,21,2,_binary '\0'),(166,21,2003,_binary '\0'),(242,21,2004,_binary '\0'),(267,21,2005,_binary '\0'),(277,21,2006,_binary '\0'),(137,21,2007,_binary '\0'),(218,22,2,_binary '\0'),(214,22,2003,_binary '\0'),(318,22,2004,_binary '\0'),(305,22,2005,_binary '\0'),(165,22,2006,_binary '\0'),(157,22,2007,_binary '\0'),(193,23,2,_binary '\0'),(293,23,2003,_binary '\0'),(238,23,2004,_binary '\0'),(148,23,2005,_binary '\0'),(298,23,2006,_binary '\0'),(171,23,2007,_binary '\0'),(304,24,2,_binary '\0'),(295,24,2003,_binary '\0'),(190,24,2004,_binary '\0'),(182,24,2005,_binary '\0'),(172,24,2006,_binary '\0'),(175,24,2007,_binary '\0'),(232,25,2,_binary '\0'),(342,25,2003,_binary '\0'),(181,25,2004,_binary '\0'),(170,25,2005,_binary '\0'),(198,25,2006,_binary '\0'),(211,25,2007,_binary '\0'),(154,26,2,_binary '\0'),(243,26,2003,_binary '\0'),(265,26,2004,_binary '\0'),(178,26,2005,_binary '\0'),(273,26,2006,_binary '\0'),(311,26,2007,_binary '\0'),(310,27,2,_binary '\0'),(201,27,2003,_binary '\0'),(199,27,2004,_binary '\0'),(228,27,2005,_binary '\0'),(352,27,2006,_binary '\0'),(195,27,2007,_binary '\0'),(145,28,2,_binary '\0'),(306,28,2003,_binary '\0'),(294,28,2004,_binary '\0'),(314,28,2005,_binary '\0'),(253,28,2006,_binary '\0'),(296,28,2007,_binary '\0'),(226,29,2,_binary '\0'),(337,29,2003,_binary '\0'),(261,29,2004,_binary '\0'),(140,29,2005,_binary '\0'),(189,29,2006,_binary '\0'),(329,29,2007,_binary '\0'),(244,30,2,_binary '\0'),(320,30,2003,_binary '\0'),(142,30,2004,_binary '\0'),(235,30,2005,_binary '\0'),(252,30,2006,_binary '\0'),(251,30,2007,_binary '\0'),(236,31,2,_binary '\0'),(155,31,2003,_binary '\0'),(208,31,2004,_binary '\0'),(146,31,2005,_binary '\0'),(281,31,2006,_binary '\0'),(279,31,2007,_binary '\0'),(348,32,2,_binary '\0'),(286,32,2003,_binary '\0'),(250,32,2004,_binary '\0'),(222,32,2005,_binary '\0'),(229,32,2006,_binary '\0'),(138,32,2007,_binary '\0'),(167,33,2,_binary '\0'),(143,33,2003,_binary '\0'),(282,33,2004,_binary '\0'),(280,33,2005,_binary '\0'),(186,33,2006,_binary '\0'),(271,33,2007,_binary '\0');
/*!40000 ALTER TABLE `phieu_giam_gia_khach_hang` ENABLE KEYS */;
UNLOCK TABLES;

--
-- Table structure for table `replies`
--

DROP TABLE IF EXISTS `replies`;
/*!40101 SET @saved_cs_client     = @@character_set_client */;
/*!50503 SET character_set_client = utf8mb4 */;
CREATE TABLE `replies` (
  `ID` int NOT NULL AUTO_INCREMENT,
  `REVIEW_ID` int NOT NULL,
  `NHAN_VIEN_ID` int DEFAULT NULL,
  `NOI_DUNG` text CHARACTER SET utf8mb4 COLLATE utf8mb4_unicode_ci NOT NULL,
  `THOI_GIAN` datetime NOT NULL,
  `IS_DELETED` bit(1) NOT NULL DEFAULT b'0',
  PRIMARY KEY (`ID`),
  KEY `REVIEW_ID` (`REVIEW_ID`),
  KEY `NHAN_VIEN_ID` (`NHAN_VIEN_ID`),
  CONSTRAINT `replies_ibfk_1` FOREIGN KEY (`REVIEW_ID`) REFERENCES `reviews` (`ID`),
  CONSTRAINT `replies_ibfk_2` FOREIGN KEY (`NHAN_VIEN_ID`) REFERENCES `nhan_vien` (`ID`)
) ENGINE=InnoDB AUTO_INCREMENT=3 DEFAULT CHARSET=utf8mb4 COLLATE=utf8mb4_unicode_ci;
/*!40101 SET character_set_client = @saved_cs_client */;

--
-- Dumping data for table `replies`
--

LOCK TABLES `replies` WRITE;
/*!40000 ALTER TABLE `replies` DISABLE KEYS */;
INSERT INTO `replies` VALUES (1,1,1,'Cm n bn  nh gi','2024-01-03 00:00:00',_binary '\0'),(2,2,2,'Cm n bn  ng h','2024-01-03 00:00:00',_binary '\0');
/*!40000 ALTER TABLE `replies` ENABLE KEYS */;
UNLOCK TABLES;

--
-- Table structure for table `reviews`
--

DROP TABLE IF EXISTS `reviews`;
/*!40101 SET @saved_cs_client     = @@character_set_client */;
/*!50503 SET character_set_client = utf8mb4 */;
CREATE TABLE `reviews` (
  `ID` int NOT NULL AUTO_INCREMENT,
  `SAN_PHAM_ID` int NOT NULL,
  `KHACH_HANG_ID` int NOT NULL,
  `THOI_GIAN` datetime NOT NULL,
  `NOI_DUNG` text CHARACTER SET utf8mb4 COLLATE utf8mb4_unicode_ci,
  `ANH` varchar(255) CHARACTER SET utf8mb4 COLLATE utf8mb4_unicode_ci DEFAULT NULL,
  `STATUS` varchar(50) CHARACTER SET utf8mb4 COLLATE utf8mb4_unicode_ci DEFAULT NULL,
  `UP_VOTE` int DEFAULT '0',
  `DOWN_VOTE` int DEFAULT '0',
  `IS_DELETED` bit(1) NOT NULL DEFAULT b'0',
  PRIMARY KEY (`ID`),
  KEY `SAN_PHAM_ID` (`SAN_PHAM_ID`),
  KEY `KHACH_HANG_ID` (`KHACH_HANG_ID`),
  CONSTRAINT `reviews_ibfk_1` FOREIGN KEY (`SAN_PHAM_ID`) REFERENCES `san_pham` (`ID`),
  CONSTRAINT `reviews_ibfk_2` FOREIGN KEY (`KHACH_HANG_ID`) REFERENCES `khach_hang` (`ID`)
) ENGINE=InnoDB AUTO_INCREMENT=3 DEFAULT CHARSET=utf8mb4 COLLATE=utf8mb4_unicode_ci;
/*!40101 SET character_set_client = @saved_cs_client */;

--
-- Dumping data for table `reviews`
--

LOCK TABLES `reviews` WRITE;
/*!40000 ALTER TABLE `reviews` DISABLE KEYS */;
INSERT INTO `reviews` VALUES (1,1,1,'2024-01-03 00:00:00','Sn phm tt','review.jpg',' duyt',5,1,_binary '\0'),(2,4,3,'2024-01-03 00:00:00','Vy rt p','review2.jpg','Ch duyt',2,0,_binary '\0');
/*!40000 ALTER TABLE `reviews` ENABLE KEYS */;
UNLOCK TABLES;

--
-- Table structure for table `san_pham`
--

DROP TABLE IF EXISTS `san_pham`;
/*!40101 SET @saved_cs_client     = @@character_set_client */;
/*!50503 SET character_set_client = utf8mb4 */;
CREATE TABLE `san_pham` (
  `ID` int NOT NULL AUTO_INCREMENT,
  `THUONG_HIEU_ID` int DEFAULT NULL,
  `CHAT_LIEU_ID` int DEFAULT NULL,
  `KIEU_DANG_ID` int DEFAULT NULL,
  `MA_SAN_PHAM` varchar(50) CHARACTER SET utf8mb4 COLLATE utf8mb4_unicode_ci NOT NULL,
  `TEN` varchar(255) CHARACTER SET utf8mb4 COLLATE utf8mb4_unicode_ci NOT NULL,
  `TRANG_THAI` varchar(50) CHARACTER SET utf8mb4 COLLATE utf8mb4_unicode_ci DEFAULT NULL,
  `MO_TA` text CHARACTER SET utf8mb4 COLLATE utf8mb4_unicode_ci,
  `ANH_URL` varchar(255) CHARACTER SET utf8mb4 COLLATE utf8mb4_unicode_ci DEFAULT NULL,
  `IS_DELETED` bit(1) NOT NULL DEFAULT b'0',
  PRIMARY KEY (`ID`),
  UNIQUE KEY `un_ma_san_pham` (`MA_SAN_PHAM`),
  KEY `san_pham_thuong_hieu_FK` (`THUONG_HIEU_ID`),
  KEY `san_pham_chat_lieu_FK_1` (`CHAT_LIEU_ID`),
  KEY `san_pham_kieu_dang_FK_1` (`KIEU_DANG_ID`),
  CONSTRAINT `san_pham_chat_lieu_FK` FOREIGN KEY (`CHAT_LIEU_ID`) REFERENCES `chat_lieu` (`ID`),
  CONSTRAINT `san_pham_chat_lieu_FK_1` FOREIGN KEY (`CHAT_LIEU_ID`) REFERENCES `chat_lieu` (`ID`),
  CONSTRAINT `san_pham_kieu_dang_FK` FOREIGN KEY (`KIEU_DANG_ID`) REFERENCES `kieu_dang` (`ID`),
  CONSTRAINT `san_pham_kieu_dang_FK_1` FOREIGN KEY (`KIEU_DANG_ID`) REFERENCES `kieu_dang` (`ID`),
  CONSTRAINT `san_pham_thuong_hieu_FK` FOREIGN KEY (`THUONG_HIEU_ID`) REFERENCES `thuong_hieu` (`ID`)
) ENGINE=InnoDB AUTO_INCREMENT=1411 DEFAULT CHARSET=utf8mb4 COLLATE=utf8mb4_unicode_ci;
/*!40101 SET character_set_client = @saved_cs_client */;

--
-- Dumping data for table `san_pham`
--

LOCK TABLES `san_pham` WRITE;
/*!40000 ALTER TABLE `san_pham` DISABLE KEYS */;
INSERT INTO `san_pham` VALUES (1,1,12,17,'SP001','o di tay th thao 1699','CON_HANG','<p><img style=\"display: block; margin-left: auto; margin-right: auto;\" src=\"https://mcdn.coolmate.me/image/December2024/AKWBNTASLAN_93.jpg\" width=\"1004\" height=\"2067\"></p>','https://media3.coolmate.me/cdn-cgi/image/width=672,height=990,quality=85/uploads/December2024/ao-dai-tay-the-thao-1699-trang_(3).jpg',_binary '\0'),(2,2,16,1,'SP002','o thun Nam Th thao Phi bo c','CON_HANG','<p><img style=\"display: block; margin-left: auto; margin-right: auto;\" src=\"https://mcdn.coolmate.me/image/December2024/AKWBNTASLAN_93.jpg\" width=\"1004\" height=\"2067\"></p>','https://media3.coolmate.me/cdn-cgi/image/width=672,height=990,quality=85/uploads/December2024/ao-thun-nam-the-thao-phoi-bo-co-den_(1).jpg',_binary '\0'),(3,1,19,2,'SP003','o khoc WindBreaker Nylon Taslan','CON_HANG','<p><img style=\"display: block; margin-left: auto; margin-right: auto;\" src=\"https://mcdn.coolmate.me/image/December2024/AKWBNTASLAN_93.jpg\" width=\"1004\" height=\"2067\"></p>','https://media3.coolmate.me/cdn-cgi/image/width=672,height=990,quality=85/uploads/December2024/ao-khoac-windbreaker-nylon-taslan-den-phoi-xanh-la_(1).jpg',_binary '\0'),(4,2,19,15,'SP004','o khoc 2 lp Casual','CON_HANG','<p><img style=\"display: block; margin-left: auto; margin-right: auto;\" src=\"https://mcdn.coolmate.me/image/December2024/AKWBNTASLAN_93.jpg\" width=\"1004\" height=\"2067\"></p>','https://media3.coolmate.me/cdn-cgi/image/width=672,height=990,quality=85/uploads/December2024/ao-khoac-2-lop-casual-xanh-orion-blue_(4).jpg',_binary '\0'),(16,1,1,26,'SP005','Ao Hoodie Essential Fleece','CON_HANG','<p><img style=\"display: block; margin-left: auto; margin-right: auto;\" src=\"https://mcdn.coolmate.me/image/December2024/AKWBNTASLAN_93.jpg\" width=\"1004\" height=\"2067\"></p>','https://media3.coolmate.me/cdn-cgi/image/width=672,height=990,quality=85/uploads/December2024/ao-hoodie-essential-fleece-den_(1).jpg',_binary '\0'),(17,1,8,9,'SP006','o phao dy Ultrawarm Puffer','CON_HANG','<p><img style=\"display: block; margin-left: auto; margin-right: auto;\" src=\"https://mcdn.coolmate.me/image/December2024/AKWBNTASLAN_93.jpg\" width=\"1004\" height=\"2067\"></p>','https://media3.coolmate.me/cdn-cgi/image/width=672,height=990,quality=85/uploads/December2024/ao-phao-day-ultrawarm-puffer-den_(11).jpg',_binary '\0'),(18,1,15,18,'SP007','o phao dy Ultrawarm Puffer c m','CON_HANG','<p><img style=\"display: block; margin-left: auto; margin-right: auto;\" src=\"https://mcdn.coolmate.me/image/December2024/AKWBNTASLAN_93.jpg\" width=\"1004\" height=\"2067\"></p>','https://media3.coolmate.me/cdn-cgi/image/width=672,height=990,quality=85/uploads/December2024/ao-phao-day-ultrawarm-puffer-co-mu-reu_(10).jpg',_binary '\0'),(19,1,11,5,'SP008','o Hoodie Fleece','CON_HANG','<p><img style=\"display: block; margin-left: auto; margin-right: auto;\" src=\"https://mcdn.coolmate.me/image/December2024/AKWBNTASLAN_93.jpg\" width=\"1004\" height=\"2067\"></p>','https://media3.coolmate.me/cdn-cgi/image/width=672,height=990,quality=85/uploads/December2024/ao-hoodie-fleece-be_(8).jpg',_binary '\0'),(20,1,15,16,'SP009','o phao nh Ultrawarm','CON_HANG','<p><img style=\"display: block; margin-left: auto; margin-right: auto;\" src=\"https://mcdn.coolmate.me/image/December2024/AKWBNTASLAN_93.jpg\" width=\"1004\" height=\"2067\"></p>','https://media3.coolmate.me/cdn-cgi/image/width=672,height=990,quality=85/uploads/December2024/ao-phao-nhe-ultrawarm-den-1.jpg',_binary '\0'),(411,13,11,5,'SP010','o phao nh Ultrawarm c m','CON_HANG','<p><img style=\"display: block; margin-left: auto; margin-right: auto;\" src=\"https://mcdn.coolmate.me/image/December2024/AKWBNTASLAN_93.jpg\" width=\"1004\" height=\"2067\"></p>','https://media3.coolmate.me/cdn-cgi/image/width=672,height=990,quality=85/uploads/December2024/ao-phao-nhe-ultrawarm-co-mu-be-1.jpg',_binary '\0'),(412,22,14,4,'SP011','o gi nhit Ex-Warm Lenzing Modal c cao','CON_HANG','<p><img style=\"display: block; margin-left: auto; margin-right: auto;\" src=\"https://mcdn.coolmate.me/image/December2024/AKWBNTASLAN_93.jpg\" width=\"1004\" height=\"2067\"></p>','https://media3.coolmate.me/cdn-cgi/image/width=672,height=990,quality=85/uploads/December2024/ao-giu-nhiet-ex-warm-lenzing-modal-co-cao-xam-1.jpg',_binary '\0'),(413,12,5,21,'SP012','o gi nhit Essential Brush Poly c thp','CON_HANG','<p><img style=\"display: block; margin-left: auto; margin-right: auto;\" src=\"https://mcdn.coolmate.me/image/December2024/AKWBNTASLAN_93.jpg\" width=\"1004\" height=\"2067\"></p>','https://media3.coolmate.me/cdn-cgi/image/width=672,height=990,quality=85/uploads/December2024/ao-giu-nhiet-essential-brush-poly-co-thap-xam-1.jpg',_binary '\0'),(414,26,17,15,'SP013','o gi nhit Essential Brush Poly c trung','CON_HANG','<p><img style=\"display: block; margin-left: auto; margin-right: auto;\" src=\"https://mcdn.coolmate.me/image/December2024/AKWBNTASLAN_93.jpg\" width=\"1004\" height=\"2067\"></p>','https://media3.coolmate.me/cdn-cgi/image/width=672,height=990,quality=85/uploads/December2024/ao-giu-nhiet-essential-brush-poly-co-trung-xanh-navy-1.jpg',_binary '\0'),(415,4,19,12,'SP014','o Di Tay Th Thao Essentials','CON_HANG','<p><img style=\"display: block; margin-left: auto; margin-right: auto;\" src=\"https://mcdn.coolmate.me/image/December2024/AKWBNTASLAN_93.jpg\" width=\"1004\" height=\"2067\"></p>','https://media3.coolmate.me/cdn-cgi/image/width=672,height=990,quality=85/uploads/December2024/ao-dai-tay-the-thao-essentials-den-1.jpg',_binary '\0'),(416,2,9,19,'SP015','o Singlet Chy B Graphic Dot','CON_HANG','<p><img style=\"display: block; margin-left: auto; margin-right: auto;\" src=\"https://mcdn.coolmate.me/image/December2024/AKWBNTASLAN_93.jpg\" width=\"1004\" height=\"2067\"></p>','https://media3.coolmate.me/cdn-cgi/image/width=672,height=990,quality=85/uploads/November2024/24CMAW.TT015_-_Do_1.jpg',_binary '\0'),(417,11,19,23,'SP016','o s mi di tay Oxford Premium','CON_HANG','<p><img style=\"display: block; margin-left: auto; margin-right: auto;\" src=\"https://mcdn.coolmate.me/image/December2024/AKWBNTASLAN_93.jpg\" width=\"1004\" height=\"2067\"></p>','https://media3.coolmate.me/cdn-cgi/image/width=672,height=990,quality=85/uploads/December2024/24CMCW.SM009_-_Xanh_Dark_Blue_1.jpg',_binary '\0'),(418,9,20,15,'SP017','o s mi di tay c tu Premium Poplin','CON_HANG','<p><img style=\"display: block; margin-left: auto; margin-right: auto;\" src=\"https://mcdn.coolmate.me/image/December2024/AKWBNTASLAN_93.jpg\" width=\"1004\" height=\"2067\"></p>','https://media3.coolmate.me/cdn-cgi/image/width=672,height=990,quality=85/uploads/February2025/ao-so-mi-dai-tay-co-tau-premium-poplin-mau-xanh-blue-night_(1).jpg',_binary '\0'),(419,27,10,7,'SP018','o s mi di tay c tu Premium Poplin','CON_HANG','<p><img style=\"display: block; margin-left: auto; margin-right: auto;\" src=\"https://mcdn.coolmate.me/image/December2024/AKWBNTASLAN_93.jpg\" width=\"1004\" height=\"2067\"></p>','https://media3.coolmate.me/cdn-cgi/image/width=672,height=990,quality=85/uploads/February2025/ao-so-mi-dai-tay-co-tau-premium-poplin-mau-be_(11).jpg',_binary '\0'),(420,12,5,13,'SP019','o s mi di tay c tu Premium Poplin','CON_HANG','<p><img style=\"display: block; margin-left: auto; margin-right: auto;\" src=\"https://mcdn.coolmate.me/image/December2024/AKWBNTASLAN_93.jpg\" width=\"1004\" height=\"2067\"></p>','https://media3.coolmate.me/cdn-cgi/image/width=672,height=990,quality=85/uploads/February2025/ao-so-mi-dai-tay-co-tau-premium-poplin-mau-xanh-darkslate_(8).jpg',_binary '\0'),(421,21,13,3,'SP020','o s mi di tay Modal Essential','CON_HANG','<p><img style=\"display: block; margin-left: auto; margin-right: auto;\" src=\"https://mcdn.coolmate.me/image/December2024/AKWBNTASLAN_93.jpg\" width=\"1004\" height=\"2067\"></p>','https://media3.coolmate.me/cdn-cgi/image/width=672,height=990,quality=85/uploads/November2024/24CMCW.SM007_-_Xam_3.jpg',_binary '\0'),(422,21,7,12,'SP021','o gi nhit Ex-Warm Lenzing Modal c trung','CON_HANG','<p><img style=\"display: block; margin-left: auto; margin-right: auto;\" src=\"https://mcdn.coolmate.me/image/December2024/AKWBNTASLAN_93.jpg\" width=\"1004\" height=\"2067\"></p>','https://media3.coolmate.me/cdn-cgi/image/width=672,height=990,quality=85/uploads/December2024/ao-giu-nhiet-ex-warm-lenzing-modal-co-trung-xam-1.jpg',_binary '\0'),(423,26,14,12,'SP022','o gi nhit Ex-Warm Lenzing Modal c ngn','CON_HANG','<p><img style=\"display: block; margin-left: auto; margin-right: auto;\" src=\"https://mcdn.coolmate.me/image/December2024/AKWBNTASLAN_93.jpg\" width=\"1004\" height=\"2067\"></p>','https://media3.coolmate.me/cdn-cgi/image/width=672,height=990,quality=85/uploads/November2024/24CMHU.GN001_-_Den_1.jpg',_binary '\0'),(424,19,18,15,'SP023','o Thun Nam Chy B Graphic Dot','CON_HANG','<p><img style=\"display: block; margin-left: auto; margin-right: auto;\" src=\"https://mcdn.coolmate.me/image/December2024/AKWBNTASLAN_93.jpg\" width=\"1004\" height=\"2067\"></p>','https://media3.coolmate.me/cdn-cgi/image/width=672,height=990,quality=85/uploads/February2025/ao-thun-nam-chay-bo-graphic-dot-do-1.jpg',_binary '\0'),(425,1,11,16,'SP024','o Thun Nam Chy B Graphic Dot','CON_HANG','<p><img style=\"display: block; margin-left: auto; margin-right: auto;\" src=\"https://mcdn.coolmate.me/image/December2024/AKWBNTASLAN_93.jpg\" width=\"1004\" height=\"2067\"></p>','https://media3.coolmate.me/cdn-cgi/image/width=672,height=990,quality=85/uploads/February2025/ao-thun-nam-chay-bo-graphic-dot-xanh-ngoc-1.jpg',_binary '\0'),(426,14,12,23,'SP025','o Thun Nam Chy B Graphic Dot','CON_HANG','<p><img style=\"display: block; margin-left: auto; margin-right: auto;\" src=\"https://mcdn.coolmate.me/image/December2024/AKWBNTASLAN_93.jpg\" width=\"1004\" height=\"2067\"></p>','https://media3.coolmate.me/cdn-cgi/image/width=672,height=990,quality=85/uploads/February2025/ao-thun-nam-chay-bo-graphic-dot-vang-1.jpg',_binary '\0'),(427,3,20,7,'SP026','o thun Relaxed Fit 84RISING HEHEHE','CON_HANG','<p><img style=\"display: block; margin-left: auto; margin-right: auto;\" src=\"https://mcdn.coolmate.me/image/December2024/AKWBNTASLAN_93.jpg\" width=\"1004\" height=\"2067\"></p>','https://media3.coolmate.me/cdn-cgi/image/width=672,height=990,quality=85/uploads/October2024/2484.ULSMV.TSZ707_HEHEHEVENOM_0052_-18_DEN_70.jpg',_binary '\0'),(428,30,13,2,'SP027','o thun th thao Jacquard Seamless','CON_HANG','<p><img style=\"display: block; margin-left: auto; margin-right: auto;\" src=\"https://mcdn.coolmate.me/image/December2024/AKWBNTASLAN_93.jpg\" width=\"1004\" height=\"2067\"></p>','https://media3.coolmate.me/cdn-cgi/image/width=672,height=990,quality=85/uploads/February2025/ao-thun-the-thao-jacquard-seamless-xanh-1_34.jpg',_binary '\0'),(429,26,6,20,'SP028','o thun Racquet Sport Graphic Blue Pattern','CON_HANG','<p><img style=\"display: block; margin-left: auto; margin-right: auto;\" src=\"https://mcdn.coolmate.me/image/December2024/AKWBNTASLAN_93.jpg\" width=\"1004\" height=\"2067\"></p>','https://media3.coolmate.me/cdn-cgi/image/width=672,height=990,quality=85/uploads/November2024/ATRSG_IMG_5028_XANHBIEN_XANHBIENTRANG.jpg',_binary '\0'),(430,2,13,7,'SP029','o thun Relaxed Fit 84RISING Classic Venom','CON_HANG','<p><img style=\"display: block; margin-left: auto; margin-right: auto;\" src=\"https://mcdn.coolmate.me/image/December2024/AKWBNTASLAN_93.jpg\" width=\"1004\" height=\"2067\"></p>','https://media3.coolmate.me/cdn-cgi/image/width=672,height=990,quality=85/uploads/October2024/2484.ULSMV.TSZ705__CLASSICVENOM-27_DEN_89.jpg',_binary '\0'),(431,2,9,6,'SP030','o thun Racquet Sport Graphic Red Line','CON_HANG','<p><img style=\"display: block; margin-left: auto; margin-right: auto;\" src=\"https://mcdn.coolmate.me/image/December2024/AKWBNTASLAN_93.jpg\" width=\"1004\" height=\"2067\"></p>','https://media3.coolmate.me/cdn-cgi/image/width=672,height=990,quality=85/uploads/November2024/ATRSG_IMG_4720_DO.jpg',_binary '\0'),(432,6,8,16,'SP031','o Tanktop th thao Melange','CON_HANG','<p><img style=\"display: block; margin-left: auto; margin-right: auto;\" src=\"https://mcdn.coolmate.me/image/December2024/AKWBNTASLAN_93.jpg\" width=\"1004\" height=\"2067\"></p>','https://media3.coolmate.me/cdn-cgi/image/width=672,height=990,quality=85/uploads/July2024/24CMAW.TT011.29_85.jpg',_binary '\0'),(433,13,6,8,'SP032','o thun Racquet Sport Graphic Geometric','CON_HANG','<p><img style=\"display: block; margin-left: auto; margin-right: auto;\" src=\"https://mcdn.coolmate.me/image/December2024/AKWBNTASLAN_93.jpg\" width=\"1004\" height=\"2067\"></p>','https://media3.coolmate.me/cdn-cgi/image/width=672,height=990,quality=85/uploads/November2024/ATRSG_IMG_4808_XANHLA.jpg',_binary '\0'),(434,24,20,1,'SP033','o thun th thao Mesh','CON_HANG','<p><img style=\"display: block; margin-left: auto; margin-right: auto;\" src=\"https://mcdn.coolmate.me/image/December2024/AKWBNTASLAN_93.jpg\" width=\"1004\" height=\"2067\"></p>','https://media3.coolmate.me/cdn-cgi/image/width=672,height=990,quality=85/uploads/September2024/xanh_colonial_1.jpg',_binary '\0'),(435,9,14,21,'SP034','Combo 2 o thun chy b Advanced Vent Tech','CON_HANG','<p><img style=\"display: block; margin-left: auto; margin-right: auto;\" src=\"https://mcdn.coolmate.me/image/December2024/AKWBNTASLAN_93.jpg\" width=\"1004\" height=\"2067\"></p>','https://media3.coolmate.me/cdn-cgi/image/width=672,height=990,quality=85/uploads/September2024/4_5_11zon.png',_binary '\0'),(436,1,7,25,'SP035','o thun Training Comfort','CON_HANG','<p><img style=\"display: block; margin-left: auto; margin-right: auto;\" src=\"https://mcdn.coolmate.me/image/December2024/AKWBNTASLAN_93.jpg\" width=\"1004\" height=\"2067\"></p>','https://media3.coolmate.me/cdn-cgi/image/width=672,height=990,quality=85/uploads/August2024/24CMAW.AT030.32.jpg',_binary '\0'),(437,29,2,17,'SP036','o thun Racquet Sport Graphic Slash','CON_HANG','<p><img style=\"display: block; margin-left: auto; margin-right: auto;\" src=\"https://mcdn.coolmate.me/image/December2024/AKWBNTASLAN_93.jpg\" width=\"1004\" height=\"2067\"></p>','https://media3.coolmate.me/cdn-cgi/image/width=672,height=990,quality=85/uploads/August2024/24CMAW.AT028.12.jpg',_binary '\0'),(438,13,12,5,'SP037','o thun chy b Advanced Vent Tech','CON_HANG','<p><img style=\"display: block; margin-left: auto; margin-right: auto;\" src=\"https://mcdn.coolmate.me/image/December2024/AKWBNTASLAN_93.jpg\" width=\"1004\" height=\"2067\"></p>','https://media3.coolmate.me/cdn-cgi/image/width=672,height=990,quality=85/uploads/July2024/24CMAW.AT027.20_40.jpg',_binary '\0'),(439,30,18,20,'SP038','o thun Relaxed Fit 84RISING Symbiotes','CON_HANG','<p><img style=\"display: block; margin-left: auto; margin-right: auto;\" src=\"https://mcdn.coolmate.me/image/December2024/AKWBNTASLAN_93.jpg\" width=\"1004\" height=\"2067\"></p>','https://media3.coolmate.me/cdn-cgi/image/width=672,height=990,quality=85/uploads/October2024/2484.ULSMV.TSZ702_VENOM_0028_-42_TRANG_57.jpg',_binary '\0'),(440,18,10,6,'SP039','o thun Relaxed Fit 84RISING Venom','CON_HANG','<p><img style=\"display: block; margin-left: auto; margin-right: auto;\" src=\"https://mcdn.coolmate.me/image/December2024/AKWBNTASLAN_93.jpg\" width=\"1004\" height=\"2067\"></p>','https://media3.coolmate.me/cdn-cgi/image/width=672,height=990,quality=85/uploads/October2024/2484.ULSMV.TSZ702_VENOM_0028_-42_TRANG_71.jpg',_binary '\0'),(441,19,10,2,'SP040','o st nch Training Comfort','CON_HANG','<p><img style=\"display: block; margin-left: auto; margin-right: auto;\" src=\"https://mcdn.coolmate.me/image/December2024/AKWBNTASLAN_93.jpg\" width=\"1004\" height=\"2067\"></p>','https://media3.coolmate.me/cdn-cgi/image/width=672,height=990,quality=85/uploads/August2024/24CMAW.TT014.18.jpg',_binary '\0'),(442,13,5,20,'SP041','o Singlet chy b Advanced Vent Tech','CON_HANG','<p><img style=\"display: block; margin-left: auto; margin-right: auto;\" src=\"https://mcdn.coolmate.me/image/December2024/AKWBNTASLAN_93.jpg\" width=\"1004\" height=\"2067\"></p>','https://media3.coolmate.me/cdn-cgi/image/width=672,height=990,quality=85/uploads/July2024/24CMAW.TT013.26.jpg',_binary '\0'),(443,28,8,1,'SP042','o thun Relaxed Fit 84RISING We are Venom','CON_HANG','<p><img style=\"display: block; margin-left: auto; margin-right: auto;\" src=\"https://mcdn.coolmate.me/image/December2024/AKWBNTASLAN_93.jpg\" width=\"1004\" height=\"2067\"></p>','https://media3.coolmate.me/cdn-cgi/image/width=672,height=990,quality=85/uploads/October2024/2484.ULSMV.TSZ701_WEAREVENOM_0023_-47_TRANG_25.jpg',_binary '\0'),(444,9,15,23,'SP043','o thun chy b khng ng may CoolFast','CON_HANG','<p><img style=\"display: block; margin-left: auto; margin-right: auto;\" src=\"https://mcdn.coolmate.me/image/December2024/AKWBNTASLAN_93.jpg\" width=\"1004\" height=\"2067\"></p>','https://media3.coolmate.me/cdn-cgi/image/width=672,height=990,quality=85/uploads/December2024/24CMAW.AT040_-6-_XANH.jpg',_binary '\0'),(445,30,8,14,'SP044','o thun Relaxed Fit 84RISING Lethal Protector #1','CON_HANG','<p><img style=\"display: block; margin-left: auto; margin-right: auto;\" src=\"https://mcdn.coolmate.me/image/December2024/AKWBNTASLAN_93.jpg\" width=\"1004\" height=\"2067\"></p>','https://media3.coolmate.me/cdn-cgi/image/width=672,height=990,quality=85/uploads/October2024/2484.ULSMV.TSZ700_LETHALPROTECTOR1VENOM_0018_-52_DEN_60.jpg',_binary '\0'),(446,18,9,1,'SP045','o thun Relaxed Fit 84RISING Let\'s Dance','CON_HANG','<p><img style=\"display: block; margin-left: auto; margin-right: auto;\" src=\"https://mcdn.coolmate.me/image/December2024/AKWBNTASLAN_93.jpg\" width=\"1004\" height=\"2067\"></p>','https://media3.coolmate.me/cdn-cgi/image/width=672,height=990,quality=85/uploads/October2024/2484.ULSMV.TSZ698_LETSDANCEVENOM_0003_-67_DEN.jpg',_binary '\0'),(447,8,20,26,'SP046','o Singlet Chy B Khng ng May CoolFast','CON_HANG','<p><img style=\"display: block; margin-left: auto; margin-right: auto;\" src=\"https://mcdn.coolmate.me/image/December2024/AKWBNTASLAN_93.jpg\" width=\"1004\" height=\"2067\"></p>','https://media3.coolmate.me/cdn-cgi/image/width=672,height=990,quality=85/uploads/June2024/24CMAW.TT012.1_26.jpg',_binary '\0'),(448,30,4,19,'SP047','o Thun Nam Th Thao Coolmate Basics','CON_HANG','<p><img style=\"display: block; margin-left: auto; margin-right: auto;\" src=\"https://mcdn.coolmate.me/image/December2024/AKWBNTASLAN_93.jpg\" width=\"1004\" height=\"2067\"></p>','https://media3.coolmate.me/cdn-cgi/image/width=672,height=990,quality=85/uploads/January2025/ATT.RT.CB_Xanh-Forever-Blue_45.jpg',_binary '\0'),(449,2,6,5,'SP048','o Thun Chy B Essential I','CON_HANG','<p><img style=\"display: block; margin-left: auto; margin-right: auto;\" src=\"https://mcdn.coolmate.me/image/December2024/AKWBNTASLAN_93.jpg\" width=\"1004\" height=\"2067\"></p>','https://media3.coolmate.me/cdn-cgi/image/width=672,height=990,quality=85/uploads/March2024/ATS.RN.EFM.26_92.jpg',_binary '\0'),(450,25,19,26,'SP049','o S Mi Di Tay Premium Dobby','CON_HANG','<p><img style=\"display: block; margin-left: auto; margin-right: auto;\" src=\"https://mcdn.coolmate.me/image/December2024/AKWBNTASLAN_93.jpg\" width=\"1004\" height=\"2067\"></p>','https://media3.coolmate.me/cdn-cgi/image/width=672,height=990,quality=85/uploads/July2024/Dobby_1.jpg',_binary '\0'),(451,7,16,19,'SP050','o thun Relaxed Fit 84RISING Legend Club','CON_HANG','<p><img style=\"display: block; margin-left: auto; margin-right: auto;\" src=\"https://mcdn.coolmate.me/image/December2024/AKWBNTASLAN_93.jpg\" width=\"1004\" height=\"2067\"></p>','https://media3.coolmate.me/cdn-cgi/image/width=672,height=990,quality=85/uploads/October2024/Legend_Club_1.1.jpg',_binary '\0'),(452,18,6,9,'SP051','o thun th thao Melange Exdry','CON_HANG','<p><img style=\"display: block; margin-left: auto; margin-right: auto;\" src=\"https://mcdn.coolmate.me/image/December2024/AKWBNTASLAN_93.jpg\" width=\"1004\" height=\"2067\"></p>','https://media3.coolmate.me/cdn-cgi/image/width=672,height=990,quality=85/uploads/August2024/24CMAW.AT024.16.jpg',_binary '\0'),(453,21,1,5,'SP052','o Thun Chy B Graphic Heartbeat','CON_HANG','<p><img style=\"display: block; margin-left: auto; margin-right: auto;\" src=\"https://mcdn.coolmate.me/image/December2024/AKWBNTASLAN_93.jpg\" width=\"1004\" height=\"2067\"></p>','https://media3.coolmate.me/cdn-cgi/image/width=672,height=990,quality=85/uploads/May2024/23CMAW.AT003.fixmau6_40.jpg',_binary '\0'),(454,13,12,14,'SP053','o S Mi Di Tay Essentials Cotton','CON_HANG','<p><img style=\"display: block; margin-left: auto; margin-right: auto;\" src=\"https://mcdn.coolmate.me/image/December2024/AKWBNTASLAN_93.jpg\" width=\"1004\" height=\"2067\"></p>','https://media3.coolmate.me/cdn-cgi/image/width=672,height=990,quality=85/uploads/November2024/24CMCW.QD004__Xanh_Forever_1.jpg',_binary '\0'),(455,22,20,12,'SP054','o S Mi Di Tay Essentials Cotton','CON_HANG','<p><img style=\"display: block; margin-left: auto; margin-right: auto;\" src=\"https://mcdn.coolmate.me/image/December2024/AKWBNTASLAN_93.jpg\" width=\"1004\" height=\"2067\"></p>','https://media3.coolmate.me/cdn-cgi/image/width=672,height=990,quality=85/uploads/November2024/24CMCW.QD004__Trang_6.jpg',_binary '\0'),(456,18,9,9,'SP055','o S Mi Di Tay Essentials Cotton','CON_HANG','<p><img style=\"display: block; margin-left: auto; margin-right: auto;\" src=\"https://mcdn.coolmate.me/image/December2024/AKWBNTASLAN_93.jpg\" width=\"1004\" height=\"2067\"></p>','https://media3.coolmate.me/cdn-cgi/image/width=672,height=990,quality=85/uploads/November2024/24CMCW.QD004__Navy_4.jpg',_binary '\0'),(457,23,8,26,'SP056','o S Mi Di Tay Essentials Cotton','CON_HANG','<p><img style=\"display: block; margin-left: auto; margin-right: auto;\" src=\"https://mcdn.coolmate.me/image/December2024/AKWBNTASLAN_93.jpg\" width=\"1004\" height=\"2067\"></p>','https://media3.coolmate.me/cdn-cgi/image/width=672,height=990,quality=85/uploads/November2024/24CMCW.QD004__Xam_Xanh_1.jpg',_binary '\0'),(458,22,17,24,'SP057','o S Mi Di Tay Essentials Cotton','CON_HANG','<p><img style=\"display: block; margin-left: auto; margin-right: auto;\" src=\"https://mcdn.coolmate.me/image/December2024/AKWBNTASLAN_93.jpg\" width=\"1004\" height=\"2067\"></p>','https://media3.coolmate.me/cdn-cgi/image/width=672,height=990,quality=85/uploads/November2024/24CMCW.QD004__24CMCW.QD004__Den_1.jpg',_binary '\0'),(459,6,2,22,'SP058','o thun Cotton Compact In La VN ART Logo Gia V1','CON_HANG','<p><img style=\"display: block; margin-left: auto; margin-right: auto;\" src=\"https://mcdn.coolmate.me/image/December2024/AKWBNTASLAN_93.jpg\" width=\"1004\" height=\"2067\"></p>','https://media3.coolmate.me/cdn-cgi/image/width=672,height=990,quality=85/uploads/February2024/vunartv1mid1_58.jpg',_binary '\0'),(460,11,16,26,'SP059','Ao Sweater French Terry Oversize','CON_HANG','<p><img style=\"display: block; margin-left: auto; margin-right: auto;\" src=\"https://mcdn.coolmate.me/image/December2024/AKWBNTASLAN_93.jpg\" width=\"1004\" height=\"2067\"></p>','https://media3.coolmate.me/cdn-cgi/image/width=672,height=990,quality=85/uploads/December2024/2484CW.ST002--0048--NAU-3D_36.jpg',_binary '\0'),(461,29,3,18,'SP060','o khoc th thao Track Jacket c Rib','CON_HANG','<p><img style=\"display: block; margin-left: auto; margin-right: auto;\" src=\"https://mcdn.coolmate.me/image/December2024/AKWBNTASLAN_93.jpg\" width=\"1004\" height=\"2067\"></p>','https://media3.coolmate.me/cdn-cgi/image/width=672,height=990,quality=85/uploads/December2024/24CMAW.KM007_-_Den_12.jpg',_binary '\0'),(462,6,4,13,'SP061','o thun Relaxed Fit 84RISING Mickey Mouse Club House','CON_HANG','<p><img style=\"display: block; margin-left: auto; margin-right: auto;\" src=\"https://mcdn.coolmate.me/image/December2024/AKWBNTASLAN_93.jpg\" width=\"1004\" height=\"2067\"></p>','https://media3.coolmate.me/cdn-cgi/image/width=672,height=990,quality=85/uploads/November2024/Mickey_Mouse_Club_House_2.1.jpg',_binary '\0'),(463,18,8,22,'SP062','o thun Relaxed Fit 84RISING MouseNap','CON_HANG','<p><img style=\"display: block; margin-left: auto; margin-right: auto;\" src=\"https://mcdn.coolmate.me/image/December2024/AKWBNTASLAN_93.jpg\" width=\"1004\" height=\"2067\"></p>','https://media3.coolmate.me/cdn-cgi/image/width=672,height=990,quality=85/uploads/November2024/MouseNap_1.1.jpg',_binary '\0'),(464,15,9,2,'SP063','o khoc th thao Windbreaker Ripstop','CON_HANG','<p><img style=\"display: block; margin-left: auto; margin-right: auto;\" src=\"https://mcdn.coolmate.me/image/December2024/AKWBNTASLAN_93.jpg\" width=\"1004\" height=\"2067\"></p>','https://media3.coolmate.me/cdn-cgi/image/width=672,height=990,quality=85/uploads/November2024/24CMAW.KM010_-_Xam_2.jpg',_binary '\0'),(465,21,17,7,'SP064','o thun di tay 100% Cotton Relax fit','CON_HANG','<p><img style=\"display: block; margin-left: auto; margin-right: auto;\" src=\"https://mcdn.coolmate.me/image/December2024/AKWBNTASLAN_93.jpg\" width=\"1004\" height=\"2067\"></p>','https://media3.coolmate.me/cdn-cgi/image/width=672,height=990,quality=85/uploads/December2024/2484CW.DT002_-6902-REU.jpg',_binary '\0'),(466,24,12,13,'SP065','o Thun Nam Peace','CON_HANG','<p><img style=\"display: block; margin-left: auto; margin-right: auto;\" src=\"https://mcdn.coolmate.me/image/December2024/AKWBNTASLAN_93.jpg\" width=\"1004\" height=\"2067\"></p>','https://media3.coolmate.me/cdn-cgi/image/width=672,height=990,quality=85/uploads/April2022/DSC08287_copy.jpg',_binary '\0'),(467,6,19,14,'SP066','Ao Sweater Fleece','CON_HANG','<p><img style=\"display: block; margin-left: auto; margin-right: auto;\" src=\"https://mcdn.coolmate.me/image/December2024/AKWBNTASLAN_93.jpg\" width=\"1004\" height=\"2067\"></p>','https://media3.coolmate.me/cdn-cgi/image/width=672,height=990,quality=85/uploads/November2024/24CMCW.ST002_-_Xam_1.jpg',_binary '\0'),(468,28,14,13,'SP067','o khoc th thao Fleece Track Jacket Premium c m','CON_HANG','<p><img style=\"display: block; margin-left: auto; margin-right: auto;\" src=\"https://mcdn.coolmate.me/image/December2024/AKWBNTASLAN_93.jpg\" width=\"1004\" height=\"2067\"></p>','https://media3.coolmate.me/cdn-cgi/image/width=672,height=990,quality=85/uploads/December2024/24CMAW.CM001_-_Navy_2.jpg',_binary '\0'),(469,2,17,11,'SP068','o khoc th thao Track Jacket Essential','CON_HANG','<p><img style=\"display: block; margin-left: auto; margin-right: auto;\" src=\"https://mcdn.coolmate.me/image/December2024/AKWBNTASLAN_93.jpg\" width=\"1004\" height=\"2067\"></p>','https://media3.coolmate.me/cdn-cgi/image/width=672,height=990,quality=85/uploads/February2025/24CMAW.KM002_1_1.jpg',_binary '\0'),(470,7,20,13,'SP069','o khoc th thao Fleece Track Jacket Premium','CON_HANG','<p><img style=\"display: block; margin-left: auto; margin-right: auto;\" src=\"https://mcdn.coolmate.me/image/December2024/AKWBNTASLAN_93.jpg\" width=\"1004\" height=\"2067\"></p>','https://media3.coolmate.me/cdn-cgi/image/width=672,height=990,quality=85/uploads/December2024/24CMAW.KM005_-_Navy_1.jpg',_binary '\0'),(471,13,14,3,'SP070','o Sweater Essential Fleece','CON_HANG','<p><img style=\"display: block; margin-left: auto; margin-right: auto;\" src=\"https://mcdn.coolmate.me/image/December2024/AKWBNTASLAN_93.jpg\" width=\"1004\" height=\"2067\"></p>','https://media3.coolmate.me/cdn-cgi/image/width=672,height=990,quality=85/uploads/December2024/24CMCW.ST003_-_Den_1.jpg',_binary '\0'),(472,1,3,1,'SP071','o s mi Overshirt 100% Cotton','CON_HANG','<p><img style=\"display: block; margin-left: auto; margin-right: auto;\" src=\"https://mcdn.coolmate.me/image/December2024/AKWBNTASLAN_93.jpg\" width=\"1004\" height=\"2067\"></p>','https://media3.coolmate.me/cdn-cgi/image/width=672,height=990,quality=85/uploads/December2024/24CMCW.SM012---Den-11_99.jpg',_binary '\0'),(473,15,6,11,'SP072','o thun di tay Jersey SofM','CON_HANG','<p><img style=\"display: block; margin-left: auto; margin-right: auto;\" src=\"https://mcdn.coolmate.me/image/December2024/AKWBNTASLAN_93.jpg\" width=\"1004\" height=\"2067\"></p>','https://media3.coolmate.me/cdn-cgi/image/width=672,height=990,quality=85/uploads/November2023/sofm.2.jpg',_binary '\0'),(474,20,13,26,'SP073','o Di Tay Gym Powerfit','CON_HANG','<p><img style=\"display: block; margin-left: auto; margin-right: auto;\" src=\"https://mcdn.coolmate.me/image/December2024/AKWBNTASLAN_93.jpg\" width=\"1004\" height=\"2067\"></p>','https://media3.coolmate.me/cdn-cgi/image/width=672,height=990,quality=85/uploads/November2023/dt001.gym.14_72.jpg',_binary '\0'),(475,15,16,5,'SP074','o di tay Oversize 84RISING Mickey Hockey','CON_HANG','<p><img style=\"display: block; margin-left: auto; margin-right: auto;\" src=\"https://mcdn.coolmate.me/image/December2024/AKWBNTASLAN_93.jpg\" width=\"1004\" height=\"2067\"></p>','https://media3.coolmate.me/cdn-cgi/image/width=672,height=990,quality=85/uploads/December2023/84sw.dt002.2_copy.jpg',_binary '\0'),(476,8,16,20,'SP075','o Khoc Nam gi Th Thao phi mu','CON_HANG','<p><img style=\"display: block; margin-left: auto; margin-right: auto;\" src=\"https://mcdn.coolmate.me/image/December2024/AKWBNTASLAN_93.jpg\" width=\"1004\" height=\"2067\"></p>','https://media3.coolmate.me/cdn-cgi/image/width=672,height=990,quality=85/uploads/November2023/rpd.cm006.1.jpg',_binary '\0'),(477,30,15,14,'SP076','o Tanktop Nam Th Thao Active phi mu','CON_HANG','<p><img style=\"display: block; margin-left: auto; margin-right: auto;\" src=\"https://mcdn.coolmate.me/image/December2024/AKWBNTASLAN_93.jpg\" width=\"1004\" height=\"2067\"></p>','https://media3.coolmate.me/cdn-cgi/image/width=672,height=990,quality=85/uploads/November2023/AW.002.2_18.jpg',_binary '\0'),(478,27,7,11,'SP077','o Polo nam Excool - Outlet','CON_HANG','<p><img style=\"display: block; margin-left: auto; margin-right: auto;\" src=\"https://mcdn.coolmate.me/image/December2024/AKWBNTASLAN_93.jpg\" width=\"1004\" height=\"2067\"></p>','https://media3.coolmate.me/cdn-cgi/image/width=672,height=990,quality=85/uploads/May2024/apl.ex.reu5.jpg',_binary '\0'),(479,16,15,21,'SP078','o Polo Nam Pique Cotton USA','CON_HANG','<p><img style=\"display: block; margin-left: auto; margin-right: auto;\" src=\"https://mcdn.coolmate.me/image/December2024/AKWBNTASLAN_93.jpg\" width=\"1004\" height=\"2067\"></p>','https://media3.coolmate.me/cdn-cgi/image/width=672,height=990,quality=85/uploads/December2024/ao-polo-nam-pique-cotton-usa-tham-hut-toi-da-xanh-reu-1.jpg',_binary '\0'),(480,4,16,2,'SP079','o Tanktop Nam Th Thao Active logo','CON_HANG','<p><img style=\"display: block; margin-left: auto; margin-right: auto;\" src=\"https://mcdn.coolmate.me/image/December2024/AKWBNTASLAN_93.jpg\" width=\"1004\" height=\"2067\"></p>','https://media3.coolmate.me/cdn-cgi/image/width=672,height=990,quality=85/uploads/November2023/CMATT.AW.003.10_32.jpg',_binary '\0'),(481,24,7,14,'SP080','o Thun Nam Th Thao Active logo','CON_HANG','<p><img style=\"display: block; margin-left: auto; margin-right: auto;\" src=\"https://mcdn.coolmate.me/image/December2024/AKWBNTASLAN_93.jpg\" width=\"1004\" height=\"2067\"></p>','https://media3.coolmate.me/cdn-cgi/image/width=672,height=990,quality=85/uploads/November2023/Ao_thun_Active_Logo_-_Xanh_1.jpg',_binary '\0'),(482,15,1,6,'SP081','o Tanktop Nam Th Thao T2','CON_HANG','<p><img style=\"display: block; margin-left: auto; margin-right: auto;\" src=\"https://mcdn.coolmate.me/image/December2024/AKWBNTASLAN_93.jpg\" width=\"1004\" height=\"2067\"></p>','https://media3.coolmate.me/cdn-cgi/image/width=672,height=990,quality=85/uploads/April2022/DSC04765-copy.jpg',_binary '\0'),(483,4,14,22,'SP082','o Thun Nam Cotton Trn','CON_HANG','<p><img style=\"display: block; margin-left: auto; margin-right: auto;\" src=\"https://mcdn.coolmate.me/image/December2024/AKWBNTASLAN_93.jpg\" width=\"1004\" height=\"2067\"></p>','https://media3.coolmate.me/cdn-cgi/image/width=672,height=990,quality=85/uploads/February2025/ao-thun-tron-clean-vietnam-xanh-forest-1.jpg',_binary '\0'),(484,19,8,23,'SP083','o Thun Nam Love More','CON_HANG','<p><img style=\"display: block; margin-left: auto; margin-right: auto;\" src=\"https://mcdn.coolmate.me/image/December2024/AKWBNTASLAN_93.jpg\" width=\"1004\" height=\"2067\"></p>','https://media3.coolmate.me/cdn-cgi/image/width=672,height=990,quality=85/uploads/April2022/DSC08307_copy.jpg',_binary '\0'),(485,10,4,26,'SP084','o Thun Nam Oversize Save The Future','CON_HANG','<p><img style=\"display: block; margin-left: auto; margin-right: auto;\" src=\"https://mcdn.coolmate.me/image/December2024/AKWBNTASLAN_93.jpg\" width=\"1004\" height=\"2067\"></p>','https://media3.coolmate.me/cdn-cgi/image/width=672,height=990,quality=85/uploads/April2022/DSC08183_copy.jpg',_binary '\0'),(486,10,1,20,'SP085','o Polo Th Thao Active Pique','CON_HANG','<p><img style=\"display: block; margin-left: auto; margin-right: auto;\" src=\"https://mcdn.coolmate.me/image/December2024/AKWBNTASLAN_93.jpg\" width=\"1004\" height=\"2067\"></p>','https://media3.coolmate.me/cdn-cgi/image/width=672,height=990,quality=85/uploads/December2024/24CM.MAWCS.PLZ613_-_.XANH1.jpg',_binary '\0'),(487,4,14,1,'SP086','o Thun Oversize 84RISING Youth Culture','CON_HANG','<p><img style=\"display: block; margin-left: auto; margin-right: auto;\" src=\"https://mcdn.coolmate.me/image/December2024/AKWBNTASLAN_93.jpg\" width=\"1004\" height=\"2067\"></p>','https://media3.coolmate.me/cdn-cgi/image/width=672,height=990,quality=85/uploads/April2023/Ao_thun_Oversize_84RISING_Youth_Cultureshadwo1.jpg',_binary '\0'),(488,28,5,3,'SP087','o Thun Oversize 84RISING REPRESENT','CON_HANG','<p><img style=\"display: block; margin-left: auto; margin-right: auto;\" src=\"https://mcdn.coolmate.me/image/December2024/AKWBNTASLAN_93.jpg\" width=\"1004\" height=\"2067\"></p>','https://media3.coolmate.me/cdn-cgi/image/width=672,height=990,quality=85/uploads/October2023/84rs.rep.2_32.jpg',_binary '\0'),(489,30,4,1,'SP088','o Polo Nam Th Thao Cleandye','CON_HANG','<p><img style=\"display: block; margin-left: auto; margin-right: auto;\" src=\"https://mcdn.coolmate.me/image/December2024/AKWBNTASLAN_93.jpg\" width=\"1004\" height=\"2067\"></p>','https://media3.coolmate.me/cdn-cgi/image/width=672,height=990,quality=85/uploads/May2022/12DSC05091_copy.jpg',_binary '\0'),(490,7,3,20,'SP089','o Thun Chy B Essential I - Outlet','CON_HANG','<p><img style=\"display: block; margin-left: auto; margin-right: auto;\" src=\"https://mcdn.coolmate.me/image/December2024/AKWBNTASLAN_93.jpg\" width=\"1004\" height=\"2067\"></p>','https://media3.coolmate.me/cdn-cgi/image/width=672,height=990,quality=85/uploads/March2024/DSC04764_copy.jpg',_binary '\0'),(491,15,5,20,'SP090','o Thun Nam Th Thao Active','CON_HANG','<p><img style=\"display: block; margin-left: auto; margin-right: auto;\" src=\"https://mcdn.coolmate.me/image/December2024/AKWBNTASLAN_93.jpg\" width=\"1004\" height=\"2067\"></p>','https://media3.coolmate.me/cdn-cgi/image/width=672,height=990,quality=85/uploads/November2023/Ao_Thun_Active_phoi_mau_1.jpg',_binary '\0'),(492,13,20,15,'SP091','o Thun Gym Powerfit','CON_HANG','<p><img style=\"display: block; margin-left: auto; margin-right: auto;\" src=\"https://mcdn.coolmate.me/image/December2024/AKWBNTASLAN_93.jpg\" width=\"1004\" height=\"2067\"></p>','https://media3.coolmate.me/cdn-cgi/image/width=672,height=990,quality=85/uploads/February2025/ao-thun-gym-powerfit-nau-1.jpg',_binary '\0'),(493,12,13,9,'SP092','o Gi Nhit Modal Ultra','CON_HANG','<p><img style=\"display: block; margin-left: auto; margin-right: auto;\" src=\"https://mcdn.coolmate.me/image/December2024/AKWBNTASLAN_93.jpg\" width=\"1004\" height=\"2067\"></p>','https://media3.coolmate.me/cdn-cgi/image/width=672,height=990,quality=85/uploads/October2023/sao_giu_nhiet_trang_6.jpg',_binary '\0'),(494,25,3,6,'SP093','o St Nch Nam Th Thao Promax - Outlet','CON_HANG','<p><img style=\"display: block; margin-left: auto; margin-right: auto;\" src=\"https://mcdn.coolmate.me/image/December2024/AKWBNTASLAN_93.jpg\" width=\"1004\" height=\"2067\"></p>','https://media3.coolmate.me/cdn-cgi/image/width=672,height=990,quality=85/uploads/March2024/att.sn.xdt.5.png',_binary '\0'),(495,14,15,19,'SP094','o Thun Nam Th Thao Coolmate Basics - Outlet','CON_HANG','<p><img style=\"display: block; margin-left: auto; margin-right: auto;\" src=\"https://mcdn.coolmate.me/image/December2024/AKWBNTASLAN_93.jpg\" width=\"1004\" height=\"2067\"></p>','https://media3.coolmate.me/cdn-cgi/image/width=672,height=990,quality=85/uploads/August2024/Ao_Thun_Nam_The_Thao_Coolmate_Basics_-_Xam_Nhat_7_(2).jpg',_binary '\0'),(496,8,16,10,'SP095','o thun th thao Jacquard Active','CON_HANG','<p><img style=\"display: block; margin-left: auto; margin-right: auto;\" src=\"https://mcdn.coolmate.me/image/December2024/AKWBNTASLAN_93.jpg\" width=\"1004\" height=\"2067\"></p>','https://media3.coolmate.me/cdn-cgi/image/width=672,height=990,quality=85/uploads/November2024/24CMAW.AT006.1_XANH-MONACO.jpg',_binary '\0'),(497,18,9,11,'SP096','o Thun Th Thao Active Basics','CON_HANG','<p><img style=\"display: block; margin-left: auto; margin-right: auto;\" src=\"https://mcdn.coolmate.me/image/December2024/AKWBNTASLAN_93.jpg\" width=\"1004\" height=\"2067\"></p>','https://media3.coolmate.me/cdn-cgi/image/width=672,height=990,quality=85/uploads/February2025/ao-thun-the-thao-nam-active-basics-nhanh-kho-ex-dry-xam-dam-1.jpg',_binary '\0'),(498,1,2,13,'SP097','o Thun Th 7 Mu ch X','CON_HANG','<p><img style=\"display: block; margin-left: auto; margin-right: auto;\" src=\"https://mcdn.coolmate.me/image/December2024/AKWBNTASLAN_93.jpg\" width=\"1004\" height=\"2067\"></p>','https://media3.coolmate.me/cdn-cgi/image/width=672,height=990,quality=85/uploads/December2023/t7m_models.1.jpg',_binary '\0'),(499,12,18,8,'SP098','o Thun Th 7 Mu ng Nm Hn','CON_HANG','<p><img style=\"display: block; margin-left: auto; margin-right: auto;\" src=\"https://mcdn.coolmate.me/image/December2024/AKWBNTASLAN_93.jpg\" width=\"1004\" height=\"2067\"></p>','https://media3.coolmate.me/cdn-cgi/image/width=672,height=990,quality=85/uploads/December2023/t7m_models.5_70.jpg',_binary '\0'),(500,20,4,4,'SP099','o Thun Nam phi Jeans','CON_HANG','<p><img style=\"display: block; margin-left: auto; margin-right: auto;\" src=\"https://mcdn.coolmate.me/image/December2024/AKWBNTASLAN_93.jpg\" width=\"1004\" height=\"2067\"></p>','https://media3.coolmate.me/cdn-cgi/image/width=672,height=990,quality=85/uploads/February2025/coolmate-x-copper-denim-ao-thun-phoi-jean-den-1.jpg',_binary '\0'),(501,20,10,7,'SP100','o Singlet chy b Fast & Free','CON_HANG','<p><img style=\"display: block; margin-left: auto; margin-right: auto;\" src=\"https://mcdn.coolmate.me/image/December2024/AKWBNTASLAN_93.jpg\" width=\"1004\" height=\"2067\"></p>','https://media3.coolmate.me/cdn-cgi/image/width=672,height=990,quality=85/uploads/November2023/3dsinglet.2.jpg',_binary '\0'),(502,26,6,7,'SP101','Combo 3 o St Nch Nam Th Thao Promax','CON_HANG','<p><img style=\"display: block; margin-left: auto; margin-right: auto;\" src=\"https://mcdn.coolmate.me/image/December2024/AKWBNTASLAN_93.jpg\" width=\"1004\" height=\"2067\"></p>','https://media3.coolmate.me/cdn-cgi/image/width=672,height=990,quality=85/uploads/July2024/67890.1.jpg',_binary '\0'),(503,7,2,19,'SP102','o Thun Nam Th Thao V1','CON_HANG','<p><img style=\"display: block; margin-left: auto; margin-right: auto;\" src=\"https://mcdn.coolmate.me/image/December2024/AKWBNTASLAN_93.jpg\" width=\"1004\" height=\"2067\"></p>','https://media3.coolmate.me/cdn-cgi/image/width=672,height=990,quality=85/uploads/February2025/ao-thun-nam-the-thao-v1-mau-do_(3).jpg',_binary '\0'),(504,4,4,7,'SP103','o Sweatshirt Th Thao Active','CON_HANG','<p><img style=\"display: block; margin-left: auto; margin-right: auto;\" src=\"https://mcdn.coolmate.me/image/December2024/AKWBNTASLAN_93.jpg\" width=\"1004\" height=\"2067\"></p>','https://media3.coolmate.me/cdn-cgi/image/width=672,height=990,quality=85/uploads/November2023/23CMAW.ST001.ah3_11.jpg',_binary '\0'),(505,10,1,10,'SP104','o N chui u Essentials','CON_HANG','<p><img style=\"display: block; margin-left: auto; margin-right: auto;\" src=\"https://mcdn.coolmate.me/image/December2024/AKWBNTASLAN_93.jpg\" width=\"1004\" height=\"2067\"></p>','https://media3.coolmate.me/cdn-cgi/image/width=672,height=990,quality=85/uploads/November2023/23CMCW.ST001.2.jpg',_binary '\0');
/*!40000 ALTER TABLE `san_pham` ENABLE KEYS */;
UNLOCK TABLES;

--
-- Table structure for table `san_pham_chi_tiet`
--

DROP TABLE IF EXISTS `san_pham_chi_tiet`;
/*!40101 SET @saved_cs_client     = @@character_set_client */;
/*!50503 SET character_set_client = utf8mb4 */;
CREATE TABLE `san_pham_chi_tiet` (
  `ID` int NOT NULL AUTO_INCREMENT,
  `SAN_PHAM_ID` int NOT NULL,
  `KICH_THUOC_ID` int DEFAULT NULL,
  `MAU_SAC_ID` int DEFAULT NULL,
  `GIA_BAN` decimal(15,2) NOT NULL,
  `SO_LUONG` int NOT NULL,
  `BARCODE` varchar(100) CHARACTER SET utf8mb4 COLLATE utf8mb4_unicode_ci DEFAULT NULL,
  `IS_DELETED` bit(1) NOT NULL DEFAULT b'0',
  PRIMARY KEY (`ID`),
  UNIQUE KEY `san_pham_chi_tiet_unique` (`SAN_PHAM_ID`,`KICH_THUOC_ID`,`MAU_SAC_ID`),
  KEY `san_pham_chi_tiet_kich_thuoc_FK` (`KICH_THUOC_ID`),
  KEY `san_pham_chi_tiet_mau_sac_FK` (`MAU_SAC_ID`),
  CONSTRAINT `san_pham_chi_tiet_ibfk_1` FOREIGN KEY (`SAN_PHAM_ID`) REFERENCES `san_pham` (`ID`),
  CONSTRAINT `san_pham_chi_tiet_kich_thuoc_FK` FOREIGN KEY (`KICH_THUOC_ID`) REFERENCES `kich_thuoc` (`ID`),
  CONSTRAINT `san_pham_chi_tiet_mau_sac_FK` FOREIGN KEY (`MAU_SAC_ID`) REFERENCES `mau_sac` (`ID`)
) ENGINE=InnoDB AUTO_INCREMENT=3169 DEFAULT CHARSET=utf8mb4 COLLATE=utf8mb4_unicode_ci;
/*!40101 SET character_set_client = @saved_cs_client */;

--
-- Dumping data for table `san_pham_chi_tiet`
--

LOCK TABLES `san_pham_chi_tiet` WRITE;
/*!40000 ALTER TABLE `san_pham_chi_tiet` DISABLE KEYS */;
INSERT INTO `san_pham_chi_tiet` VALUES (1,494,1,1,680000.00,79,'3890081898146459',_binary '\0'),(2,491,3,3,470000.00,36,'0844761329339572',_binary '\0'),(3,430,1,4,500000.00,20,'4311648837931374',_binary '\0'),(4,1,1,4,310000.00,44,'9281755507826067',_binary '\0'),(5,421,4,1,580000.00,85,'2432854852132524',_binary '\0'),(6,457,1,2,540000.00,24,'5282175503118160',_binary '\0'),(7,424,1,3,370000.00,96,'5571595013660234',_binary '\0'),(8,461,4,2,520000.00,19,'4755741751425885',_binary '\0'),(9,450,1,2,530000.00,17,'8313185618794236',_binary '\0'),(10,485,3,3,380000.00,17,'5617760694610188',_binary '\0'),(11,443,4,1,450000.00,57,'7643112492179642',_binary '\0'),(12,429,3,1,350000.00,36,'3152018683811487',_binary '\0'),(13,475,4,4,530000.00,40,'6532487725438223',_binary '\0'),(14,478,4,3,380000.00,48,'1365940727747080',_binary '\0'),(15,470,3,3,350000.00,84,'4101218415455525',_binary '\0'),(16,462,1,1,360000.00,18,'6833483447157886',_binary '\0'),(17,495,1,1,680000.00,27,'2536138182406310',_binary '\0'),(18,503,1,4,300000.00,55,'9505576533023564',_binary '\0'),(19,417,2,2,690000.00,33,'5415170257522535',_binary '\0'),(20,435,2,4,370000.00,65,'5464710408649717',_binary '\0'),(21,425,1,4,550000.00,56,'9140428828867297',_binary '\0'),(22,417,1,2,460000.00,60,'5986864978714146',_binary '\0'),(23,446,1,4,420000.00,46,'1452315587101118',_binary '\0'),(24,18,4,1,540000.00,88,'3857247693266965',_binary '\0'),(25,417,3,1,350000.00,93,'2018873974811466',_binary '\0'),(26,20,4,4,320000.00,61,'5655112216107385',_binary '\0'),(27,499,1,3,350000.00,59,'8836333486060184',_binary '\0'),(28,19,3,4,510000.00,16,'1612744421444307',_binary '\0'),(29,473,2,1,360000.00,11,'5766936130191024',_binary '\0'),(30,487,1,4,410000.00,33,'3541882162756180',_binary '\0'),(31,467,3,3,600000.00,42,'9371448668034665',_binary '\0'),(32,422,3,4,600000.00,18,'9325667287656337',_binary '\0'),(33,473,4,1,540000.00,54,'7924195878864261',_binary '\0'),(34,453,1,1,620000.00,42,'4121277667727722',_binary '\0'),(35,435,3,4,620000.00,39,'3603227669782448',_binary '\0'),(36,456,1,2,610000.00,15,'6885575834711756',_binary '\0'),(37,447,2,2,700000.00,90,'4273336161397120',_binary '\0'),(38,4,1,3,320000.00,65,'5950483083732395',_binary '\0'),(39,424,3,2,590000.00,52,'3638432513646658',_binary '\0'),(40,413,1,2,400000.00,67,'6674364020646358',_binary '\0'),(41,447,2,1,510000.00,80,'3775875467636131',_binary '\0'),(42,422,1,4,380000.00,41,'6846853097535406',_binary '\0'),(43,467,4,1,320000.00,84,'3172228048643224',_binary '\0'),(44,471,3,1,690000.00,97,'9232174726347263',_binary '\0'),(45,458,2,3,560000.00,81,'6155213445611864',_binary '\0'),(46,501,3,1,600000.00,54,'6835261787103501',_binary '\0'),(47,421,3,2,660000.00,98,'5608710533212357',_binary '\0'),(48,466,3,1,540000.00,39,'2350104283329865',_binary '\0'),(49,16,1,1,660000.00,88,'6541434771452744',_binary '\0'),(50,439,2,3,510000.00,97,'4489188216746641',_binary '\0'),(51,485,1,2,700000.00,58,'7467013345661951',_binary '\0'),(52,452,2,1,510000.00,78,'3292227675518807',_binary '\0'),(53,434,3,3,310000.00,29,'0168281261211638',_binary '\0'),(54,495,1,3,310000.00,27,'6614253137641325',_binary '\0'),(55,451,1,1,600000.00,28,'2772297683299495',_binary '\0'),(56,496,3,4,380000.00,18,'3253683311281041',_binary '\0'),(57,412,2,2,300000.00,60,'8716567125072430',_binary '\0'),(58,474,2,3,560000.00,65,'7213892362837237',_binary '\0'),(59,504,1,4,520000.00,94,'8576055131636510',_binary '\0'),(60,419,1,4,680000.00,45,'8964278994372468',_binary '\0'),(61,433,2,4,420000.00,52,'1669588916353722',_binary '\0'),(62,18,4,2,520000.00,17,'7884272826342642',_binary '\0'),(63,468,1,1,490000.00,74,'8459271455718617',_binary '\0'),(64,423,2,1,400000.00,97,'3471261778485284',_binary '\0'),(65,449,3,4,470000.00,84,'4235605336143642',_binary '\0'),(66,413,4,1,630000.00,17,'5568182116818521',_binary '\0'),(67,476,2,4,580000.00,88,'9852726888641729',_binary '\0'),(68,4,3,4,570000.00,95,'2568711663680726',_binary '\0'),(69,420,4,2,430000.00,28,'3307387326408211',_binary '\0'),(70,437,2,2,470000.00,37,'0127835765699934',_binary '\0'),(71,16,2,4,490000.00,87,'4479656773163933',_binary '\0'),(72,429,2,1,440000.00,54,'1892666301984988',_binary '\0'),(73,421,2,3,610000.00,11,'0483179285698411',_binary '\0'),(74,415,3,2,620000.00,39,'7934226572781478',_binary '\0'),(75,20,2,4,630000.00,95,'4817641661313130',_binary '\0'),(76,450,4,4,440000.00,79,'1745699476279271',_binary '\0'),(77,457,4,1,530000.00,86,'9724293375381447',_binary '\0'),(78,424,2,4,510000.00,19,'6127414524424321',_binary '\0'),(79,479,1,2,520000.00,11,'4084791591611558',_binary '\0'),(80,489,1,4,310000.00,22,'3045235977112572',_binary '\0'),(81,492,3,2,400000.00,10,'6388844335175481',_binary '\0'),(82,496,2,1,480000.00,99,'4261853249495782',_binary '\0'),(83,494,2,2,460000.00,30,'5454351139680636',_binary '\0'),(84,487,1,2,660000.00,42,'4556812837361211',_binary '\0'),(85,441,1,1,540000.00,86,'2252823351085220',_binary '\0'),(86,466,2,4,370000.00,32,'3634333764623542',_binary '\0'),(87,17,3,3,310000.00,60,'8328563854309680',_binary '\0'),(88,1,1,3,480000.00,86,'5563368847718218',_binary '\0'),(89,427,4,4,430000.00,47,'7012758252627368',_binary '\0'),(90,484,3,2,650000.00,50,'3068327111456161',_binary '\0'),(91,471,3,3,360000.00,12,'0415162288346246',_binary '\0'),(92,432,2,3,610000.00,26,'3931217136168718',_binary '\0'),(93,492,4,3,440000.00,21,'0325318275836713',_binary '\0'),(94,423,1,1,650000.00,47,'4874743183839761',_binary '\0'),(95,2,1,2,660000.00,59,'5774391564552810',_binary '\0'),(96,476,2,2,370000.00,13,'7543346473665528',_binary '\0'),(97,489,4,1,670000.00,43,'2452285853372518',_binary '\0'),(98,456,1,3,550000.00,15,'3275197622342564',_binary '\0'),(99,467,2,1,680000.00,37,'3222518811456254',_binary '\0'),(100,463,2,1,330000.00,68,'1873066868652862',_binary '\0'),(101,497,2,1,320000.00,80,'1338873741099857',_binary '\0'),(102,493,2,3,470000.00,39,'5415728137895782',_binary '\0'),(103,485,2,3,370000.00,47,'6923743159456803',_binary '\0'),(104,442,2,4,640000.00,45,'8576754236703484',_binary '\0'),(105,19,3,1,620000.00,27,'9874436552774832',_binary '\0'),(106,411,4,4,640000.00,21,'1608966706587827',_binary '\0'),(107,437,4,3,410000.00,10,'3863038281348844',_binary '\0'),(108,418,2,2,330000.00,33,'4263354655416153',_binary '\0'),(109,4,4,1,350000.00,62,'2701816415499422',_binary '\0'),(110,484,4,4,620000.00,20,'7671368256856904',_binary '\0'),(111,495,1,4,460000.00,20,'2974321412958620',_binary '\0'),(112,452,4,3,680000.00,38,'3225355871261434',_binary '\0'),(113,452,1,2,340000.00,28,'4943371261244646',_binary '\0'),(114,422,4,4,360000.00,69,'5329171867284264',_binary '\0'),(115,473,1,3,320000.00,58,'5387854352144178',_binary '\0'),(116,448,3,3,660000.00,11,'8275754885017372',_binary '\0'),(117,456,3,3,650000.00,52,'6721046087613371',_binary '\0'),(118,430,4,1,340000.00,84,'7521187833389178',_binary '\0'),(119,415,4,1,700000.00,80,'4751734129311113',_binary '\0'),(120,411,2,4,330000.00,98,'4621868583166745',_binary '\0'),(121,481,3,1,410000.00,51,'4914741348216362',_binary '\0'),(122,444,1,1,530000.00,26,'2414245683483584',_binary '\0'),(123,468,1,3,510000.00,96,'1224717478228328',_binary '\0'),(124,420,3,2,360000.00,51,'6631413485779537',_binary '\0'),(125,462,4,3,510000.00,15,'7879481379247242',_binary '\0'),(126,448,4,4,660000.00,94,'6687741584153768',_binary '\0'),(127,489,1,3,540000.00,71,'6709484185628511',_binary '\0'),(128,488,3,3,400000.00,18,'1485231239410634',_binary '\0'),(129,415,4,3,690000.00,10,'1535240633122033',_binary '\0'),(130,482,4,3,340000.00,66,'8278262448107856',_binary '\0'),(131,494,1,3,460000.00,31,'6831973765547895',_binary '\0'),(132,448,1,3,470000.00,50,'7386101846556183',_binary '\0'),(133,457,2,4,570000.00,65,'6149102826069805',_binary '\0'),(134,471,4,4,540000.00,19,'7057902432436860',_binary '\0'),(135,419,3,3,310000.00,58,'1461062358850552',_binary '\0'),(136,488,3,2,570000.00,68,'0120367461977887',_binary '\0'),(137,503,3,1,420000.00,41,'6727625418887392',_binary '\0'),(138,431,3,2,460000.00,74,'1714425869111697',_binary '\0'),(139,449,1,1,650000.00,39,'6264771787434568',_binary '\0'),(140,483,4,2,500000.00,53,'6711497586871847',_binary '\0'),(141,460,2,2,570000.00,43,'3365857161823181',_binary '\0'),(142,473,2,3,700000.00,49,'2529842892185555',_binary '\0'),(143,466,3,3,460000.00,51,'5198316585755333',_binary '\0'),(144,444,1,4,560000.00,37,'8221127958444224',_binary '\0'),(145,429,3,4,320000.00,76,'4613456167852841',_binary '\0'),(146,433,4,3,460000.00,68,'7060758728918014',_binary '\0'),(147,411,3,2,540000.00,22,'8683367611726703',_binary '\0'),(148,446,3,2,590000.00,71,'5284427388517631',_binary '\0'),(149,488,1,4,650000.00,10,'4986829541434583',_binary '\0'),(150,455,2,1,420000.00,58,'6155666655237496',_binary '\0'),(151,414,4,3,660000.00,91,'7674577556589546',_binary '\0'),(152,484,1,1,410000.00,75,'9050281174211086',_binary '\0'),(153,470,4,3,670000.00,77,'5272469757827897',_binary '\0'),(154,467,4,3,620000.00,39,'4783318396321573',_binary '\0'),(155,451,3,1,460000.00,52,'2875464751193239',_binary '\0'),(156,20,4,3,480000.00,80,'8472772458182778',_binary '\0'),(157,17,3,1,620000.00,12,'3771962124169931',_binary '\0'),(158,421,3,3,530000.00,36,'9352699172394289',_binary '\0'),(159,17,1,3,330000.00,77,'3882234376745757',_binary '\0'),(160,413,2,2,330000.00,19,'2627411873528576',_binary '\0'),(161,431,3,1,670000.00,65,'7021675878567126',_binary '\0'),(162,432,4,4,580000.00,76,'7688668004447047',_binary '\0'),(163,494,3,1,460000.00,29,'7825273314064848',_binary '\0'),(164,465,4,1,330000.00,53,'8618574410518668',_binary '\0'),(165,489,1,1,490000.00,19,'1238235711752520',_binary '\0'),(166,466,4,1,320000.00,76,'8466655182255091',_binary '\0'),(167,450,1,3,480000.00,51,'9543857082426342',_binary '\0'),(168,443,1,1,340000.00,49,'4123868891276002',_binary '\0'),(169,423,1,3,400000.00,26,'5742143984926854',_binary '\0'),(170,432,2,1,300000.00,67,'4470172538484294',_binary '\0'),(171,433,1,3,640000.00,10,'7215355526507532',_binary '\0'),(172,418,4,1,510000.00,86,'6816229053576617',_binary '\0'),(173,420,1,3,550000.00,61,'5387324818335060',_binary '\0'),(174,427,2,1,360000.00,30,'0291869410943381',_binary '\0'),(175,493,3,4,650000.00,66,'7435125927966249',_binary '\0'),(176,16,4,2,300000.00,36,'6752458573217265',_binary '\0'),(177,432,1,2,470000.00,21,'4168725931255626',_binary '\0'),(178,441,4,2,690000.00,77,'4848258537353396',_binary '\0'),(179,444,3,1,420000.00,61,'5264379387144661',_binary '\0'),(180,485,1,3,690000.00,11,'4216332518557042',_binary '\0'),(181,427,3,4,350000.00,36,'1851167316845823',_binary '\0'),(182,474,4,4,410000.00,55,'3512048136303524',_binary '\0'),(183,416,1,2,410000.00,26,'5122634713759135',_binary '\0'),(184,478,2,4,530000.00,52,'3696765361533217',_binary '\0'),(185,469,4,2,480000.00,64,'6000111271901023',_binary '\0'),(186,456,4,1,310000.00,58,'6138244825215427',_binary '\0'),(187,497,4,3,650000.00,24,'8046408146731767',_binary '\0'),(188,460,2,4,560000.00,50,'2714823681621903',_binary '\0'),(189,505,4,1,450000.00,38,'3084107142348143',_binary '\0'),(190,19,1,2,640000.00,39,'8278267776215430',_binary '\0'),(191,446,3,3,590000.00,80,'0169136296306648',_binary '\0'),(192,434,2,3,310000.00,26,'5377128628161534',_binary '\0'),(193,469,2,4,570000.00,10,'4358408589801306',_binary '\0'),(194,499,4,4,370000.00,64,'4492497125279612',_binary '\0'),(195,500,4,2,540000.00,21,'7345853358850677',_binary '\0'),(196,430,1,2,350000.00,82,'5517693258516146',_binary '\0'),(197,494,4,1,620000.00,20,'4776336811532957',_binary '\0'),(198,492,3,4,460000.00,72,'4683628221359446',_binary '\0'),(199,479,3,3,500000.00,55,'4903827524122988',_binary '\0'),(200,472,1,3,600000.00,89,'6281257237536297',_binary '\0'),(201,496,2,3,660000.00,32,'3544522335973597',_binary '\0'),(202,475,2,4,380000.00,23,'5088749630645209',_binary '\0'),(203,480,3,1,490000.00,19,'3061145425918945',_binary '\0'),(204,425,1,3,650000.00,10,'8899169116508489',_binary '\0'),(205,456,2,4,350000.00,27,'1708382348386959',_binary '\0'),(206,445,4,1,510000.00,58,'5126145611368828',_binary '\0'),(207,439,3,1,370000.00,51,'9263754256627396',_binary '\0'),(208,447,1,4,490000.00,16,'7615759425531125',_binary '\0'),(209,499,1,2,430000.00,75,'6470662772248288',_binary '\0'),(210,469,2,3,440000.00,68,'5374150263277474',_binary '\0'),(211,484,3,1,580000.00,91,'1565760939554753',_binary '\0'),(212,422,3,3,450000.00,27,'1055610175190027',_binary '\0'),(213,498,1,1,410000.00,87,'4651641716726878',_binary '\0'),(214,496,4,4,440000.00,74,'8470536391226847',_binary '\0'),(215,19,2,3,570000.00,44,'2321212025301244',_binary '\0'),(216,474,3,2,580000.00,66,'5823693817385176',_binary '\0'),(217,489,3,1,640000.00,69,'5778761504575367',_binary '\0'),(218,445,2,3,610000.00,83,'7877587413366321',_binary '\0'),(219,417,3,3,570000.00,86,'5115667158015523',_binary '\0'),(220,477,3,1,320000.00,42,'7570468331588268',_binary '\0'),(221,502,3,3,580000.00,99,'7772384763759753',_binary '\0'),(222,426,1,2,310000.00,50,'8816732855703528',_binary '\0'),(223,419,2,4,590000.00,37,'3846678698251600',_binary '\0'),(224,436,3,2,620000.00,72,'3332662335288135',_binary '\0'),(225,451,2,3,570000.00,40,'8114745337431629',_binary '\0'),(226,412,2,4,430000.00,75,'8580475647852334',_binary '\0'),(227,444,2,2,660000.00,41,'6782086834697577',_binary '\0'),(228,504,2,3,500000.00,53,'8794643228422366',_binary '\0'),(229,429,1,3,440000.00,33,'2136921934251442',_binary '\0'),(230,418,4,3,640000.00,19,'2466424335402754',_binary '\0'),(231,483,1,2,360000.00,10,'2506737242117411',_binary '\0'),(232,452,3,4,340000.00,39,'3435467573855761',_binary '\0'),(233,462,3,2,550000.00,92,'4229817711614875',_binary '\0'),(234,416,2,3,690000.00,98,'3127668741269418',_binary '\0'),(235,486,1,2,640000.00,21,'7183112638668014',_binary '\0'),(236,476,4,2,390000.00,88,'2120414083797966',_binary '\0'),(237,451,4,1,440000.00,69,'7287323076748566',_binary '\0'),(238,466,1,1,400000.00,17,'1875596020388971',_binary '\0'),(239,2,2,1,380000.00,95,'0574565300425163',_binary '\0'),(240,459,3,1,450000.00,68,'3516418102364728',_binary '\0'),(241,444,1,2,530000.00,22,'1955738668862447',_binary '\0'),(242,444,4,3,650000.00,38,'9676671235615557',_binary '\0'),(243,411,4,3,580000.00,82,'8361495425564628',_binary '\0'),(244,502,3,4,660000.00,53,'0603284568778518',_binary '\0'),(245,485,1,4,670000.00,45,'7137548168685453',_binary '\0'),(246,424,2,1,450000.00,53,'7457563210160768',_binary '\0'),(247,444,4,1,580000.00,34,'7773787328875198',_binary '\0'),(248,490,2,1,310000.00,10,'8375158431339694',_binary '\0'),(249,427,4,3,310000.00,23,'6683546072885243',_binary '\0'),(250,502,4,2,600000.00,59,'5232056303226772',_binary '\0'),(251,497,3,1,500000.00,77,'6523616716225306',_binary '\0'),(252,442,1,1,610000.00,25,'7451988247672228',_binary '\0'),(253,430,2,3,640000.00,89,'4635372937067580',_binary '\0'),(254,486,4,4,380000.00,34,'6374762787334447',_binary '\0'),(255,455,3,3,620000.00,26,'0828453472231877',_binary '\0'),(256,462,1,2,640000.00,30,'3775943986762173',_binary '\0'),(257,439,2,2,550000.00,54,'2368150856313645',_binary '\0'),(258,488,1,3,590000.00,10,'8073745050811581',_binary '\0'),(259,435,1,4,620000.00,89,'8276538572285215',_binary '\0'),(260,443,4,2,510000.00,66,'3662631318345423',_binary '\0'),(261,433,3,1,550000.00,10,'5576455357677703',_binary '\0'),(262,481,4,2,430000.00,97,'5249405841010553',_binary '\0'),(263,492,2,2,590000.00,84,'0427811257578604',_binary '\0'),(264,444,3,3,600000.00,28,'1774524348852318',_binary '\0'),(265,16,2,3,590000.00,35,'7314601858426962',_binary '\0'),(266,485,2,2,690000.00,16,'9479522178367527',_binary '\0'),(267,438,3,1,660000.00,91,'2870847617226634',_binary '\0'),(268,417,1,4,460000.00,35,'9341075864682025',_binary '\0'),(269,461,3,1,670000.00,26,'1545267995107156',_binary '\0'),(270,450,2,1,360000.00,98,'8466340951663154',_binary '\0'),(271,425,2,3,550000.00,95,'9921487811297357',_binary '\0'),(272,497,2,3,360000.00,27,'0775148936338891',_binary '\0'),(273,453,2,2,540000.00,23,'8112942294071216',_binary '\0'),(274,486,3,2,560000.00,28,'3813815315697427',_binary '\0'),(275,19,1,4,630000.00,70,'4525952598638782',_binary '\0'),(276,457,1,3,600000.00,11,'6173646667945907',_binary '\0'),(277,461,4,1,470000.00,36,'1474413795547685',_binary '\0'),(278,495,3,4,690000.00,57,'0856874347272332',_binary '\0'),(279,453,2,4,450000.00,59,'1608684772841724',_binary '\0'),(280,445,2,1,600000.00,68,'1545314763264653',_binary '\0'),(281,473,1,2,460000.00,53,'0648654122368425',_binary '\0'),(282,412,3,4,470000.00,88,'5178654812873907',_binary '\0'),(283,464,3,3,430000.00,77,'6597550463776214',_binary '\0'),(284,443,2,2,360000.00,22,'3352922104364512',_binary '\0'),(285,461,1,2,620000.00,60,'5436834443179411',_binary '\0'),(286,470,1,2,390000.00,70,'0775565517748838',_binary '\0'),(287,481,4,3,630000.00,93,'3135156281553784',_binary '\0'),(288,437,2,4,450000.00,98,'2785374323306156',_binary '\0'),(289,16,3,1,380000.00,82,'9158214846153748',_binary '\0'),(290,483,2,3,410000.00,10,'7734345595055428',_binary '\0'),(291,443,3,2,540000.00,94,'6322472323227388',_binary '\0'),(292,464,2,4,330000.00,73,'1262341244724445',_binary '\0'),(293,499,3,4,540000.00,98,'6762331843178401',_binary '\0'),(294,448,4,2,450000.00,98,'7749619661838525',_binary '\0'),(295,461,3,2,460000.00,27,'7477517855448437',_binary '\0'),(296,465,2,1,350000.00,15,'4911761379865477',_binary '\0'),(297,470,1,4,620000.00,32,'3775460442413814',_binary '\0'),(298,18,1,4,550000.00,21,'4581112255843901',_binary '\0'),(299,468,2,1,660000.00,90,'1742720851936397',_binary '\0'),(300,466,1,2,530000.00,67,'3368134313762117',_binary '\0'),(301,434,2,1,500000.00,47,'1229531512152352',_binary '\0'),(302,411,1,3,700000.00,62,'4785588622184833',_binary '\0'),(303,468,2,4,510000.00,19,'9382786815530253',_binary '\0'),(304,459,2,3,490000.00,20,'2976273723540336',_binary '\0'),(305,412,3,3,450000.00,97,'4447383053263622',_binary '\0'),(306,481,2,3,540000.00,82,'8647852088313145',_binary '\0'),(307,471,3,4,460000.00,70,'4823787526967927',_binary '\0'),(308,442,1,2,580000.00,25,'8749483371454677',_binary '\0'),(309,466,3,4,590000.00,96,'8361937375966107',_binary '\0'),(310,20,2,1,340000.00,98,'5573347267297439',_binary '\0'),(311,462,2,2,680000.00,47,'1657444537477046',_binary '\0'),(312,440,3,3,430000.00,13,'4303656251782548',_binary '\0'),(313,495,3,1,340000.00,98,'8493660871175226',_binary '\0'),(314,488,2,1,420000.00,83,'3874712048189153',_binary '\0'),(315,469,4,4,640000.00,66,'3086334131128779',_binary '\0'),(316,431,2,4,650000.00,80,'6202607321526064',_binary '\0'),(317,460,1,1,590000.00,63,'3569754447485119',_binary '\0'),(318,492,1,3,310000.00,34,'5889783837528174',_binary '\0'),(319,461,2,4,510000.00,66,'3828182686598695',_binary '\0'),(320,491,4,1,470000.00,80,'7618608598877868',_binary '\0'),(321,473,4,4,380000.00,45,'3434693904412522',_binary '\0'),(322,455,2,4,350000.00,54,'5165345742390268',_binary '\0'),(323,416,3,1,700000.00,40,'0667777917299556',_binary '\0'),(324,437,1,4,460000.00,37,'3923526877320518',_binary '\0'),(325,491,4,3,320000.00,13,'1029147366502371',_binary '\0'),(326,490,2,2,660000.00,89,'0527511511172748',_binary '\0'),(327,428,4,1,550000.00,29,'8324211701678166',_binary '\0'),(328,445,3,4,650000.00,11,'1527364173194167',_binary '\0'),(329,494,3,3,510000.00,66,'3946193341490584',_binary '\0'),(330,479,2,2,670000.00,80,'8762291848136488',_binary '\0'),(331,478,3,1,390000.00,49,'8533651448628835',_binary '\0'),(332,415,1,1,660000.00,24,'8788377273433991',_binary '\0'),(333,19,2,1,700000.00,22,'7540350620830378',_binary '\0'),(334,443,3,3,400000.00,49,'7684835374474111',_binary '\0'),(335,489,2,4,390000.00,30,'6331045601734324',_binary '\0'),(336,490,3,1,560000.00,72,'4282481758553124',_binary '\0'),(337,20,1,4,480000.00,62,'5191764534323463',_binary '\0'),(338,463,2,3,320000.00,70,'8083219821153483',_binary '\0'),(339,455,1,1,420000.00,34,'4408171468127318',_binary '\0'),(340,498,1,4,610000.00,77,'0168615217303536',_binary '\0'),(341,500,1,4,460000.00,84,'1254863716015827',_binary '\0'),(342,490,1,1,610000.00,26,'6468262528151813',_binary '\0'),(343,467,2,2,530000.00,62,'7137322273347724',_binary '\0'),(344,425,3,3,400000.00,77,'4625551584674705',_binary '\0'),(345,440,2,3,490000.00,57,'4762452311613755',_binary '\0'),(346,452,2,4,500000.00,94,'3121198858727258',_binary '\0'),(347,440,3,4,460000.00,67,'7842584816182680',_binary '\0'),(348,487,4,2,430000.00,14,'3852371811352526',_binary '\0'),(349,412,4,1,490000.00,29,'6155444486751717',_binary '\0'),(350,477,4,2,480000.00,14,'7785478416982256',_binary '\0'),(351,413,3,1,620000.00,30,'0811659232412914',_binary '\0'),(352,461,1,4,370000.00,94,'6837581159816282',_binary '\0'),(353,453,1,4,580000.00,54,'9363251836495827',_binary '\0'),(354,489,4,3,550000.00,95,'7534231536988640',_binary '\0'),(355,448,4,3,380000.00,24,'2569627542444742',_binary '\0'),(356,503,4,4,440000.00,70,'5751164811358230',_binary '\0'),(357,411,4,2,550000.00,93,'6467024388536374',_binary '\0'),(358,433,2,3,530000.00,20,'8457368331345828',_binary '\0'),(359,483,3,4,570000.00,76,'5332649448786785',_binary '\0'),(360,505,2,3,640000.00,21,'5763702811365218',_binary '\0'),(361,467,1,4,670000.00,28,'0248085777458392',_binary '\0'),(362,473,4,2,600000.00,94,'9880466755644382',_binary '\0'),(363,471,2,3,480000.00,84,'3162148435112061',_binary '\0'),(364,456,2,1,400000.00,35,'4817539318005748',_binary '\0'),(365,468,4,1,350000.00,97,'2676406820514844',_binary '\0'),(366,427,2,2,470000.00,76,'5069461774730335',_binary '\0'),(367,486,2,4,570000.00,29,'1357051116074181',_binary '\0'),(368,459,1,1,670000.00,35,'3382933632433612',_binary '\0'),(369,468,3,3,570000.00,57,'3221215276469042',_binary '\0'),(370,1,3,1,500000.00,27,'3437519866916775',_binary '\0'),(371,481,3,3,670000.00,60,'2091571436822768',_binary '\0'),(372,439,3,2,640000.00,96,'3305897247444474',_binary '\0'),(373,430,4,4,600000.00,57,'8138383121869813',_binary '\0'),(374,411,4,1,530000.00,97,'8939844035104212',_binary '\0'),(375,498,4,4,640000.00,81,'7117128820652256',_binary '\0'),(376,483,4,1,480000.00,86,'6612556212366160',_binary '\0'),(377,440,4,2,330000.00,78,'8645899386203193',_binary '\0'),(378,476,3,3,690000.00,95,'6304947106157252',_binary '\0'),(379,437,4,1,560000.00,90,'7118831202402393',_binary '\0'),(380,446,2,4,470000.00,49,'7353269871275927',_binary '\0'),(381,487,2,3,590000.00,61,'2513158531467277',_binary '\0'),(382,468,2,3,390000.00,58,'7600012380734736',_binary '\0'),(383,428,1,2,520000.00,51,'2153434358244404',_binary '\0'),(384,446,4,4,630000.00,36,'9523226398710840',_binary '\0'),(385,450,1,4,540000.00,27,'1237223228118618',_binary '\0'),(386,449,2,3,560000.00,25,'4687312282514644',_binary '\0'),(387,498,2,4,300000.00,40,'2958745277896153',_binary '\0'),(388,414,1,4,480000.00,88,'1251905887463430',_binary '\0'),(389,421,1,4,650000.00,35,'1455848135774567',_binary '\0'),(390,424,4,2,630000.00,60,'6638751128182927',_binary '\0'),(391,17,1,4,530000.00,86,'6842547223586427',_binary '\0'),(392,465,3,4,420000.00,42,'2977327921563157',_binary '\0'),(393,485,3,1,520000.00,62,'4775343214444371',_binary '\0'),(394,480,4,4,310000.00,40,'4625765566745092',_binary '\0'),(395,480,4,3,700000.00,24,'4210564784981279',_binary '\0'),(396,439,4,3,650000.00,30,'5577384865774119',_binary '\0'),(397,484,4,2,520000.00,69,'2782503490349727',_binary '\0'),(398,498,3,2,550000.00,82,'0237376661737163',_binary '\0'),(399,451,3,2,550000.00,98,'4377998834331569',_binary '\0'),(400,470,2,4,690000.00,79,'4515567567692075',_binary '\0'),(401,477,1,2,670000.00,99,'6141875846117377',_binary '\0'),(402,434,3,4,580000.00,14,'3451781037616805',_binary '\0'),(403,486,3,4,480000.00,91,'4418241514104937',_binary '\0'),(404,449,1,2,510000.00,75,'1474417664357409',_binary '\0'),(405,452,4,1,660000.00,64,'6146316518331356',_binary '\0'),(406,446,1,1,520000.00,91,'7888766901343110',_binary '\0'),(407,484,2,2,410000.00,70,'7264555481916761',_binary '\0'),(408,469,2,2,650000.00,79,'8722336193213845',_binary '\0'),(409,501,1,1,350000.00,42,'7130884783478405',_binary '\0'),(410,439,1,4,590000.00,61,'4178291465421615',_binary '\0'),(411,505,4,4,690000.00,19,'3737583989172201',_binary '\0'),(412,494,4,2,410000.00,99,'9527724197388639',_binary '\0'),(413,503,3,3,700000.00,80,'6025713858314091',_binary '\0'),(414,491,2,4,550000.00,80,'8072926170521579',_binary '\0'),(415,419,2,2,380000.00,87,'5653252883445451',_binary '\0'),(416,2,2,3,580000.00,47,'1879644166801531',_binary '\0'),(417,489,4,4,420000.00,17,'5757336888867792',_binary '\0'),(418,457,1,4,530000.00,52,'4634425373233955',_binary '\0'),(419,469,4,1,400000.00,11,'8153894675676417',_binary '\0'),(420,466,4,3,420000.00,72,'6522448518543441',_binary '\0'),(421,503,2,3,450000.00,66,'7386366338477534',_binary '\0'),(422,503,2,4,610000.00,70,'8868332503111417',_binary '\0'),(423,505,3,2,550000.00,77,'6482657527748573',_binary '\0'),(424,465,2,2,420000.00,22,'3802333182373242',_binary '\0'),(425,412,4,2,690000.00,87,'2744153461562517',_binary '\0'),(426,501,2,2,660000.00,17,'8510812245232877',_binary '\0'),(427,449,2,4,360000.00,87,'3653885227507937',_binary '\0'),(428,466,1,3,310000.00,17,'3697587391883375',_binary '\0'),(429,471,2,1,530000.00,26,'3694343809332363',_binary '\0'),(430,494,3,4,580000.00,48,'7740071481243728',_binary '\0'),(431,431,1,3,430000.00,86,'0737229685781432',_binary '\0'),(432,490,3,2,660000.00,66,'7635633463381477',_binary '\0'),(433,497,1,4,340000.00,30,'6268295682288308',_binary '\0'),(434,421,1,2,300000.00,25,'4701686411624947',_binary '\0'),(435,471,3,2,480000.00,89,'4766828548547395',_binary '\0'),(436,497,3,4,440000.00,70,'6785684594308542',_binary '\0'),(437,423,1,4,650000.00,73,'2165629767973226',_binary '\0'),(438,442,3,4,390000.00,67,'2837148826767061',_binary '\0'),(439,429,4,4,620000.00,9,'6243262411741494',_binary '\0'),(440,16,2,1,400000.00,54,'3042594387457473',_binary '\0'),(441,2,4,2,450000.00,28,'6226651593439720',_binary '\0'),(442,504,3,3,650000.00,51,'4507916513048781',_binary '\0'),(443,428,4,3,370000.00,42,'4368061182621422',_binary '\0'),(444,464,4,1,580000.00,37,'7824007207924163',_binary '\0'),(445,505,4,2,650000.00,26,'7831152645581237',_binary '\0'),(446,442,4,3,300000.00,23,'7589462675817161',_binary '\0'),(447,425,1,1,320000.00,84,'2251635559189546',_binary '\0'),(448,483,1,3,640000.00,69,'5455462930853403',_binary '\0'),(449,481,3,2,650000.00,23,'8721654826177432',_binary '\0'),(450,460,3,2,580000.00,97,'2943402322828862',_binary '\0'),(451,3,2,2,370000.00,70,'7957035696715515',_binary '\0'),(452,429,1,1,560000.00,82,'6918933263311071',_binary '\0'),(453,418,2,4,590000.00,85,'8352295141026052',_binary '\0'),(454,435,4,3,420000.00,63,'7801834424356822',_binary '\0'),(455,411,2,1,660000.00,15,'1477274830459549',_binary '\0'),(456,464,3,1,550000.00,62,'2577847197467093',_binary '\0'),(457,466,2,3,470000.00,26,'1058145757445489',_binary '\0'),(458,449,2,1,610000.00,11,'4915927054161558',_binary '\0'),(459,448,2,2,610000.00,19,'7787230484632475',_binary '\0'),(460,491,3,4,670000.00,21,'7384148721722344',_binary '\0'),(461,438,2,1,580000.00,21,'3114377479382332',_binary '\0'),(462,420,4,1,480000.00,18,'1363706351611047',_binary '\0'),(463,503,1,2,540000.00,23,'2818512342678622',_binary '\0'),(464,486,4,3,700000.00,96,'1429574161773847',_binary '\0'),(465,491,1,2,460000.00,17,'1838682895464513',_binary '\0'),(466,419,2,3,600000.00,36,'4287591201774732',_binary '\0'),(467,453,4,2,460000.00,53,'9384288155653686',_binary '\0'),(468,431,3,3,510000.00,39,'7181638283451865',_binary '\0'),(469,435,4,4,700000.00,42,'1294766562778824',_binary '\0'),(470,502,4,3,420000.00,57,'1121495464998536',_binary '\0'),(471,429,1,4,680000.00,34,'8178405195638422',_binary '\0'),(472,468,4,2,430000.00,10,'3586691012987601',_binary '\0'),(473,430,1,3,630000.00,43,'9127775888723411',_binary '\0'),(474,486,3,3,640000.00,56,'1242154741616693',_binary '\0'),(475,411,1,1,670000.00,99,'8411882212221560',_binary '\0'),(476,424,1,2,690000.00,33,'8112124799324817',_binary '\0'),(477,476,4,3,310000.00,16,'4234084835367016',_binary '\0'),(478,499,1,1,480000.00,50,'5125694963115805',_binary '\0'),(479,414,3,2,580000.00,66,'0628688365802354',_binary '\0'),(480,463,2,4,500000.00,19,'3272529220395713',_binary '\0'),(481,18,2,4,690000.00,94,'5181761370842047',_binary '\0'),(482,430,3,4,470000.00,52,'4350475188837815',_binary '\0'),(483,495,2,4,550000.00,19,'4937859446434675',_binary '\0'),(484,443,4,3,570000.00,75,'4149583867853228',_binary '\0'),(485,445,3,2,620000.00,23,'9225676519743652',_binary '\0'),(486,419,3,2,470000.00,65,'7536458277176337',_binary '\0'),(487,499,1,4,410000.00,50,'2556123455173837',_binary '\0'),(488,440,1,1,450000.00,98,'4116581605685525',_binary '\0'),(489,418,4,4,610000.00,27,'1387339186868611',_binary '\0'),(490,465,1,1,310000.00,76,'1153028525417143',_binary '\0'),(491,447,4,4,550000.00,40,'2121931032238337',_binary '\0'),(492,414,4,1,440000.00,93,'3036434862345218',_binary '\0'),(493,417,4,2,580000.00,25,'5627478175103321',_binary '\0'),(494,412,1,3,610000.00,34,'1388895284360623',_binary '\0'),(495,496,1,2,590000.00,89,'7316120113824851',_binary '\0'),(496,481,2,1,570000.00,79,'5143825048526278',_binary '\0'),(497,445,1,4,550000.00,79,'8726718183465177',_binary '\0'),(498,427,2,4,440000.00,78,'7344544171349733',_binary '\0'),(499,487,2,1,500000.00,27,'5585437106455767',_binary '\0'),(500,452,2,3,340000.00,47,'1712051321354141',_binary '\0'),(501,503,3,2,440000.00,99,'2580875337765506',_binary '\0'),(502,476,3,1,300000.00,89,'4183238566323392',_binary '\0'),(503,4,3,3,470000.00,53,'6460450623749477',_binary '\0'),(504,450,2,4,530000.00,81,'7284793245358178',_binary '\0'),(505,440,4,4,390000.00,81,'5556023515667214',_binary '\0'),(506,464,3,2,690000.00,27,'7474967112238888',_binary '\0'),(507,495,2,1,360000.00,23,'0257131419677493',_binary '\0'),(508,496,1,3,490000.00,17,'6968643020815077',_binary '\0'),(509,419,3,1,700000.00,15,'2139714274028659',_binary '\0'),(510,432,3,4,490000.00,59,'4695261844023384',_binary '\0'),(511,460,1,4,660000.00,93,'2630529271527135',_binary '\0'),(512,16,1,4,670000.00,72,'7643476247571628',_binary '\0'),(513,466,4,2,530000.00,62,'1766572019234161',_binary '\0'),(514,421,2,2,300000.00,95,'9384553324062578',_binary '\0'),(515,412,4,3,610000.00,86,'4606205864576013',_binary '\0'),(516,447,3,4,560000.00,94,'2373348356349916',_binary '\0'),(517,416,3,2,700000.00,58,'8223411704022847',_binary '\0'),(518,460,4,4,420000.00,87,'2773288779961347',_binary '\0'),(519,457,3,3,460000.00,85,'7357610471527143',_binary '\0'),(520,424,3,4,370000.00,81,'1465458267921156',_binary '\0'),(521,488,1,1,640000.00,72,'6774476334931113',_binary '\0'),(522,455,3,2,580000.00,21,'7028038812833447',_binary '\0'),(523,476,1,1,600000.00,54,'6469893517284836',_binary '\0'),(524,431,2,2,440000.00,96,'5813646102146411',_binary '\0'),(525,498,2,1,640000.00,87,'1137657885977443',_binary '\0'),(526,414,1,2,470000.00,72,'4483817524971960',_binary '\0'),(527,423,4,2,480000.00,60,'8615715522862928',_binary '\0'),(528,427,1,4,490000.00,44,'6686875754190634',_binary '\0'),(529,1,2,1,670000.00,73,'1817776636279225',_binary '\0'),(530,435,1,1,420000.00,45,'8763133727656416',_binary '\0'),(531,432,1,4,700000.00,33,'5156675810377433',_binary '\0'),(532,476,4,4,530000.00,90,'4328877713039192',_binary '\0'),(533,482,2,3,310000.00,79,'3347691524351455',_binary '\0'),(534,421,2,4,620000.00,66,'6586030352344432',_binary '\0'),(535,452,1,4,610000.00,77,'9381153184335182',_binary '\0'),(536,495,1,2,540000.00,35,'0142823384932711',_binary '\0'),(537,416,2,4,470000.00,84,'2119352616187494',_binary '\0'),(538,465,3,2,480000.00,50,'4237356213755428',_binary '\0'),(539,436,3,1,360000.00,17,'5068578911661468',_binary '\0'),(540,463,1,4,400000.00,43,'6962217688491396',_binary '\0'),(541,425,3,2,580000.00,97,'9080755094546063',_binary '\0'),(542,1,2,2,670000.00,23,'6334648236829051',_binary '\0'),(543,457,3,4,400000.00,68,'8198498550707476',_binary '\0'),(544,502,3,2,500000.00,74,'3566351618223348',_binary '\0'),(545,462,1,4,350000.00,70,'5795261042783478',_binary '\0'),(546,432,3,2,670000.00,59,'4923531119265275',_binary '\0'),(547,482,3,1,410000.00,79,'6420410856743560',_binary '\0'),(548,456,3,1,390000.00,94,'2264564570322808',_binary '\0'),(549,424,4,4,450000.00,81,'1407105467151425',_binary '\0'),(550,434,4,4,630000.00,65,'4647374523216796',_binary '\0'),(551,415,3,3,610000.00,12,'3092184758733640',_binary '\0'),(552,442,1,3,550000.00,65,'8787776145017377',_binary '\0'),(553,425,4,1,600000.00,62,'3297885746531463',_binary '\0'),(554,459,3,3,590000.00,52,'1818123074146137',_binary '\0'),(555,488,4,2,520000.00,43,'6556828452616814',_binary '\0'),(556,492,3,1,540000.00,62,'3543552686218725',_binary '\0'),(557,433,3,4,670000.00,82,'8244681410761563',_binary '\0'),(558,471,2,2,420000.00,52,'6553121668370116',_binary '\0'),(559,20,2,2,420000.00,74,'5733522735183460',_binary '\0'),(560,505,2,2,490000.00,57,'2226119788738331',_binary '\0'),(561,475,1,4,690000.00,52,'6572437937631484',_binary '\0'),(562,429,4,1,530000.00,39,'7161295603389780',_binary '\0'),(563,473,2,4,430000.00,31,'1313631196689268',_binary '\0'),(564,480,4,2,590000.00,61,'4132589022325443',_binary '\0'),(565,447,2,3,390000.00,68,'4832436472639377',_binary '\0'),(566,438,3,3,490000.00,25,'0163847971634692',_binary '\0'),(567,4,2,2,540000.00,89,'0324338252563350',_binary '\0'),(568,446,4,1,400000.00,28,'2624677779252553',_binary '\0'),(569,490,1,4,400000.00,98,'7072663252860986',_binary '\0'),(570,503,1,3,550000.00,16,'9216766525659910',_binary '\0'),(571,453,4,4,540000.00,66,'5472430245578223',_binary '\0'),(572,438,3,2,470000.00,30,'4280997742120400',_binary '\0'),(573,464,4,4,500000.00,68,'1343454799359687',_binary '\0'),(574,473,2,2,540000.00,70,'8837877843563408',_binary '\0'),(575,450,2,3,470000.00,24,'8756721772986860',_binary '\0'),(576,487,3,1,640000.00,95,'9065036122436412',_binary '\0'),(577,462,2,4,650000.00,42,'3134152257288556',_binary '\0'),(578,492,4,4,600000.00,91,'1145428378841537',_binary '\0'),(579,455,4,3,330000.00,24,'6540103857137537',_binary '\0'),(580,425,2,2,490000.00,71,'2735373441173086',_binary '\0'),(581,462,3,3,690000.00,57,'1343689666543236',_binary '\0'),(582,428,3,3,530000.00,12,'8515356332382241',_binary '\0'),(583,501,3,2,520000.00,27,'4174922376781917',_binary '\0'),(584,500,3,1,410000.00,82,'8365803133347222',_binary '\0'),(585,458,4,1,430000.00,60,'4783424149006321',_binary '\0'),(586,2,1,4,490000.00,90,'2336272771363334',_binary '\0'),(587,466,1,4,410000.00,59,'1465505891387215',_binary '\0'),(588,498,3,3,390000.00,42,'3760381674555382',_binary '\0'),(589,418,3,2,490000.00,20,'8487312527343366',_binary '\0'),(590,474,2,1,320000.00,56,'6187372658605023',_binary '\0'),(591,465,4,3,670000.00,45,'4208265424676314',_binary '\0'),(592,467,2,4,460000.00,60,'1269188039211598',_binary '\0'),(593,424,4,3,630000.00,10,'3840102241518102',_binary '\0'),(594,20,2,3,640000.00,42,'5785852657715828',_binary '\0'),(595,483,2,4,300000.00,95,'3589411777721996',_binary '\0'),(596,486,2,1,620000.00,95,'8425663309685082',_binary '\0'),(597,472,3,2,370000.00,21,'7665814658326858',_binary '\0'),(598,437,3,3,420000.00,83,'6039482943238573',_binary '\0'),(599,442,4,4,340000.00,57,'6682861833591655',_binary '\0'),(600,412,1,2,550000.00,10,'5544417663508858',_binary '\0'),(601,3,3,4,510000.00,54,'1733155047963845',_binary '\0'),(602,416,1,4,660000.00,76,'1987828406623386',_binary '\0'),(603,494,2,3,330000.00,65,'3386853714227128',_binary '\0'),(604,19,1,1,600000.00,93,'2448142725789315',_binary '\0'),(605,460,4,1,380000.00,22,'1873136743326579',_binary '\0'),(606,474,2,2,390000.00,97,'7069632672128636',_binary '\0'),(607,439,1,2,680000.00,36,'1687234674464678',_binary '\0'),(608,478,1,1,530000.00,55,'6317926962343233',_binary '\0'),(609,438,4,3,690000.00,40,'4502857112416496',_binary '\0'),(610,426,3,3,610000.00,50,'6952156496787695',_binary '\0'),(611,492,4,1,440000.00,20,'7508207152373785',_binary '\0'),(612,504,4,3,340000.00,67,'5663454280763240',_binary '\0'),(613,454,4,4,620000.00,65,'5387449505874347',_binary '\0'),(614,501,4,3,580000.00,72,'0114111927538738',_binary '\0'),(615,494,2,4,450000.00,37,'6723452863524539',_binary '\0'),(616,426,1,3,440000.00,83,'2570613211223355',_binary '\0'),(617,471,1,3,570000.00,34,'1333134214823835',_binary '\0'),(618,498,3,4,610000.00,41,'1782176128066619',_binary '\0'),(619,481,2,2,550000.00,98,'1658478210415247',_binary '\0'),(620,433,1,2,560000.00,30,'8412454249564523',_binary '\0'),(621,429,2,2,610000.00,55,'7151186361656499',_binary '\0'),(622,454,1,1,400000.00,40,'2154362479269331',_binary '\0'),(623,502,2,4,520000.00,45,'3307778116633862',_binary '\0'),(624,448,2,1,330000.00,51,'9931956764768544',_binary '\0'),(625,458,2,4,400000.00,21,'1611126846505846',_binary '\0'),(626,504,3,4,550000.00,56,'8171733154772624',_binary '\0'),(627,501,2,3,600000.00,75,'3480311871752575',_binary '\0'),(628,504,2,1,310000.00,17,'1848869795243736',_binary '\0'),(629,467,1,3,440000.00,15,'1819625273036991',_binary '\0'),(630,414,2,2,370000.00,46,'1855626776900425',_binary '\0'),(631,430,3,3,350000.00,63,'9535652633371462',_binary '\0'),(632,451,2,2,310000.00,69,'2998647957747006',_binary '\0'),(633,444,2,1,350000.00,67,'5746636572951698',_binary '\0'),(634,426,2,1,540000.00,15,'4832355834337411',_binary '\0'),(635,475,1,2,340000.00,38,'4383223869373884',_binary '\0'),(636,477,2,2,440000.00,42,'4607218637724683',_binary '\0'),(637,422,1,2,330000.00,70,'2442756857824441',_binary '\0'),(638,418,3,3,650000.00,18,'1476173261717056',_binary '\0'),(639,456,1,4,430000.00,32,'4641649864176772',_binary '\0'),(640,441,3,4,540000.00,64,'3558645377787836',_binary '\0'),(641,441,1,3,340000.00,28,'9597285560258455',_binary '\0'),(642,411,3,3,380000.00,31,'5683922237060492',_binary '\0'),(643,453,3,2,500000.00,18,'5662305456668821',_binary '\0'),(644,478,2,2,320000.00,50,'7039538864150222',_binary '\0'),(645,430,4,2,450000.00,76,'4922246883617727',_binary '\0'),(646,2,3,2,400000.00,16,'3582223183917364',_binary '\0'),(647,443,4,4,550000.00,87,'7083896260425851',_binary '\0'),(648,474,1,4,590000.00,85,'4712175674338588',_binary '\0'),(649,487,3,3,600000.00,67,'8638673378992399',_binary '\0'),(650,441,2,2,660000.00,18,'8849367227606878',_binary '\0'),(651,454,4,1,620000.00,99,'1075632602196705',_binary '\0'),(652,439,1,3,560000.00,94,'4068137441124374',_binary '\0'),(653,441,4,3,600000.00,27,'3145241542449182',_binary '\0'),(654,490,4,2,440000.00,15,'3071223657356244',_binary '\0'),(655,496,4,1,410000.00,51,'5507140657531688',_binary '\0'),(656,468,3,1,350000.00,68,'1436864233458482',_binary '\0'),(657,463,3,2,330000.00,40,'4856328377671587',_binary '\0'),(658,465,1,2,390000.00,99,'9364256208871757',_binary '\0'),(659,426,3,1,600000.00,68,'3751528751544562',_binary '\0'),(660,468,1,2,300000.00,38,'4049576473102136',_binary '\0'),(661,415,1,4,590000.00,21,'1686280190484364',_binary '\0'),(662,500,2,4,370000.00,14,'3770667523952818',_binary '\0'),(663,439,4,1,580000.00,99,'7332511521326651',_binary '\0'),(664,472,4,2,550000.00,20,'8520881254557191',_binary '\0'),(665,474,3,4,500000.00,54,'6417474755543587',_binary '\0'),(666,421,4,4,460000.00,82,'1940884992568495',_binary '\0'),(667,414,4,4,310000.00,84,'9443801605811467',_binary '\0'),(668,478,2,3,600000.00,94,'7348788157775334',_binary '\0'),(669,495,4,3,440000.00,50,'7471258541436795',_binary '\0'),(670,415,3,4,440000.00,46,'1567185110220546',_binary '\0'),(671,467,3,2,430000.00,57,'6324450323656164',_binary '\0'),(672,437,2,1,400000.00,44,'8817867656606421',_binary '\0'),(673,478,1,2,480000.00,22,'2971674362523537',_binary '\0'),(674,493,2,4,620000.00,69,'6347758312069576',_binary '\0'),(675,451,1,2,620000.00,38,'2855621984448028',_binary '\0'),(676,417,1,1,510000.00,60,'4370237473816035',_binary '\0'),(677,438,1,4,450000.00,93,'2557595375527826',_binary '\0'),(678,411,1,2,610000.00,74,'9151734471427145',_binary '\0'),(679,454,3,3,670000.00,75,'1364087657131633',_binary '\0'),(680,426,4,2,690000.00,20,'4016112835755581',_binary '\0'),(681,460,3,3,540000.00,13,'4190617168345671',_binary '\0'),(682,459,1,2,580000.00,78,'6967966753525718',_binary '\0'),(683,472,2,1,430000.00,58,'1277176011243628',_binary '\0'),(684,449,3,2,640000.00,75,'2789758946426755',_binary '\0'),(685,465,3,3,370000.00,35,'9438826343860791',_binary '\0'),(686,18,3,2,380000.00,72,'7431358074767711',_binary '\0'),(687,502,1,3,510000.00,10,'6406918421383232',_binary '\0'),(688,504,4,1,520000.00,22,'3752676113952826',_binary '\0'),(689,417,4,4,540000.00,89,'6964790362377623',_binary '\0'),(690,449,1,3,480000.00,36,'1727015436225034',_binary '\0'),(691,487,3,2,550000.00,12,'2000495348864284',_binary '\0'),(692,477,1,1,610000.00,51,'1406888187259815',_binary '\0'),(693,481,1,3,450000.00,36,'8363466522880162',_binary '\0'),(694,493,3,2,380000.00,28,'2640376552843816',_binary '\0'),(695,475,2,3,350000.00,67,'1237563397452251',_binary '\0'),(696,16,3,2,470000.00,98,'7847821027772580',_binary '\0'),(697,413,4,3,350000.00,80,'1537245764827584',_binary '\0'),(698,490,2,4,580000.00,44,'5617917100976131',_binary '\0'),(699,2,2,4,340000.00,14,'9854827807486348',_binary '\0'),(700,18,3,1,490000.00,44,'8787927732446143',_binary '\0'),(701,434,1,2,600000.00,44,'4348632826873827',_binary '\0'),(702,501,1,2,370000.00,70,'4676752454150873',_binary '\0'),(703,438,2,3,470000.00,33,'2754254725407634',_binary '\0'),(704,441,1,2,520000.00,91,'7323889057122675',_binary '\0'),(705,441,3,1,450000.00,16,'7136152074373792',_binary '\0'),(706,477,1,3,370000.00,33,'7675621925238665',_binary '\0'),(707,3,2,4,480000.00,63,'3158823654331038',_binary '\0'),(708,452,2,2,610000.00,64,'7078178854462183',_binary '\0'),(709,428,3,2,450000.00,19,'1726114532355834',_binary '\0'),(710,434,1,4,330000.00,46,'5344037258859289',_binary '\0'),(711,483,1,1,580000.00,96,'5165529620767034',_binary '\0'),(712,423,2,2,530000.00,17,'3423525578353892',_binary '\0'),(713,482,1,4,690000.00,70,'3144774159423771',_binary '\0'),(714,455,4,4,650000.00,71,'2615048174727759',_binary '\0'),(715,474,1,1,340000.00,33,'3451284271120455',_binary '\0'),(716,4,4,3,320000.00,14,'7099520265797185',_binary '\0'),(717,433,1,1,390000.00,85,'1498829635106431',_binary '\0'),(718,450,3,1,490000.00,57,'7063602071447729',_binary '\0'),(719,447,4,3,580000.00,18,'4634421313449626',_binary '\0'),(720,449,4,3,430000.00,65,'3866877349635218',_binary '\0'),(721,422,3,2,510000.00,49,'1952933852617957',_binary '\0'),(722,412,4,4,460000.00,87,'8836755413196272',_binary '\0'),(723,417,2,1,650000.00,10,'7151543235402783',_binary '\0'),(724,491,2,3,520000.00,67,'4854157663563532',_binary '\0'),(725,434,1,1,650000.00,45,'9035130302761625',_binary '\0'),(726,444,3,4,440000.00,72,'7137236223735913',_binary '\0'),(727,499,2,4,310000.00,91,'8641771283684353',_binary '\0'),(728,467,3,4,470000.00,36,'2706636648305723',_binary '\0'),(729,451,4,3,530000.00,30,'2253364047382356',_binary '\0'),(730,411,3,4,340000.00,96,'8331146612186861',_binary '\0'),(731,16,4,3,550000.00,17,'2424065643213510',_binary '\0'),(732,481,4,1,560000.00,56,'5163168316449642',_binary '\0'),(733,18,1,1,340000.00,79,'3779357956145013',_binary '\0'),(734,503,4,1,660000.00,11,'3307729165889264',_binary '\0'),(735,442,2,3,380000.00,68,'3777717957131485',_binary '\0'),(736,423,4,3,560000.00,18,'1380829460377436',_binary '\0'),(737,420,1,2,310000.00,53,'2888511941546085',_binary '\0'),(738,480,2,1,690000.00,55,'1555870811107770',_binary '\0'),(739,482,4,4,560000.00,24,'2362158843742687',_binary '\0'),(740,504,1,3,640000.00,46,'7421593372445135',_binary '\0'),(741,430,3,2,650000.00,60,'4137755525851457',_binary '\0'),(742,504,2,2,690000.00,84,'3636702114922098',_binary '\0'),(743,412,3,2,620000.00,17,'8836392438449119',_binary '\0'),(744,1,3,3,560000.00,46,'2667441187768721',_binary '\0'),(745,477,3,2,660000.00,46,'3117001587280788',_binary '\0'),(746,414,3,1,420000.00,21,'6763033486140438',_binary '\0'),(747,468,3,4,490000.00,28,'7635533650168471',_binary '\0'),(748,3,3,1,650000.00,40,'2454477872358644',_binary '\0'),(749,457,4,3,510000.00,81,'7769414936366452',_binary '\0'),(750,445,1,3,660000.00,16,'6533276255875002',_binary '\0'),(751,456,2,2,440000.00,76,'4857574819066518',_binary '\0'),(752,477,2,3,360000.00,71,'6834717218643679',_binary '\0'),(753,428,1,4,590000.00,52,'7588951502474710',_binary '\0'),(754,438,1,1,480000.00,89,'5523279448343898',_binary '\0'),(755,434,3,2,360000.00,47,'5178571513868576',_binary '\0'),(756,444,4,2,480000.00,47,'6296198838064347',_binary '\0'),(757,482,1,3,620000.00,12,'2247225763610046',_binary '\0'),(758,478,1,4,610000.00,16,'1618866756128190',_binary '\0'),(759,441,4,1,330000.00,27,'3653556871581791',_binary '\0'),(760,472,2,3,490000.00,60,'2935212180264152',_binary '\0'),(761,411,2,3,460000.00,46,'2331561547886135',_binary '\0'),(762,418,4,2,540000.00,71,'7854327475588830',_binary '\0'),(763,462,4,4,570000.00,38,'8478185570737072',_binary '\0'),(764,430,2,2,380000.00,57,'3923590610267762',_binary '\0'),(765,498,4,1,560000.00,17,'2498829020856115',_binary '\0'),(766,3,1,4,540000.00,81,'3188832644785889',_binary '\0'),(767,428,2,1,500000.00,57,'1393416257221376',_binary '\0'),(768,415,1,2,560000.00,25,'8613745225655754',_binary '\0'),(769,448,4,1,300000.00,10,'8835428846888926',_binary '\0'),(770,437,3,1,320000.00,33,'1157536686317910',_binary '\0'),(771,478,3,3,340000.00,58,'7363811317683513',_binary '\0'),(772,485,3,2,490000.00,80,'0750002712453113',_binary '\0'),(773,497,2,2,360000.00,67,'8639282351433685',_binary '\0'),(774,429,2,3,670000.00,82,'1137979037054625',_binary '\0'),(775,4,2,4,570000.00,47,'2264386745051163',_binary '\0'),(776,458,2,2,310000.00,81,'2821336217715571',_binary '\0'),(777,484,4,1,440000.00,93,'2655895763586007',_binary '\0'),(778,468,4,4,470000.00,61,'6362416685577758',_binary '\0'),(779,500,2,1,590000.00,50,'2415308823282271',_binary '\0'),(780,421,4,3,590000.00,37,'7045822684699842',_binary '\0'),(781,419,4,2,320000.00,91,'4197699259454181',_binary '\0'),(782,501,4,2,430000.00,98,'8253824035036528',_binary '\0'),(783,501,1,4,400000.00,91,'1356454509301146',_binary '\0'),(784,504,1,2,380000.00,29,'1758570645253255',_binary '\0'),(785,469,1,2,540000.00,93,'2427313111372538',_binary '\0'),(786,496,4,3,530000.00,65,'7703315418850460',_binary '\0'),(787,449,1,4,400000.00,22,'2171639839591955',_binary '\0'),(788,448,1,1,460000.00,63,'6629904266891241',_binary '\0'),(789,488,4,4,490000.00,69,'2877157683548864',_binary '\0'),(790,448,2,3,460000.00,31,'7524138733817192',_binary '\0'),(791,482,2,1,510000.00,79,'4070755618650514',_binary '\0'),(792,436,3,4,700000.00,98,'6044452578126048',_binary '\0'),(793,479,3,2,510000.00,81,'5962932231874545',_binary '\0'),(794,454,1,4,460000.00,11,'6370375662375123',_binary '\0'),(795,465,3,1,630000.00,49,'8932316872488502',_binary '\0'),(796,486,2,2,540000.00,18,'7470688413143608',_binary '\0'),(797,18,2,2,370000.00,71,'4352386321465551',_binary '\0'),(798,3,2,3,360000.00,61,'8858179040331874',_binary '\0'),(799,483,3,3,320000.00,59,'0371516453703333',_binary '\0'),(800,498,4,2,340000.00,32,'8835787395877323',_binary '\0'),(801,502,4,1,490000.00,19,'7338344919508895',_binary '\0'),(802,473,1,4,380000.00,68,'5508848773913807',_binary '\0'),(803,499,2,3,310000.00,15,'3075702354691685',_binary '\0'),(804,433,1,4,320000.00,89,'7473278641784995',_binary '\0'),(805,501,3,3,320000.00,98,'5653270178011914',_binary '\0'),(806,471,4,2,510000.00,86,'2850582761563755',_binary '\0'),(807,18,4,4,510000.00,22,'8465787260261848',_binary '\0'),(808,418,2,3,630000.00,41,'8202564388168664',_binary '\0'),(809,478,4,2,400000.00,99,'8462328385288643',_binary '\0'),(810,485,1,1,690000.00,97,'4358419008864499',_binary '\0'),(811,480,1,1,350000.00,11,'6387331530775407',_binary '\0'),(812,472,1,4,530000.00,46,'3465867947174661',_binary '\0'),(813,4,2,1,680000.00,50,'3749404373693576',_binary '\0'),(814,474,3,3,650000.00,61,'4103164411334571',_binary '\0'),(815,499,4,2,440000.00,66,'4502753328788281',_binary '\0'),(816,461,4,4,390000.00,45,'1143544814436101',_binary '\0'),(817,463,3,1,690000.00,15,'1041653134861982',_binary '\0'),(818,441,3,2,400000.00,15,'6853775782477738',_binary '\0'),(819,1,2,3,570000.00,68,'1436440185604577',_binary '\0'),(820,449,3,1,650000.00,71,'6370387848381635',_binary '\0'),(821,428,3,4,510000.00,90,'6195912183071126',_binary '\0'),(822,445,4,4,670000.00,17,'5941977951744400',_binary '\0'),(823,469,1,3,470000.00,84,'4064728215140721',_binary '\0'),(824,461,3,4,370000.00,81,'6371476172810763',_binary '\0'),(825,469,3,2,650000.00,77,'4677234281572652',_binary '\0'),(826,427,3,2,510000.00,27,'1862273326884371',_binary '\0'),(827,472,4,4,670000.00,16,'7176167620512143',_binary '\0'),(828,439,3,3,470000.00,60,'8588577761992721',_binary '\0'),(829,457,4,4,460000.00,17,'4773851467584248',_binary '\0'),(830,482,2,2,330000.00,83,'6946582647297436',_binary '\0'),(831,493,4,2,520000.00,27,'7807247646057432',_binary '\0'),(832,440,2,2,500000.00,54,'5067227439506182',_binary '\0'),(833,481,3,4,580000.00,95,'4734166278785631',_binary '\0'),(834,3,3,3,430000.00,78,'2567485804211865',_binary '\0'),(835,493,3,1,410000.00,60,'3257744180808227',_binary '\0'),(836,17,1,1,370000.00,54,'7247739947693457',_binary '\0'),(837,3,4,2,510000.00,82,'2723636700674530',_binary '\0'),(838,489,2,2,660000.00,85,'2936412546012786',_binary '\0'),(839,442,3,1,410000.00,19,'1098659435182252',_binary '\0'),(840,2,3,3,460000.00,62,'6481043875854492',_binary '\0'),(841,439,2,1,310000.00,43,'2025767531152374',_binary '\0'),(842,488,1,2,520000.00,48,'4577662602618745',_binary '\0'),(843,492,3,3,540000.00,98,'4913721463387420',_binary '\0'),(844,1,1,1,410000.00,97,'1563831892832543',_binary '\0'),(845,418,2,1,320000.00,32,'7118756474647787',_binary '\0'),(846,482,3,4,440000.00,26,'3072639110885614',_binary '\0'),(847,485,4,3,630000.00,84,'2873661635870927',_binary '\0'),(848,415,2,4,620000.00,22,'8451586430293388',_binary '\0'),(849,492,1,4,370000.00,74,'6602313323599048',_binary '\0'),(850,413,2,1,370000.00,70,'3238222480187650',_binary '\0'),(851,452,3,3,400000.00,56,'3588896775841247',_binary '\0'),(852,501,2,4,520000.00,95,'2318772677918248',_binary '\0'),(853,479,3,4,520000.00,98,'5539128133387186',_binary '\0'),(854,420,2,1,580000.00,32,'3068420331658970',_binary '\0'),(855,462,4,2,390000.00,89,'7653875151046655',_binary '\0'),(856,469,4,3,400000.00,64,'1153649781472379',_binary '\0'),(857,456,4,2,390000.00,27,'5323334777118194',_binary '\0'),(858,465,4,2,630000.00,57,'2412712053824227',_binary '\0'),(859,504,3,2,360000.00,13,'6487013774671443',_binary '\0'),(860,491,3,2,620000.00,36,'6203721542181552',_binary '\0'),(861,470,2,3,430000.00,60,'8315760151787326',_binary '\0'),(862,471,4,1,330000.00,58,'8341693633259534',_binary '\0'),(863,493,4,3,460000.00,87,'4300175335463528',_binary '\0'),(864,459,1,3,440000.00,90,'3946823772785794',_binary '\0'),(865,436,4,3,610000.00,88,'5508173825977451',_binary '\0'),(866,20,3,1,390000.00,94,'9044189671849248',_binary '\0'),(867,419,4,1,490000.00,10,'8516888600112267',_binary '\0'),(868,451,2,1,460000.00,77,'4886987893763124',_binary '\0'),(869,417,4,1,450000.00,88,'5181913435470475',_binary '\0'),(870,445,1,1,400000.00,56,'6572797682861851',_binary '\0'),(871,490,4,1,560000.00,15,'6824054255728784',_binary '\0'),(872,487,3,4,300000.00,76,'7074407570640362',_binary '\0'),(873,481,1,4,370000.00,22,'3003516683968105',_binary '\0'),(874,484,3,4,660000.00,27,'2236789625615776',_binary '\0'),(875,502,4,4,380000.00,84,'5150646525370315',_binary '\0'),(876,431,4,4,660000.00,14,'7277736211409627',_binary '\0'),(877,431,1,2,350000.00,14,'4628307443696854',_binary '\0'),(878,476,3,4,520000.00,86,'8333812378868188',_binary '\0'),(879,447,4,2,340000.00,75,'6885164873084459',_binary '\0'),(880,440,2,1,650000.00,43,'4811516576673988',_binary '\0'),(881,464,1,3,420000.00,50,'1602668867084277',_binary '\0'),(882,411,2,2,650000.00,25,'4211696286362180',_binary '\0'),(883,418,1,3,570000.00,55,'6310575964778623',_binary '\0'),(884,487,1,1,300000.00,18,'7441011221228597',_binary '\0'),(885,436,4,1,490000.00,43,'8101381830102601',_binary '\0'),(886,453,3,3,570000.00,18,'8868446393876883',_binary '\0'),(887,468,3,2,610000.00,38,'1878635123378873',_binary '\0'),(888,479,2,4,420000.00,94,'7277427842985271',_binary '\0'),(889,480,1,2,510000.00,58,'8540052333569913',_binary '\0'),(890,467,4,2,510000.00,36,'8566666697862143',_binary '\0'),(891,2,1,3,600000.00,8,'5202884511766734',_binary '\0'),(892,498,3,1,490000.00,43,'2475038640602161',_binary '\0'),(893,451,1,4,580000.00,57,'4657762185942835',_binary '\0'),(894,487,2,4,690000.00,99,'6462854815423441',_binary '\0'),(895,418,3,4,630000.00,39,'3628746779774643',_binary '\0'),(896,492,1,1,560000.00,99,'2250788454567972',_binary '\0'),(897,473,3,3,480000.00,50,'7127313888657617',_binary '\0'),(898,461,2,3,620000.00,69,'1162864145448457',_binary '\0'),(899,488,3,1,420000.00,11,'8203756242415784',_binary '\0'),(900,497,3,3,410000.00,75,'5275484802462145',_binary '\0'),(901,472,2,4,370000.00,54,'1387753536274174',_binary '\0'),(902,479,1,1,650000.00,20,'3067515142154738',_binary '\0'),(903,428,1,1,500000.00,82,'7889628163250297',_binary '\0'),(904,504,4,4,420000.00,71,'7685239628280240',_binary '\0'),(905,470,3,4,310000.00,30,'7816352183177604',_binary '\0'),(906,482,3,3,490000.00,59,'4918112604121287',_binary '\0'),(907,17,4,1,630000.00,24,'6626232811165168',_binary '\0'),(908,445,1,2,330000.00,73,'0341719826834485',_binary '\0'),(909,470,2,1,480000.00,47,'5169895223886339',_binary '\0'),(910,421,1,3,580000.00,79,'8881255525808455',_binary '\0'),(911,499,3,3,650000.00,26,'9403765378631859',_binary '\0'),(912,440,1,4,550000.00,60,'7765664107532948',_binary '\0'),(913,473,3,2,560000.00,95,'2239428223419937',_binary '\0'),(914,455,4,1,530000.00,48,'6132832596131418',_binary '\0'),(915,435,1,3,380000.00,52,'4433422753353616',_binary '\0'),(916,440,4,1,510000.00,64,'9010121263541716',_binary '\0'),(917,505,1,2,670000.00,29,'5621316725025551',_binary '\0'),(918,451,2,4,600000.00,72,'7570310393906971',_binary '\0'),(919,492,2,4,400000.00,69,'1664227829658662',_binary '\0'),(920,464,3,4,400000.00,68,'2435961834571448',_binary '\0'),(921,482,1,2,560000.00,30,'3309361273335615',_binary '\0'),(922,474,2,4,460000.00,32,'7612069955851205',_binary '\0'),(923,455,1,4,670000.00,79,'4587319271888815',_binary '\0'),(924,419,1,2,440000.00,23,'3691710131476881',_binary '\0'),(925,3,4,3,330000.00,82,'5477657163622233',_binary '\0'),(926,1,4,4,630000.00,38,'3436968174380643',_binary '\0'),(927,425,3,4,400000.00,14,'4149203343621754',_binary '\0'),(928,465,1,3,620000.00,21,'5832873124236344',_binary '\0'),(929,480,1,3,570000.00,40,'8200123573111533',_binary '\0'),(930,491,2,1,590000.00,66,'1959237370468860',_binary '\0'),(931,478,3,4,400000.00,16,'3042044247881862',_binary '\0'),(932,494,4,4,320000.00,98,'2483655143052789',_binary '\0'),(933,440,1,2,430000.00,45,'3864983424355725',_binary '\0'),(934,18,4,3,360000.00,70,'4233434212448767',_binary '\0'),(935,454,4,3,400000.00,78,'6617171652736042',_binary '\0'),(936,475,4,2,390000.00,31,'1903625263166862',_binary '\0'),(937,20,3,4,560000.00,63,'1728685771158105',_binary '\0'),(938,423,1,2,350000.00,53,'6613716698595724',_binary '\0'),(939,505,4,3,440000.00,59,'1962162478375253',_binary '\0'),(940,4,3,2,580000.00,63,'2278934653014011',_binary '\0'),(941,16,4,1,320000.00,80,'2553441282564011',_binary '\0'),(942,453,3,1,360000.00,10,'5755437624663057',_binary '\0'),(943,432,4,3,460000.00,20,'1814340583334027',_binary '\0'),(944,428,3,1,690000.00,58,'4830535697888916',_binary '\0'),(945,435,3,2,310000.00,61,'6565328588707248',_binary '\0'),(946,501,4,4,340000.00,49,'8471171882524644',_binary '\0'),(947,2,1,1,590000.00,50,'4653878345435863',_binary '\0'),(948,495,4,2,380000.00,61,'8555335744429417',_binary '\0'),(949,431,4,3,580000.00,45,'8285022320232428',_binary '\0'),(950,436,1,1,610000.00,88,'9826813195647297',_binary '\0'),(951,496,2,2,480000.00,17,'7674612438392887',_binary '\0'),(952,496,2,4,550000.00,28,'8412029943285449',_binary '\0'),(953,500,4,1,590000.00,31,'9058762277415677',_binary '\0'),(954,458,3,3,460000.00,49,'6164315662388675',_binary '\0'),(955,491,4,2,420000.00,92,'0880684677163292',_binary '\0'),(956,436,4,2,590000.00,11,'9042498376758297',_binary '\0'),(957,450,4,2,650000.00,50,'5525777325463861',_binary '\0'),(958,430,1,1,460000.00,93,'1346142565939574',_binary '\0'),(959,4,2,3,590000.00,42,'2156175570256357',_binary '\0'),(960,414,2,4,390000.00,70,'2412554325595644',_binary '\0'),(961,484,3,3,490000.00,91,'8473582536551383',_binary '\0'),(962,497,1,1,330000.00,13,'1171933264262352',_binary '\0'),(963,19,4,1,430000.00,86,'9911243246612393',_binary '\0'),(964,420,3,3,480000.00,14,'0376613871613619',_binary '\0'),(965,479,4,2,360000.00,77,'2788353450354677',_binary '\0'),(966,455,4,2,480000.00,44,'5621614365357794',_binary '\0'),(967,19,1,3,410000.00,17,'4018336642879068',_binary '\0'),(968,420,4,4,540000.00,45,'0424327631635925',_binary '\0'),(969,459,3,2,310000.00,98,'0211342748956912',_binary '\0'),(970,420,3,4,590000.00,91,'9132353586376625',_binary '\0'),(971,415,3,1,310000.00,93,'4921628364547475',_binary '\0'),(972,468,4,3,460000.00,23,'5142452083372434',_binary '\0'),(973,16,2,2,560000.00,70,'2782840526978276',_binary '\0'),(974,484,2,4,350000.00,41,'4282808881411231',_binary '\0'),(975,421,3,1,640000.00,16,'8331538354405331',_binary '\0'),(976,432,2,4,480000.00,70,'9587221318879349',_binary '\0'),(977,425,4,4,310000.00,48,'4858581496510302',_binary '\0'),(978,452,1,3,360000.00,72,'3465841106731877',_binary '\0'),(979,475,4,3,450000.00,58,'8370436373012737',_binary '\0'),(980,466,2,1,470000.00,85,'2054062035252165',_binary '\0'),(981,457,2,2,510000.00,72,'2065165166246132',_binary '\0'),(982,469,2,1,540000.00,96,'6781353154470577',_binary '\0'),(983,501,2,1,330000.00,42,'4342051638254680',_binary '\0'),(984,451,4,4,510000.00,86,'7631378218238961',_binary '\0'),(985,454,1,3,330000.00,57,'1526884312773664',_binary '\0'),(986,493,4,4,480000.00,44,'4673297316830408',_binary '\0'),(987,427,1,1,440000.00,52,'9338388473395722',_binary '\0'),(988,480,3,3,320000.00,36,'7845815820747925',_binary '\0'),(989,456,3,2,550000.00,81,'0261753254474016',_binary '\0'),(990,423,4,1,430000.00,38,'3924311237604651',_binary '\0'),(991,480,2,4,440000.00,53,'7347475978765346',_binary '\0'),(992,426,3,4,570000.00,67,'7235178978664377',_binary '\0'),(993,481,1,1,390000.00,46,'5866098735881128',_binary '\0'),(994,437,2,3,460000.00,78,'8747325253593728',_binary '\0'),(995,2,4,3,680000.00,36,'2461298151335666',_binary '\0'),(996,418,3,1,510000.00,64,'7168147343281335',_binary '\0'),(997,442,2,2,390000.00,89,'8691673387741955',_binary '\0'),(998,453,3,4,500000.00,83,'8264303411667633',_binary '\0'),(999,501,3,4,400000.00,73,'4577474758983752',_binary '\0'),(1000,502,2,1,340000.00,83,'7701398068928112',_binary '\0'),(1001,489,4,2,430000.00,31,'8683518533647627',_binary '\0'),(1002,503,4,2,640000.00,70,'0962172715386448',_binary '\0'),(1003,495,4,1,460000.00,89,'6451188481352501',_binary '\0'),(1004,488,3,4,460000.00,36,'9651319891337978',_binary '\0'),(1005,17,2,3,580000.00,71,'5787484178247586',_binary '\0'),(1006,461,1,1,390000.00,60,'6232276426377323',_binary '\0'),(1007,494,3,2,620000.00,93,'8652842737584477',_binary '\0'),(1008,477,3,4,350000.00,56,'5657873134824654',_binary '\0'),(1009,489,2,3,360000.00,60,'5538179818104549',_binary '\0'),(1010,432,3,3,310000.00,35,'8201378936535401',_binary '\0'),(1011,412,3,1,430000.00,21,'0458724615884226',_binary '\0'),(1012,493,1,4,620000.00,22,'8070435472367959',_binary '\0'),(1013,480,3,4,450000.00,38,'2250227127518731',_binary '\0'),(1014,444,3,2,500000.00,36,'0436220368775077',_binary '\0'),(1015,495,2,2,600000.00,11,'7116012881441827',_binary '\0'),(1016,429,4,2,510000.00,74,'6472985684628256',_binary '\0'),(1017,447,1,1,410000.00,13,'2005156612494384',_binary '\0'),(1018,436,3,3,700000.00,97,'5003456949661643',_binary '\0'),(1019,443,1,4,590000.00,30,'6315002611917180',_binary '\0'),(1020,462,3,4,610000.00,26,'5184056302868153',_binary '\0'),(1021,504,1,1,410000.00,46,'1114108731481348',_binary '\0'),(1022,489,2,1,520000.00,40,'6080361569058533',_binary '\0'),(1023,500,1,2,590000.00,84,'5673146612327426',_binary '\0'),(1024,453,2,1,370000.00,30,'2877955714715776',_binary '\0'),(1025,17,2,4,580000.00,70,'3151453861313156',_binary '\0'),(1026,482,3,2,490000.00,23,'2154477072813308',_binary '\0'),(1027,449,2,2,320000.00,41,'5034200944526603',_binary '\0'),(1028,462,3,1,580000.00,87,'1885740541179566',_binary '\0'),(1029,436,1,4,360000.00,82,'2117776447378694',_binary '\0'),(1030,422,4,3,410000.00,26,'3467725548646783',_binary '\0'),(1031,441,4,4,500000.00,69,'6256181472842772',_binary '\0'),(1032,4,1,1,420000.00,49,'7917087277665394',_binary '\0'),(1033,17,3,4,380000.00,68,'7877068737751132',_binary '\0'),(1034,445,3,3,360000.00,45,'4384706422282103',_binary '\0'),(1035,438,4,2,360000.00,60,'4964244251536919',_binary '\0'),(1036,447,3,2,370000.00,57,'0381246664469615',_binary '\0'),(1037,413,4,4,470000.00,39,'9115329874133418',_binary '\0'),(1038,426,2,4,460000.00,58,'9523553943232066',_binary '\0'),(1039,470,1,3,550000.00,91,'9443879417556135',_binary '\0'),(1040,505,2,1,460000.00,41,'3385462648141627',_binary '\0'),(1041,427,1,3,600000.00,66,'5538822585143124',_binary '\0'),(1042,460,2,1,620000.00,98,'3713524229762165',_binary '\0'),(1043,497,1,2,550000.00,78,'6440662533548210',_binary '\0'),(1044,499,2,1,660000.00,12,'4747055629844832',_binary '\0'),(1045,424,2,2,700000.00,67,'5238358773246627',_binary '\0'),(1046,422,2,1,370000.00,87,'4387116781768242',_binary '\0'),(1047,413,4,2,520000.00,96,'1197638863880128',_binary '\0'),(1048,481,2,4,690000.00,63,'8445903197282374',_binary '\0'),(1049,436,2,1,450000.00,64,'5274382437553132',_binary '\0'),(1050,2,2,2,430000.00,64,'6977113461157950',_binary '\0'),(1051,503,1,1,630000.00,75,'9566866842821598',_binary '\0'),(1052,487,2,2,420000.00,41,'5508345743368801',_binary '\0'),(1053,476,1,2,470000.00,53,'6460508496515373',_binary '\0'),(1054,480,1,4,320000.00,48,'2112771458076837',_binary '\0'),(1055,412,1,1,490000.00,57,'7674844676529081',_binary '\0'),(1056,492,4,2,370000.00,87,'4635471514507122',_binary '\0'),(1057,448,3,2,320000.00,72,'3851813706137912',_binary '\0'),(1058,472,4,1,350000.00,23,'4446165844229772',_binary '\0'),(1059,417,1,3,580000.00,17,'0890848284726004',_binary '\0'),(1060,472,1,1,540000.00,25,'3925778121221542',_binary '\0'),(1061,498,2,2,370000.00,24,'5533840296295496',_binary '\0'),(1062,455,3,4,320000.00,76,'5429945582315858',_binary '\0'),(1063,446,3,1,690000.00,50,'2419872463970222',_binary '\0'),(1064,421,4,2,470000.00,55,'7038395032687742',_binary '\0'),(1065,488,4,3,590000.00,20,'3506304787925783',_binary '\0'),(1066,1,4,2,620000.00,33,'4940616437573288',_binary '\0'),(1067,442,1,4,470000.00,92,'3425351552157664',_binary '\0'),(1068,500,4,4,390000.00,91,'4801260728974012',_binary '\0'),(1069,467,1,2,350000.00,77,'3716338453211532',_binary '\0'),(1070,461,3,3,670000.00,55,'3668248863864688',_binary '\0'),(1071,464,2,2,380000.00,86,'4801430167297341',_binary '\0'),(1072,460,2,3,350000.00,43,'5567922267553181',_binary '\0'),(1073,463,3,3,360000.00,44,'4944746892097687',_binary '\0'),(1074,446,4,2,460000.00,21,'2312982363791220',_binary '\0'),(1075,485,4,4,620000.00,95,'5675342122734312',_binary '\0'),(1076,425,4,3,610000.00,60,'3726146511821671',_binary '\0'),(1077,438,2,4,340000.00,29,'9841434283854477',_binary '\0'),(1078,487,4,1,530000.00,72,'2315116501253811',_binary '\0'),(1079,441,2,4,330000.00,67,'8865136436688771',_binary '\0'),(1080,16,3,4,660000.00,62,'1118533815556131',_binary '\0'),(1081,465,2,4,330000.00,64,'0355771178278844',_binary '\0'),(1082,17,4,2,650000.00,93,'8185465320248124',_binary '\0'),(1083,419,1,1,330000.00,99,'2741414426160885',_binary '\0'),(1084,433,3,3,630000.00,34,'1159234123493617',_binary '\0'),(1085,438,3,4,540000.00,62,'8062387774058148',_binary '\0'),(1086,416,1,1,590000.00,98,'2977347771511333',_binary '\0'),(1087,491,1,3,670000.00,17,'6414810682923875',_binary '\0'),(1088,457,1,1,540000.00,13,'4618229272544425',_binary '\0'),(1089,412,2,3,600000.00,19,'8158851379286345',_binary '\0'),(1090,460,4,2,670000.00,93,'0904493682992677',_binary '\0'),(1091,498,1,3,500000.00,76,'4517263586599617',_binary '\0'),(1092,500,1,1,430000.00,33,'5301442159713078',_binary '\0'),(1093,479,4,1,310000.00,45,'8087758861106678',_binary '\0'),(1094,19,2,4,530000.00,68,'4267401839021811',_binary '\0'),(1095,458,2,1,560000.00,24,'4614366838775602',_binary '\0'),(1096,416,4,1,330000.00,18,'8627445425525691',_binary '\0'),(1097,496,3,2,630000.00,89,'4170734463261571',_binary '\0'),(1098,485,4,1,390000.00,38,'1427747550426332',_binary '\0'),(1099,17,3,2,560000.00,66,'4318716652629878',_binary '\0'),(1100,454,4,2,540000.00,68,'5872298364486165',_binary '\0'),(1101,478,3,2,410000.00,29,'7875931421462884',_binary '\0'),(1102,482,4,1,480000.00,82,'2314897277655303',_binary '\0'),(1103,441,2,1,470000.00,77,'6325055937773752',_binary '\0'),(1104,504,3,1,640000.00,98,'8151466115673318',_binary '\0'),(1105,411,1,4,610000.00,24,'8216227447322486',_binary '\0'),(1106,459,4,2,620000.00,23,'2811387334317659',_binary '\0'),(1107,465,4,4,330000.00,57,'3208424857333087',_binary '\0'),(1108,490,4,4,680000.00,28,'1749410352736175',_binary '\0'),(1109,437,4,4,420000.00,63,'1126724302665798',_binary '\0'),(1110,483,3,2,370000.00,39,'8186395429381421',_binary '\0'),(1111,446,1,3,380000.00,89,'4077261689821739',_binary '\0'),(1112,478,1,3,560000.00,14,'4606759157587245',_binary '\0'),(1113,469,3,4,460000.00,87,'2462544161360769',_binary '\0'),(1114,442,3,2,320000.00,76,'4209373244447846',_binary '\0'),(1115,487,1,3,660000.00,61,'8985450715257858',_binary '\0'),(1116,499,2,2,310000.00,88,'3763441214327212',_binary '\0'),(1117,420,2,2,630000.00,91,'1686861548212142',_binary '\0'),(1118,469,1,1,640000.00,13,'9640295089583956',_binary '\0'),(1119,423,3,2,450000.00,86,'4683101115859735',_binary '\0'),(1120,500,2,3,480000.00,78,'6327902666856309',_binary '\0'),(1121,433,3,2,530000.00,88,'9115804035924159',_binary '\0'),(1122,475,3,4,480000.00,69,'6151424224238327',_binary '\0'),(1123,478,4,4,670000.00,83,'3878175817822142',_binary '\0'),(1124,419,2,1,360000.00,30,'3084633055663751',_binary '\0'),(1125,460,1,2,320000.00,63,'6385385591484287',_binary '\0'),(1126,487,4,4,490000.00,64,'8718994247787634',_binary '\0'),(1127,468,1,4,670000.00,16,'2786372923636102',_binary '\0'),(1128,416,3,4,490000.00,98,'1402367616435735',_binary '\0'),(1129,455,1,2,550000.00,94,'7421273216791696',_binary '\0'),(1130,471,1,4,520000.00,37,'6956635562485002',_binary '\0'),(1131,436,2,3,600000.00,10,'8547851911687548',_binary '\0'),(1132,463,1,1,650000.00,35,'3839233944342337',_binary '\0'),(1133,433,2,1,360000.00,96,'1672548178231644',_binary '\0'),(1134,450,3,3,440000.00,55,'7747864929654346',_binary '\0'),(1135,429,3,3,460000.00,81,'1747503472530685',_binary '\0'),(1136,422,4,2,570000.00,37,'2554857769624504',_binary '\0'),(1137,421,1,1,560000.00,50,'6832538805523156',_binary '\0'),(1138,493,1,1,490000.00,18,'0308305987227631',_binary '\0'),(1139,424,3,3,330000.00,98,'4846473254927642',_binary '\0'),(1140,439,2,4,320000.00,68,'1611766844910929',_binary '\0'),(1141,431,4,1,370000.00,95,'4456632264993854',_binary '\0'),(1142,417,2,3,310000.00,32,'9781181421239432',_binary '\0'),(1143,18,3,3,460000.00,99,'7424992825329484',_binary '\0'),(1144,445,4,3,640000.00,21,'4996376940582840',_binary '\0'),(1145,477,4,1,600000.00,11,'4951365625410284',_binary '\0'),(1146,458,3,1,660000.00,48,'2283880226268125',_binary '\0'),(1147,503,2,1,500000.00,18,'9647305981959960',_binary '\0'),(1148,443,2,4,560000.00,10,'8436771103672003',_binary '\0'),(1149,464,1,1,320000.00,47,'3576714474757671',_binary '\0'),(1150,490,4,3,390000.00,37,'7683373126683746',_binary '\0'),(1151,16,3,3,390000.00,42,'8950650716567267',_binary '\0'),(1152,497,4,2,630000.00,79,'7815971679966322',_binary '\0'),(1153,435,1,2,380000.00,95,'1483858754874199',_binary '\0'),(1154,502,3,1,420000.00,25,'6128518573259815',_binary '\0'),(1155,420,1,4,450000.00,89,'7175192608726611',_binary '\0'),(1156,446,2,3,670000.00,68,'1277641769335984',_binary '\0'),(1157,2,3,4,390000.00,16,'1598765546820216',_binary '\0'),(1158,420,1,1,490000.00,20,'3483984581426900',_binary '\0'),(1159,483,4,4,590000.00,53,'0815878560726873',_binary '\0'),(1160,436,2,2,490000.00,25,'1328597188562547',_binary '\0'),(1161,491,1,1,420000.00,54,'8370075655791038',_binary '\0'),(1162,470,4,4,480000.00,62,'0169239513262847',_binary '\0'),(1163,490,1,3,500000.00,19,'4284848489188782',_binary '\0'),(1164,454,3,1,690000.00,24,'1548685628874517',_binary '\0'),(1165,467,3,1,460000.00,12,'3052860984711921',_binary '\0'),(1166,498,1,2,430000.00,43,'4724348610688545',_binary '\0'),(1167,463,4,2,610000.00,44,'5582494325256574',_binary '\0'),(1168,458,1,4,300000.00,53,'9833391803483763',_binary '\0'),(1169,483,2,2,340000.00,64,'0061238113233833',_binary '\0'),(1170,484,2,3,530000.00,67,'2354575322033877',_binary '\0'),(1171,453,2,3,390000.00,56,'8608147583108675',_binary '\0'),(1172,499,4,3,340000.00,77,'8195116544384787',_binary '\0'),(1173,437,1,2,420000.00,53,'8681577621342107',_binary '\0'),(1174,490,1,2,390000.00,15,'0869102222795313',_binary '\0'),(1175,19,4,2,410000.00,49,'2859767269141034',_binary '\0'),(1176,503,4,3,570000.00,93,'4929245361833633',_binary '\0'),(1177,413,2,4,630000.00,97,'7026852150546580',_binary '\0'),(1178,434,4,3,520000.00,35,'2623570182162032',_binary '\0'),(1179,424,2,3,360000.00,94,'1367840056884145',_binary '\0'),(1180,428,4,2,580000.00,19,'8620449214934721',_binary '\0'),(1181,4,3,1,350000.00,78,'8731355420752471',_binary '\0'),(1182,425,3,1,310000.00,10,'1195134174639543',_binary '\0'),(1183,417,3,2,510000.00,97,'5257586447141965',_binary '\0'),(1184,498,2,3,340000.00,77,'8755453131475240',_binary '\0'),(1185,463,2,2,330000.00,56,'4089864447645757',_binary '\0'),(1186,449,4,2,340000.00,74,'2783754338683269',_binary '\0'),(1187,455,1,3,520000.00,58,'3374970272261523',_binary '\0'),(1188,464,4,3,440000.00,45,'6782920744446384',_binary '\0'),(1189,475,4,1,320000.00,75,'6427699178976660',_binary '\0'),(1190,467,4,4,620000.00,64,'1381888865464317',_binary '\0'),(1191,497,4,4,320000.00,12,'7668146248387559',_binary '\0'),(1192,500,3,2,510000.00,20,'6216558043352126',_binary '\0'),(1193,488,2,4,610000.00,73,'3478741843718566',_binary '\0'),(1194,19,4,4,650000.00,12,'6542705886781433',_binary '\0'),(1195,470,2,2,570000.00,50,'4234314235773868',_binary '\0'),(1196,444,4,4,590000.00,60,'4795918294497131',_binary '\0'),(1197,414,2,1,550000.00,39,'2811472758561238',_binary '\0'),(1198,495,2,3,700000.00,31,'9987340507719190',_binary '\0'),(1199,440,2,4,440000.00,94,'7879585662415226',_binary '\0'),(1200,2,4,1,530000.00,90,'8266141409573536',_binary '\0'),(1201,416,2,1,500000.00,19,'8486671655679468',_binary '\0'),(1202,428,2,3,670000.00,76,'4517262277585117',_binary '\0'),(1203,424,1,4,600000.00,37,'3287228573946717',_binary '\0'),(1204,430,2,1,330000.00,36,'7690469518195754',_binary '\0'),(1205,4,4,2,600000.00,80,'6434187223258023',_binary '\0'),(1206,479,4,4,510000.00,30,'1133422488887512',_binary '\0'),(1207,435,2,3,460000.00,67,'6537953765257202',_binary '\0'),(1208,20,1,2,540000.00,56,'5420843787253355',_binary '\0'),(1209,20,1,3,370000.00,39,'2873642822436507',_binary '\0'),(1210,445,2,2,390000.00,56,'5331455173610598',_binary '\0'),(1211,414,2,3,650000.00,56,'7441013128644389',_binary '\0'),(1212,3,2,1,510000.00,78,'7285242832475828',_binary '\0'),(1213,470,1,1,410000.00,99,'4657676003142673',_binary '\0'),(1214,477,3,3,650000.00,73,'7215584739243528',_binary '\0'),(1215,433,4,4,370000.00,98,'8276785045327224',_binary '\0'),(1216,467,2,3,470000.00,39,'5475076631279016',_binary '\0'),(1217,474,1,3,380000.00,92,'0781752059513665',_binary '\0'),(1218,436,1,2,400000.00,22,'2649356351596112',_binary '\0'),(1219,472,3,1,620000.00,51,'5382422214231099',_binary '\0'),(1220,463,1,3,650000.00,48,'8371927126114676',_binary '\0'),(1221,459,4,3,420000.00,44,'9577160819480734',_binary '\0'),(1222,419,4,3,530000.00,79,'4920127422516065',_binary '\0'),(1223,449,3,3,370000.00,71,'5278457226273171',_binary '\0'),(1224,441,1,4,440000.00,42,'3591027328612819',_binary '\0'),(1225,427,1,2,630000.00,68,'8851743871708122',_binary '\0'),(1226,484,4,3,580000.00,99,'0403125193776173',_binary '\0'),(1227,480,4,1,500000.00,43,'8349087782851543',_binary '\0'),(1228,457,2,3,370000.00,72,'5319881737657451',_binary '\0'),(1229,486,2,3,650000.00,70,'9022426660868331',_binary '\0'),(1230,476,1,4,320000.00,49,'8424333307124673',_binary '\0'),(1231,499,4,1,460000.00,31,'3416891367691154',_binary '\0'),(1232,505,3,3,370000.00,64,'5839790448174459',_binary '\0'),(1233,453,4,1,320000.00,80,'1656722215510063',_binary '\0'),(1234,412,1,4,520000.00,65,'9351382960488253',_binary '\0'),(1235,471,1,2,420000.00,80,'5281415648644133',_binary '\0'),(1236,435,2,2,390000.00,48,'9111138535860136',_binary '\0'),(1237,432,1,3,580000.00,94,'5627066976591850',_binary '\0'),(1238,455,2,3,470000.00,71,'8203740753102116',_binary '\0'),(1239,458,3,4,630000.00,19,'2857535632514177',_binary '\0'),(1240,479,3,1,580000.00,43,'1586285238555341',_binary '\0'),(1241,459,1,4,310000.00,11,'9655165225711284',_binary '\0'),(1242,416,4,4,370000.00,93,'9308702066561754',_binary '\0'),(1243,461,1,3,320000.00,43,'6694792848814224',_binary '\0'),(1244,18,1,2,460000.00,17,'6230819834526667',_binary '\0'),(1245,2,3,1,370000.00,80,'1975443380080568',_binary '\0'),(1246,434,1,3,450000.00,97,'2355514463455274',_binary '\0'),(1247,440,4,3,400000.00,24,'5256312777676413',_binary '\0'),(1248,495,3,3,380000.00,45,'3718544224305948',_binary '\0'),(1249,480,3,2,640000.00,77,'2165766953525914',_binary '\0'),(1250,497,2,4,400000.00,39,'6099554722224448',_binary '\0'),(1251,470,3,1,370000.00,38,'6133081834588611',_binary '\0'),(1252,3,4,4,520000.00,15,'7458564556704640',_binary '\0'),(1253,448,2,4,670000.00,33,'6044418854221241',_binary '\0'),(1254,444,2,3,360000.00,60,'2565555845749630',_binary '\0'),(1255,456,2,3,690000.00,64,'6453020531120718',_binary '\0'),(1256,415,2,3,430000.00,44,'6651126773242358',_binary '\0'),(1257,450,3,2,370000.00,92,'4167256271254284',_binary '\0'),(1258,443,1,3,600000.00,92,'1827918861668242',_binary '\0'),(1259,460,3,1,600000.00,73,'3538412176866334',_binary '\0'),(1260,415,2,1,540000.00,98,'7126467742745494',_binary '\0'),(1261,413,2,3,570000.00,46,'1305743107893199',_binary '\0'),(1262,505,3,4,660000.00,47,'9243774414235951',_binary '\0'),(1263,473,4,3,400000.00,62,'6562714829548041',_binary '\0'),(1264,459,4,1,450000.00,60,'7176769232767136',_binary '\0'),(1265,451,1,3,350000.00,86,'1703417632657648',_binary '\0'),(1266,502,2,2,520000.00,97,'2291251105082543',_binary '\0'),(1267,476,3,2,490000.00,11,'4170563705274620',_binary '\0'),(1268,459,2,4,570000.00,78,'2281183978662605',_binary '\0'),(1269,443,2,1,400000.00,97,'5583302587132543',_binary '\0'),(1270,484,1,4,350000.00,46,'7229655343426351',_binary '\0'),(1271,459,3,4,690000.00,75,'3316573456113938',_binary '\0'),(1272,447,2,4,320000.00,46,'6552641435578162',_binary '\0'),(1273,426,4,3,550000.00,94,'4918211538988728',_binary '\0'),(1274,489,3,3,310000.00,78,'9317307338382173',_binary '\0'),(1275,476,1,3,360000.00,70,'9885693517121891',_binary '\0'),(1276,475,3,2,380000.00,70,'5387476638751766',_binary '\0'),(1277,458,4,2,460000.00,77,'2959121731286227',_binary '\0'),(1278,494,1,2,420000.00,86,'2873895393483293',_binary '\0'),(1279,442,4,2,660000.00,38,'9149918353885657',_binary '\0'),(1280,461,2,1,440000.00,29,'0220483662620046',_binary '\0'),(1281,458,4,3,560000.00,22,'5122875406609730',_binary '\0'),(1282,453,1,3,440000.00,48,'4279228844143401',_binary '\0'),(1283,499,3,1,570000.00,74,'0349587829107873',_binary '\0'),(1284,19,3,2,400000.00,34,'2537817659090973',_binary '\0'),(1285,434,4,2,390000.00,65,'3477390387878151',_binary '\0'),(1286,498,4,3,590000.00,64,'2786184434532130',_binary '\0'),(1287,437,4,2,380000.00,73,'4931365642544980',_binary '\0'),(1288,419,1,3,570000.00,88,'6783815248962570',_binary '\0'),(1289,458,4,4,460000.00,36,'6262627678569667',_binary '\0'),(1290,429,2,4,640000.00,44,'3401252955421525',_binary '\0'),(1291,489,1,2,660000.00,22,'9982253551820211',_binary '\0'),(1292,462,2,3,660000.00,94,'5862447533850126',_binary '\0'),(1293,476,4,1,660000.00,14,'3988837689720675',_binary '\0'),(1294,443,1,2,330000.00,94,'0523411887847861',_binary '\0'),(1295,464,2,3,480000.00,93,'7191522797212243',_binary '\0'),(1296,434,2,2,340000.00,72,'6621385241472307',_binary '\0'),(1297,505,1,3,640000.00,57,'8902848755583664',_binary '\0'),(1298,504,4,2,350000.00,17,'0817764141827181',_binary '\0'),(1299,443,2,3,580000.00,88,'8957165763751117',_binary '\0'),(1300,434,3,1,440000.00,31,'6445320141323977',_binary '\0'),(1301,430,2,4,640000.00,21,'1339724180952782',_binary '\0'),(1302,500,3,4,670000.00,40,'1775545351180344',_binary '\0'),(1303,490,3,3,340000.00,33,'2431051023903861',_binary '\0'),(1304,440,3,2,690000.00,36,'6574844527721166',_binary '\0'),(1305,486,4,2,380000.00,50,'3956717323966850',_binary '\0'),(1306,415,2,2,330000.00,31,'0778397962983626',_binary '\0'),(1307,428,2,2,340000.00,25,'6568541215571850',_binary '\0'),(1308,485,2,1,520000.00,21,'3704673811842741',_binary '\0'),(1309,19,2,2,480000.00,14,'3311615677774948',_binary '\0'),(1310,465,2,3,660000.00,59,'0717842836464452',_binary '\0'),(1311,419,3,4,480000.00,67,'5133493473649044',_binary '\0'),(1312,426,4,4,310000.00,37,'1630168321551960',_binary '\0'),(1313,449,4,1,640000.00,94,'0675312125888149',_binary '\0'),(1314,2,4,4,530000.00,43,'8430826242154761',_binary '\0'),(1315,449,4,4,390000.00,50,'3865380265574257',_binary '\0'),(1316,431,3,4,470000.00,30,'4479255674818478',_binary '\0'),(1317,17,4,3,600000.00,73,'9050754738469268',_binary '\0'),(1318,18,2,3,670000.00,65,'5765525540573667',_binary '\0'),(1319,431,2,1,580000.00,65,'9113208843114763',_binary '\0'),(1320,429,1,2,480000.00,62,'5381351106833120',_binary '\0'),(1321,455,3,1,510000.00,43,'7771573022723513',_binary '\0'),(1322,486,1,1,410000.00,86,'6787651127427385',_binary '\0'),(1323,493,2,1,310000.00,26,'9836336011128007',_binary '\0'),(1324,460,4,3,480000.00,42,'5186294482743796',_binary '\0'),(1325,454,2,1,560000.00,65,'5864607231883129',_binary '\0'),(1326,456,4,3,610000.00,32,'6071343267081223',_binary '\0'),(1327,425,2,1,540000.00,96,'8588333623646097',_binary '\0'),(1328,17,2,1,580000.00,13,'7511897635876743',_binary '\0'),(1329,500,3,3,430000.00,61,'6641681953086565',_binary '\0'),(1330,428,4,4,530000.00,75,'1623061652567921',_binary '\0'),(1331,3,1,2,690000.00,89,'1637523881263244',_binary '\0'),(1332,454,3,4,550000.00,37,'7823035128295781',_binary '\0'),(1333,473,3,1,700000.00,77,'8216818993825447',_binary '\0'),(1334,494,4,3,460000.00,94,'4302735475573168',_binary '\0'),(1335,472,3,3,450000.00,74,'8423862261552622',_binary '\0'),(1336,442,3,3,670000.00,72,'1955966147737102',_binary '\0'),(1337,493,2,2,350000.00,98,'8621137518412741',_binary '\0'),(1338,485,2,4,460000.00,65,'3438771590254882',_binary '\0'),(1339,478,4,1,560000.00,88,'9326764987668539',_binary '\0'),(1340,469,1,4,520000.00,10,'0018841542154036',_binary '\0'),(1341,1,1,2,420000.00,21,'5751747739661499',_binary '\0'),(1342,442,2,1,610000.00,95,'9784520584381869',_binary '\0'),(1343,421,3,4,550000.00,96,'7363698202453694',_binary '\0'),(1344,20,3,3,600000.00,90,'3338456733348444',_binary '\0'),(1345,472,2,2,350000.00,76,'2487636290755887',_binary '\0'),(1346,480,2,3,360000.00,76,'4895764547741847',_binary '\0'),(1347,446,3,4,370000.00,99,'8352713723359823',_binary '\0'),(1348,447,1,3,380000.00,92,'3772531521330678',_binary '\0'),(1349,489,3,4,340000.00,82,'2712690838883333',_binary '\0'),(1350,497,1,3,360000.00,65,'9814955821038471',_binary '\0'),(1351,423,2,4,570000.00,84,'2154954237812803',_binary '\0'),(1352,433,2,2,510000.00,38,'1758107014411105',_binary '\0'),(1353,442,4,1,670000.00,85,'8127757825881812',_binary '\0'),(1354,412,2,1,430000.00,38,'8134316304774179',_binary '\0'),(1355,425,2,4,610000.00,95,'5302223374322562',_binary '\0'),(1356,502,1,4,410000.00,44,'8361538786346165',_binary '\0'),(1357,496,4,2,330000.00,17,'5241642297225828',_binary '\0'),(1358,431,1,1,660000.00,29,'5207651657464021',_binary '\0'),(1359,486,4,1,390000.00,29,'9666558455664461',_binary '\0'),(1360,3,3,2,410000.00,89,'7522020386600316',_binary '\0'),(1361,415,4,2,370000.00,36,'5878474474073039',_binary '\0'),(1362,454,3,2,490000.00,94,'8836652751127867',_binary '\0'),(1363,432,3,1,440000.00,63,'9465640465563957',_binary '\0'),(1364,489,3,2,510000.00,47,'3565064295252662',_binary '\0'),(1365,20,4,2,610000.00,81,'6677363987380590',_binary '\0'),(1366,428,2,4,430000.00,70,'6662852265960757',_binary '\0'),(1367,414,1,1,640000.00,66,'6046591665637483',_binary '\0'),(1368,474,1,2,610000.00,72,'8106699114743834',_binary '\0'),(1369,416,4,3,650000.00,93,'3801379379305672',_binary '\0'),(1370,413,3,2,670000.00,56,'1724751638121294',_binary '\0'),(1371,455,2,2,380000.00,56,'1716681338156070',_binary '\0'),(1372,17,1,2,310000.00,22,'4769967036838545',_binary '\0'),(1373,422,1,3,310000.00,82,'1193442121197376',_binary '\0'),(1374,492,2,3,520000.00,94,'1674247015037273',_binary '\0'),(1375,432,1,1,460000.00,35,'8392573853655326',_binary '\0'),(1376,420,2,4,370000.00,11,'3073824048658633',_binary '\0'),(1377,439,4,4,480000.00,55,'7814826586571177',_binary '\0'),(1378,453,1,2,640000.00,73,'5758012764748323',_binary '\0'),(1379,443,3,1,480000.00,85,'4644225573443976',_binary '\0'),(1380,458,1,2,460000.00,85,'7854558897299933',_binary '\0'),(1381,454,2,3,650000.00,82,'2352377762153969',_binary '\0'),(1382,462,2,1,630000.00,21,'5487544338441755',_binary '\0'),(1383,491,4,4,550000.00,86,'9692118491673760',_binary '\0'),(1384,453,4,3,600000.00,34,'2229054628361426',_binary '\0'),(1385,471,2,4,690000.00,49,'7103808788605745',_binary '\0'),(1386,477,2,1,500000.00,91,'8751243376873514',_binary '\0'),(1387,3,1,1,330000.00,86,'5452714974713920',_binary '\0'),(1388,476,2,3,590000.00,52,'2211582455651254',_binary '\0'),(1389,466,2,2,360000.00,66,'3722322457203746',_binary '\0'),(1390,1,3,2,640000.00,93,'4223304777343756',_binary '\0'),(1391,477,4,3,540000.00,22,'7665485236799843',_binary '\0'),(1392,457,3,2,680000.00,32,'7528960904167184',_binary '\0'),(1393,434,2,4,510000.00,73,'8214731674081355',_binary '\0'),(1394,496,1,4,620000.00,87,'7438131134425275',_binary '\0'),(1395,475,2,1,680000.00,44,'2275755568549388',_binary '\0'),(1396,419,4,4,520000.00,57,'9422647310938853',_binary '\0'),(1397,497,3,2,540000.00,61,'0751257254521145',_binary '\0'),(1398,1,3,4,460000.00,68,'1629867349152894',_binary '\0'),(1399,476,2,1,600000.00,89,'1241513133832639',_binary '\0'),(1400,454,2,2,380000.00,88,'1151466847157257',_binary '\0'),(1401,436,4,4,530000.00,74,'7874575656382775',_binary '\0'),(1402,433,4,2,640000.00,90,'1701189628135960',_binary '\0'),(1403,479,2,1,480000.00,79,'1948769598973218',_binary '\0'),(1404,432,4,1,350000.00,99,'4385612740645693',_binary '\0'),(1405,427,2,3,500000.00,94,'9374605348451159',_binary '\0'),(1406,467,1,1,440000.00,39,'5872662608632535',_binary '\0'),(1407,430,4,3,460000.00,77,'1602023866222965',_binary '\0'),(1408,493,1,3,630000.00,88,'2582926987611265',_binary '\0'),(1409,482,2,4,580000.00,49,'9628796107064075',_binary '\0'),(1410,482,4,2,660000.00,87,'4447238509256960',_binary '\0'),(1411,417,2,4,510000.00,23,'5778863308775873',_binary '\0'),(1412,20,1,1,350000.00,94,'7487684878006662',_binary '\0'),(1413,418,1,2,630000.00,61,'2811543527864641',_binary '\0'),(1414,501,1,3,540000.00,93,'6923726184183043',_binary '\0'),(1415,478,2,1,530000.00,54,'4543411212875768',_binary '\0'),(1416,416,3,3,510000.00,46,'5088928544535391',_binary '\0'),(1417,438,2,2,390000.00,99,'2121461344509692',_binary '\0'),(1418,481,1,2,700000.00,84,'4357563578983273',_binary '\0'),(1419,470,3,2,410000.00,26,'4468682766846667',_binary '\0'),(1420,456,3,4,470000.00,97,'4323685792564838',_binary '\0'),(1421,502,1,1,610000.00,63,'6789770052463297',_binary '\0'),(1422,493,1,2,610000.00,63,'2531912637541717',_binary '\0'),(1423,426,4,1,690000.00,65,'8785179879010121',_binary '\0'),(1424,484,1,2,340000.00,48,'8164881591365726',_binary '\0'),(1425,483,1,4,420000.00,68,'1826439114185584',_binary '\0'),(1426,422,1,1,630000.00,24,'6365113574289666',_binary '\0'),(1427,479,2,3,510000.00,28,'0751960777683876',_binary '\0'),(1428,450,3,4,360000.00,51,'6920437673844401',_binary '\0'),(1429,430,3,1,540000.00,24,'4436287977493417',_binary '\0'),(1430,427,3,1,510000.00,58,'7689132191766547',_binary '\0'),(1431,418,1,1,430000.00,93,'1755846327003442',_binary '\0'),(1432,439,1,1,370000.00,83,'6782422466608985',_binary '\0'),(1433,1,4,1,580000.00,51,'6645968243790898',_binary '\0'),(1434,431,2,3,450000.00,60,'6766201265822186',_binary '\0'),(1435,454,1,2,330000.00,65,'8777837478574853',_binary '\0'),(1436,469,3,3,500000.00,92,'8933082598787143',_binary '\0'),(1437,450,1,1,480000.00,36,'5509032089283434',_binary '\0'),(1438,487,4,3,490000.00,82,'8660587678714327',_binary '\0'),(1439,466,4,4,660000.00,62,'9296525451785102',_binary '\0'),(1440,456,1,1,360000.00,20,'4472145386572260',_binary '\0'),(1441,491,1,4,490000.00,59,'8777144828504881',_binary '\0'),(1442,435,4,2,420000.00,94,'3728478778586757',_binary '\0'),(1443,488,2,3,680000.00,47,'5794660141535224',_binary '\0'),(1444,472,4,3,470000.00,68,'4737012660973673',_binary '\0'),(1445,472,3,4,580000.00,30,'4972639956432080',_binary '\0'),(1446,444,1,3,360000.00,72,'5184883178826534',_binary '\0'),(1447,423,3,4,510000.00,63,'5564788266073935',_binary '\0'),(1448,484,1,3,690000.00,73,'5129867878875363',_binary '\0'),(1449,426,1,1,320000.00,86,'5755743269266129',_binary '\0'),(1450,502,1,2,490000.00,33,'9152481023847453',_binary '\0'),(1451,424,3,1,370000.00,13,'3732636813555458',_binary '\0'),(1452,435,2,1,660000.00,10,'7722366636866122',_binary '\0'),(1453,483,3,1,430000.00,58,'1410731493110278',_binary '\0'),(1454,457,3,1,390000.00,28,'8786479148410134',_binary '\0'),(1455,495,3,2,400000.00,98,'8806670815327353',_binary '\0'),(1456,477,2,4,440000.00,14,'1223715548447832',_binary '\0'),(1457,477,1,4,620000.00,67,'7632611826497865',_binary '\0'),(1458,505,3,1,630000.00,40,'5596898762563868',_binary '\0'),(1459,505,1,1,380000.00,70,'1971798806339808',_binary '\0'),(1460,445,2,4,620000.00,73,'3417410536856233',_binary '\0'),(1461,466,3,2,620000.00,18,'3824507484491623',_binary '\0'),(1462,451,4,2,450000.00,28,'7692761681267314',_binary '\0'),(1463,457,2,1,490000.00,78,'6445165771283181',_binary '\0'),(1464,427,3,3,420000.00,11,'4373775527953751',_binary '\0'),(1465,469,3,1,430000.00,37,'8729560081338153',_binary '\0'),(1466,413,1,3,580000.00,13,'6176612245875774',_binary '\0'),(1467,1,4,3,530000.00,23,'5519739561133280',_binary '\0'),(1468,446,4,3,370000.00,69,'0356833323212601',_binary '\0'),(1469,485,3,4,420000.00,81,'6064668388888332',_binary '\0'),(1470,423,3,1,560000.00,45,'4205218373663952',_binary '\0'),(1471,463,4,3,680000.00,94,'8727527714578302',_binary '\0'),(1472,437,1,1,650000.00,10,'7024935821869949',_binary '\0'),(1473,416,1,3,400000.00,14,'4258707889573347',_binary '\0'),(1474,447,3,1,630000.00,90,'3438076317285865',_binary '\0'),(1475,494,2,1,590000.00,48,'8893785549635341',_binary '\0'),(1476,421,2,1,380000.00,53,'5022533585677481',_binary '\0'),(1477,413,3,4,330000.00,65,'0337853830025864',_binary '\0'),(1478,458,3,2,530000.00,16,'2346121965376220',_binary '\0'),(1479,438,1,2,610000.00,98,'5920088675430210',_binary '\0'),(1480,415,1,3,400000.00,97,'8892975616479669',_binary '\0'),(1481,435,4,1,340000.00,28,'4418961859274778',_binary '\0'),(1482,456,4,4,530000.00,35,'6767858736281418',_binary '\0'),(1483,463,1,2,630000.00,42,'5467185764276528',_binary '\0'),(1484,445,3,1,510000.00,86,'0218675346898154',_binary '\0'),(1485,505,1,4,480000.00,88,'6163144834171398',_binary '\0'),(1486,479,1,3,490000.00,97,'2156225833117125',_binary '\0'),(1487,437,3,4,550000.00,41,'6245672775246651',_binary '\0'),(1488,452,3,2,350000.00,85,'5744801259378270',_binary '\0'),(1489,463,4,1,450000.00,50,'2578452482768867',_binary '\0'),(1490,468,2,2,330000.00,70,'9841295362235466',_binary '\0'),(1491,485,4,2,560000.00,64,'0364803632559032',_binary '\0'),(1492,505,2,4,380000.00,43,'1226814865745065',_binary '\0'),(1493,416,4,2,550000.00,16,'1344685804476385',_binary '\0'),(1494,428,1,3,490000.00,65,'6762328318224268',_binary '\0'),(1495,483,2,1,480000.00,91,'1557441076492318',_binary '\0'),(1496,490,2,3,560000.00,65,'1435472251726733',_binary '\0'),(1497,429,3,2,690000.00,77,'7715308367755151',_binary '\0'),(1498,493,3,3,300000.00,92,'2422985123865865',_binary '\0'),(1499,446,1,2,600000.00,78,'5801553888725338',_binary '\0'),(1500,418,1,4,500000.00,57,'3246533354730438',_binary '\0'),(1501,447,3,3,640000.00,90,'2153395503182540',_binary '\0'),(1502,463,4,4,570000.00,19,'5227049168827791',_binary '\0'),(1503,425,1,2,660000.00,86,'6875477693445850',_binary '\0'),(1504,479,4,3,380000.00,86,'5301474174544329',_binary '\0'),(1505,448,1,2,370000.00,12,'2811845217369235',_binary '\0'),(1506,439,4,2,410000.00,14,'3827655282899214',_binary '\0'),(1507,495,4,4,310000.00,40,'1772086510926845',_binary '\0'),(1508,490,3,4,380000.00,99,'8519054632205845',_binary '\0'),(1509,504,2,4,510000.00,16,'1053768309044162',_binary '\0'),(1510,441,2,3,670000.00,20,'6878284418507328',_binary '\0'),(1511,414,4,2,480000.00,17,'0750804712851988',_binary '\0'),(1512,414,3,4,410000.00,92,'4222373411224626',_binary '\0'),(1513,422,2,3,400000.00,29,'7332488262012555',_binary '\0'),(1514,482,1,1,390000.00,50,'3342018235444296',_binary '\0'),(1515,427,4,1,580000.00,20,'1684488523248434',_binary '\0'),(1516,458,1,1,560000.00,67,'7516647133478737',_binary '\0'),(1517,503,3,4,630000.00,85,'9127719481740117',_binary '\0'),(1518,426,1,4,560000.00,15,'7816983344141086',_binary '\0'),(1519,474,4,2,650000.00,79,'7053024565835560',_binary '\0'),(1520,451,3,4,630000.00,63,'8814773137303172',_binary '\0'),(1521,481,4,4,680000.00,16,'6515843835884273',_binary '\0'),(1522,436,1,3,310000.00,79,'1312624422284978',_binary '\0'),(1523,480,2,2,370000.00,88,'6184227425614461',_binary '\0'),(1524,3,4,1,400000.00,81,'3315876456613422',_binary '\0'),(1525,429,4,3,610000.00,31,'5567444373825030',_binary '\0'),(1526,423,4,4,670000.00,70,'2321251649620697',_binary '\0'),(1527,475,3,3,600000.00,82,'2105565526276411',_binary '\0'),(1528,488,2,2,660000.00,69,'2626906853959751',_binary '\0'),(1529,479,1,4,610000.00,90,'3193352210556245',_binary '\0'),(1530,3,1,3,310000.00,84,'4618035201377123',_binary '\0'),(1531,500,1,3,650000.00,42,'9672514045418423',_binary '\0'),(1532,450,4,1,410000.00,83,'2122881852874658',_binary '\0'),(1533,19,3,3,360000.00,29,'7110063035544368',_binary '\0'),(1534,426,3,2,320000.00,55,'7876616420828213',_binary '\0'),(1535,415,4,4,370000.00,31,'6155611184141797',_binary '\0'),(1536,464,1,2,450000.00,11,'5522845101184280',_binary '\0'),(1537,486,1,4,660000.00,57,'7315532727864578',_binary '\0'),(1538,414,3,3,510000.00,19,'5876837465642348',_binary '\0'),(1539,473,1,1,540000.00,25,'2032367867132835',_binary '\0'),(1540,417,3,4,360000.00,88,'7929683268137413',_binary '\0'),(1541,503,2,2,670000.00,39,'4995542392911778',_binary '\0'),(1542,443,3,4,340000.00,79,'5749426069770822',_binary '\0'),(1543,426,2,2,510000.00,35,'1231195302761582',_binary '\0'),(1544,413,1,4,510000.00,24,'5521225152448158',_binary '\0'),(1545,446,2,1,420000.00,12,'3801532751628141',_binary '\0'),(1546,422,2,4,520000.00,57,'2514993268674723',_binary '\0'),(1547,475,1,1,350000.00,80,'5121088788582485',_binary '\0'),(1548,18,2,1,640000.00,95,'0834676557378152',_binary '\0'),(1549,492,2,1,310000.00,14,'1771524844086503',_binary '\0'),(1550,431,1,4,460000.00,19,'5416963047673206',_binary '\0'),(1551,16,1,3,400000.00,54,'7457868715168912',_binary '\0'),(1552,464,2,1,450000.00,95,'8850128990569907',_binary '\0'),(1553,486,3,1,390000.00,52,'5293635778605522',_binary '\0'),(1554,491,2,2,630000.00,32,'3628724211366192',_binary '\0'),(1555,461,2,2,330000.00,64,'6057834039463273',_binary '\0'),(1556,420,4,3,680000.00,53,'7359525362842402',_binary '\0'),(1557,502,2,3,550000.00,28,'0363035326482414',_binary '\0'),(1558,450,4,3,330000.00,12,'8150394738965707',_binary '\0'),(1559,4,4,4,570000.00,77,'1570619283522056',_binary '\0'),(1560,438,4,1,380000.00,37,'9522958888634792',_binary '\0'),(1561,465,1,4,360000.00,21,'5941782239569647',_binary '\0'),(1562,475,2,2,690000.00,22,'1257244167589511',_binary '\0'),(1563,423,2,3,430000.00,80,'9614325107774092',_binary '\0'),(1564,457,4,2,640000.00,50,'6231152013255226',_binary '\0'),(1565,416,2,2,500000.00,45,'8454468264107645',_binary '\0'),(1566,488,4,1,590000.00,53,'5678335186228375',_binary '\0'),(1567,18,1,3,470000.00,67,'7709663450130378',_binary '\0'),(1568,17,2,2,320000.00,75,'6983147415089666',_binary '\0'),(1569,437,3,2,600000.00,89,'3653664863325201',_binary '\0'),(1570,471,4,3,590000.00,45,'8808133464820627',_binary '\0'),(1571,452,4,4,420000.00,62,'5787283164192114',_binary '\0'),(1572,448,3,4,680000.00,75,'7787532316831122',_binary '\0'),(1573,19,4,3,480000.00,91,'6245236960437433',_binary '\0'),(1574,450,2,2,310000.00,27,'2602181392865398',_binary '\0'),(1575,493,4,1,640000.00,59,'4755162735068471',_binary '\0'),(1576,424,1,1,670000.00,95,'1261774740433582',_binary '\0'),(1577,433,4,1,360000.00,59,'3228461677615608',_binary '\0'),(1578,440,3,1,540000.00,40,'7037218724186312',_binary '\0'),(1579,471,1,1,500000.00,65,'7413736892527415',_binary '\0'),(1580,452,1,1,670000.00,33,'6723425619719380',_binary '\0'),(1581,440,1,3,520000.00,13,'0281324760386251',_binary '\0'),(1582,474,4,3,680000.00,87,'6843318284287389',_binary '\0'),(1583,484,2,1,480000.00,42,'3412628738176590',_binary '\0'),(1584,483,4,3,310000.00,16,'1504467243571688',_binary '\0'),(1585,501,4,1,620000.00,62,'5702426121164845',_binary '\0'),(1586,413,3,3,350000.00,66,'1284658327213383',_binary '\0'),(1587,472,1,2,450000.00,49,'5729119163152116',_binary '\0'),(1588,439,3,4,550000.00,94,'7432082521332346',_binary '\0'),(1589,441,3,3,430000.00,17,'8613359147731184',_binary '\0'),(1590,438,1,3,300000.00,25,'7463243808953646',_binary '\0'),(1591,486,1,3,640000.00,41,'3707456084723658',_binary '\0'),(1592,496,1,1,560000.00,89,'0235213770145597',_binary '\0'),(1593,496,3,3,300000.00,67,'3686663243531376',_binary '\0'),(1594,491,3,1,550000.00,52,'5374478566855415',_binary '\0'),(1595,4,1,4,360000.00,55,'0408261778546835',_binary '\0'),(1596,497,4,1,600000.00,56,'5491225762456105',_binary '\0'),(1597,420,2,3,420000.00,53,'5530753847556516',_binary '\0'),(1598,438,4,4,600000.00,47,'6736132595336827',_binary '\0'),(1599,431,4,2,580000.00,62,'9456478850856355',_binary '\0'),(1600,427,4,2,410000.00,82,'2658037888665331',_binary '\0'),(1601,459,2,2,380000.00,25,'1576889507740418',_binary '\0'),(1602,463,3,4,480000.00,85,'6750374970974576',_binary '\0'),(1603,500,2,2,580000.00,67,'7461749293647544',_binary '\0'),(1604,17,4,4,400000.00,32,'1207162425888885',_binary '\0'),(1605,423,3,3,500000.00,20,'7437145365166424',_binary '\0'),(1606,492,1,2,380000.00,95,'8924444522973593',_binary '\0'),(1607,16,4,4,620000.00,72,'0436388948972272',_binary '\0'),(1608,459,2,1,450000.00,74,'8615041145242146',_binary '\0'),(1609,500,4,3,400000.00,86,'7981632152289431',_binary '\0'),(1610,424,4,1,380000.00,64,'6396312552250111',_binary '\0'),(1611,1,2,4,700000.00,38,'2353405528294668',_binary '\0'),(1612,447,1,2,660000.00,47,'3324771269432527',_binary '\0'),(1613,18,3,4,390000.00,90,'7532748157738137',_binary '\0'),(1614,413,1,1,340000.00,99,'5294707152702724',_binary '\0'),(1615,437,1,3,540000.00,91,'1650536838552368',_binary '\0'),(1616,475,1,3,420000.00,83,'2158841185331288',_binary '\0'),(1617,451,3,3,590000.00,68,'4677357895746336',_binary '\0'),(1618,432,2,2,610000.00,88,'6761865653567267',_binary '\0'),(1619,411,3,1,580000.00,89,'6448294432761472',_binary '\0'),(1620,474,3,1,380000.00,14,'5461449245357441',_binary '\0'),(1621,448,3,1,530000.00,93,'5151569442647483',_binary '\0'),(1622,452,4,2,580000.00,63,'3531839785274557',_binary '\0'),(1623,420,3,1,460000.00,50,'7317671542283253',_binary '\0'),(1624,494,1,4,430000.00,17,'5797144076279665',_binary '\0'),(1625,470,4,1,410000.00,54,'3664652746938162',_binary '\0'),(1626,434,4,1,410000.00,26,'1278092734711666',_binary '\0'),(1627,20,3,2,330000.00,21,'2192921863824694',_binary '\0'),(1628,16,1,2,530000.00,13,'3875873561505396',_binary '\0'),(1629,462,4,1,660000.00,98,'3831156645232976',_binary '\0'),(1630,464,1,4,650000.00,31,'6349728946229917',_binary '\0'),(1631,445,4,2,440000.00,37,'2910786372105564',_binary '\0'),(1632,470,4,2,640000.00,33,'3786795677701279',_binary '\0'),(1633,448,1,4,660000.00,56,'1528026742673467',_binary '\0'),(1634,473,3,4,320000.00,33,'3209721122952381',_binary '\0'),(1635,435,3,3,440000.00,93,'7700975164010141',_binary '\0'),(1636,4,1,2,560000.00,55,'2779614802771743',_binary '\0'),(1637,454,2,4,490000.00,18,'4827445636479123',_binary '\0'),(1638,435,3,1,340000.00,42,'1496514961416958',_binary '\0'),(1639,477,4,4,430000.00,65,'6947356834632812',_binary '\0'),(1640,499,3,2,680000.00,72,'9284523537533322',_binary '\0'),(1641,460,1,3,460000.00,16,'9265138454773464',_binary '\0'),(1642,20,4,1,490000.00,40,'2753632172412037',_binary '\0'),(1643,460,3,4,460000.00,89,'7229144290898639',_binary '\0'),(1644,452,3,1,460000.00,98,'3168944556941185',_binary '\0'),(1645,436,2,4,380000.00,79,'4216298430941218',_binary '\0'),(1646,422,4,1,450000.00,93,'3625823345661824',_binary '\0'),(1647,474,4,1,510000.00,55,'5183734508137622',_binary '\0'),(1648,422,2,2,310000.00,19,'1075125141247534',_binary '\0'),(1649,447,4,1,610000.00,92,'0711522152473155',_binary '\0'),(1650,464,4,2,560000.00,59,'6549886996223623',_binary '\0'),(1651,417,4,3,600000.00,96,'4036952722784434',_binary '\0'),(1652,432,4,2,370000.00,17,'7586813171818778',_binary '\0'),(1653,459,4,4,500000.00,18,'7080454825771401',_binary '\0'),(1654,414,1,3,570000.00,23,'8457422133945163',_binary '\0'),(1655,475,3,1,310000.00,71,'1122453240275311',_binary '\0'),(1656,425,4,2,330000.00,11,'1162611835504310',_binary '\0'),(1657,444,2,4,560000.00,80,'4675344490214288',_binary '\0'),(1658,458,1,3,420000.00,53,'7483859331883558',_binary '\0'),(1659,446,2,2,360000.00,84,'8918791651869816',_binary '\0'),(1660,426,2,3,470000.00,97,'0347665662137861',_binary '\0'),(1661,461,4,3,360000.00,21,'3555328317466275',_binary '\0'),(1662,422,3,1,410000.00,27,'0304713573756931',_binary '\0'),(1663,496,3,1,550000.00,43,'5655829094265157',_binary '\0');
/*!40000 ALTER TABLE `san_pham_chi_tiet` ENABLE KEYS */;
UNLOCK TABLES;

--
-- Table structure for table `san_pham_chi_tiet_dot_giam_gia`
--

DROP TABLE IF EXISTS `san_pham_chi_tiet_dot_giam_gia`;
/*!40101 SET @saved_cs_client     = @@character_set_client */;
/*!50503 SET character_set_client = utf8mb4 */;
CREATE TABLE `san_pham_chi_tiet_dot_giam_gia` (
  `id` int NOT NULL AUTO_INCREMENT,
  `dot_giam_gia_id` int NOT NULL,
  `san_pham_chi_tiet_id` int NOT NULL,
  PRIMARY KEY (`id`),
  KEY `fk_dot_giam_gia` (`dot_giam_gia_id`),
  KEY `fk_san_pham_chi_tiet` (`san_pham_chi_tiet_id`),
  CONSTRAINT `fk_dot_giam_gia` FOREIGN KEY (`dot_giam_gia_id`) REFERENCES `dot_giam_gia` (`ID`) ON DELETE CASCADE,
  CONSTRAINT `fk_san_pham_chi_tiet` FOREIGN KEY (`san_pham_chi_tiet_id`) REFERENCES `san_pham_chi_tiet` (`ID`) ON DELETE CASCADE
) ENGINE=InnoDB AUTO_INCREMENT=1004 DEFAULT CHARSET=utf8mb4 COLLATE=utf8mb4_unicode_ci;
/*!40101 SET character_set_client = @saved_cs_client */;

--
-- Dumping data for table `san_pham_chi_tiet_dot_giam_gia`
--

LOCK TABLES `san_pham_chi_tiet_dot_giam_gia` WRITE;
/*!40000 ALTER TABLE `san_pham_chi_tiet_dot_giam_gia` DISABLE KEYS */;
INSERT INTO `san_pham_chi_tiet_dot_giam_gia` VALUES (4,2,1114),(5,2,1035),(6,1,865),(7,2,1122),(8,1,299),(9,1,41),(10,1,181),(11,2,729),(12,2,1539),(13,1,1542),(14,2,334),(15,2,1219),(16,2,776),(17,1,899),(18,1,1336),(19,1,1619),(20,1,1031),(21,2,47),(22,2,292),(23,2,1274),(24,1,859),(25,1,903),(26,1,216),(27,1,548),(28,1,234),(29,2,500),(30,1,1327),(31,1,895),(32,2,1349),(33,2,303),(34,2,1326),(35,1,978),(36,1,1001),(37,2,551),(38,1,1605),(39,2,418),(40,1,1050),(41,1,1268),(42,1,1238),(43,2,694),(44,2,458),(45,2,1488),(46,2,785),(47,1,776),(48,2,1458),(49,1,980),(50,1,706),(51,2,856),(52,1,1505),(53,1,67),(54,2,1575),(55,1,1556),(56,2,422),(57,1,1640),(58,1,1228),(59,2,503),(60,2,790),(61,1,960),(62,2,795),(63,1,679),(64,1,1160),(65,1,671),(66,2,380),(67,2,669),(68,1,105),(69,2,212),(70,2,14),(71,1,983),(72,1,708),(73,1,90),(74,1,463),(75,2,1469),(76,1,1380),(77,1,1526),(78,1,1168),(79,2,1465),(80,1,333),(81,1,305),(82,2,1281),(83,1,727),(84,1,1215),(85,2,1125),(86,2,193),(87,1,1076),(88,2,1272),(89,1,1551),(90,2,332),(91,1,1575),(92,1,616),(93,2,1287),(94,2,833),(95,2,331),(96,2,1465),(97,2,1117),(98,2,1593),(99,1,14),(100,2,766),(101,2,1631),(102,2,1371),(103,2,551),(104,1,6),(105,1,433),(106,1,778),(107,2,1262),(108,2,1523),(109,1,433),(110,2,673),(111,2,1161),(112,1,754),(113,1,164),(114,1,185),(115,1,627),(116,2,1052),(117,2,1158),(118,2,1264),(119,2,958),(120,1,1250),(121,1,91),(122,1,40),(123,2,112),(124,2,272),(125,1,893),(126,1,590),(127,1,1600),(128,1,350),(129,2,925),(130,2,105),(131,1,1338),(132,2,1563),(133,1,46),(134,2,326),(135,2,893),(136,2,1648),(137,1,1197),(138,2,1241),(139,1,1052),(140,2,307),(141,2,1159),(142,1,1585),(143,2,1332),(144,2,1465),(145,2,712),(146,1,883),(147,1,460),(148,2,1067),(149,1,1064),(150,2,793),(151,2,1565),(152,1,1553),(153,2,1588),(154,2,942),(155,2,1567),(156,2,1529),(157,2,1141),(158,1,300),(159,2,1428),(160,2,205),(161,2,1448),(162,1,1424),(163,1,1112),(164,2,1342),(165,1,488),(166,2,1482),(167,1,1233),(168,1,116),(169,1,525),(170,2,1168),(171,2,1431),(172,1,176),(173,2,451),(174,1,846),(175,2,714),(176,2,456),(177,2,710),(178,2,1310),(179,2,835),(180,1,310),(181,1,207),(182,1,1221),(183,1,720),(184,2,1561),(185,1,293),(186,2,1190),(187,2,124),(188,2,331),(189,1,524),(190,1,1484),(191,1,179),(192,2,1663),(193,1,930),(194,1,1095),(195,1,501),(196,1,30),(197,1,170),(198,2,708),(199,1,998),(200,1,547),(201,2,1068),(202,2,1011),(203,2,1048),(204,1,565),(205,2,1348),(206,2,503),(207,1,884),(208,1,1529),(209,2,1524),(210,1,1428),(211,2,1189),(212,2,1040),(213,2,54),(214,2,1120),(215,2,1593),(216,2,52),(217,2,797),(218,2,695),(219,1,481),(220,2,708),(221,1,826),(222,1,1402),(223,1,1237),(224,2,355),(225,2,156),(226,1,1122),(227,1,1528),(228,2,807),(229,2,357),(230,1,1382),(231,1,1007),(232,1,792),(233,1,966),(234,1,1217),(235,2,1416),(236,1,225),(237,2,1471),(238,1,40),(239,1,1567),(240,2,247),(241,1,737),(242,2,1395),(243,1,1426),(244,2,1579),(245,2,608),(246,2,962),(247,1,1223),(248,1,1001),(249,1,904),(250,2,1276),(251,1,220),(252,2,386),(253,1,1507),(254,2,1513),(255,2,663),(256,2,1627),(257,2,1270),(258,1,1192),(259,2,1501),(260,1,559),(261,2,312),(262,1,1049),(263,1,1070),(264,1,282),(265,2,216),(266,1,702),(267,2,1108),(268,2,1496),(269,1,69),(270,1,1149),(271,2,988),(272,1,1551),(273,2,497),(274,1,1439),(275,1,1093),(276,1,1458),(277,1,190),(278,1,864),(279,2,1231),(280,1,1036),(281,1,771),(282,1,1145),(283,1,1605),(284,2,388),(285,1,1339),(286,1,505),(287,2,1584),(288,1,336),(289,1,218),(290,1,34),(291,2,645),(292,1,771),(293,1,559),(294,2,1372),(295,2,429),(296,1,60),(297,1,569),(298,2,1304),(299,2,1399),(300,1,1514),(301,2,816),(302,2,1519),(303,1,828),(304,2,1012),(305,1,694),(306,1,963),(307,2,1389),(308,2,1),(309,2,734),(310,2,790),(311,1,635),(312,1,1025),(313,2,1303),(314,2,29),(315,1,1295),(316,2,1187),(317,2,117),(318,1,1127),(319,1,822),(320,1,300),(321,1,1311),(322,1,236),(323,1,472),(324,1,1021),(325,1,647),(326,1,1311),(327,1,292),(328,1,1353),(329,1,1157),(330,2,1492),(331,2,307),(332,1,429),(333,2,1191),(334,1,1065),(335,2,1648),(336,1,786),(337,1,1470),(338,1,329),(339,1,985),(340,2,1436),(341,1,90),(342,2,1153),(343,1,585),(344,1,496),(345,1,939),(346,1,1070),(347,1,1555),(348,1,357),(349,2,1154),(350,2,1304),(351,1,557),(352,2,105),(353,2,1247),(354,1,1404),(355,2,383),(356,2,1272),(357,2,372),(358,1,193),(359,1,1079),(360,2,1172),(361,2,854),(362,2,273),(363,2,1127),(364,1,869),(365,2,286),(366,1,13),(367,2,371),(368,1,444),(369,1,1039),(370,2,1093),(371,2,949),(372,2,531),(373,1,506),(374,1,196),(375,2,881),(376,1,1522),(377,2,370),(378,2,1445),(379,2,1631),(380,2,68),(381,2,1625),(382,2,1210),(383,2,554),(384,2,1360),(385,2,1229),(386,1,474),(387,2,1541),(388,2,1639),(389,1,1072),(390,2,1426),(391,2,590),(392,2,835),(393,2,575),(394,2,1181),(395,1,1635),(396,2,441),(397,2,1523),(398,2,724),(399,2,837),(400,1,798),(401,2,6),(402,1,409),(403,1,931),(404,1,277),(405,2,10),(406,2,1258),(407,2,1470),(408,2,623),(409,1,84),(410,2,1291),(411,1,1333),(412,2,1292),(413,1,919),(414,1,876),(415,1,1029),(416,2,1588),(417,2,70),(418,1,234),(419,2,271),(420,1,1660),(421,1,1075),(422,2,170),(423,1,297),(424,2,1349),(425,2,1357),(426,1,86),(427,1,1487),(428,2,1593),(429,1,640),(430,2,1653),(431,1,1270),(432,1,1286),(433,2,1089),(434,2,606),(435,1,1426),(436,2,523),(437,2,1533),(438,1,980),(439,2,1404),(440,1,1278),(441,2,260),(442,2,662),(443,1,333),(444,1,1109),(445,2,649),(446,1,745),(447,1,851),(448,1,572),(449,2,246),(450,1,253),(451,2,1347),(452,1,460),(453,2,431),(454,1,430),(455,1,701),(456,2,1137),(457,1,17),(458,1,1243),(459,1,675),(460,2,537),(461,1,369),(462,2,733),(463,1,788),(464,1,366),(465,1,1641),(466,1,1397),(467,2,714),(468,1,1531),(469,2,138),(470,2,987),(471,2,997),(472,1,559),(473,2,921),(474,1,1488),(475,1,776),(476,1,205),(477,2,265),(478,1,501),(479,1,1602),(480,2,534),(481,1,1388),(482,1,805),(483,1,459),(484,1,1022),(485,2,572),(486,1,1615),(487,2,819),(488,2,108),(489,1,653),(490,2,912),(491,1,1499),(492,2,1545),(493,1,1586),(494,2,1168),(495,1,431),(496,1,1509),(497,2,756),(498,2,604),(499,1,39),(500,2,9),(501,2,1303),(502,2,1199),(503,1,1565),(504,1,18),(505,1,1509),(506,1,1380),(507,1,504),(508,2,751),(509,2,1551),(510,1,645),(511,2,805),(512,1,887),(513,2,949),(514,1,846),(515,1,1155),(516,2,878),(517,2,246),(518,2,625),(519,2,236),(520,1,877),(521,2,256),(522,2,1198),(523,2,318),(524,1,35),(525,2,1390),(526,2,128),(527,2,139),(528,1,1464),(529,2,1612),(530,2,1001),(531,2,129),(532,2,1429),(533,2,1645),(534,1,567),(535,2,430),(536,1,747),(537,2,319),(538,1,853),(539,2,566),(540,2,191),(541,1,1576),(542,2,575),(543,2,1076),(544,2,216),(545,2,895),(546,1,768),(547,2,256),(548,2,684),(549,1,1155),(550,2,297),(551,1,1649),(552,2,1064),(553,1,1495),(554,1,49),(555,2,631),(556,2,624),(557,2,1500),(558,1,14),(559,2,538),(560,1,1138),(561,1,1215),(562,2,1503),(563,1,1365),(564,2,74),(565,1,612),(566,1,877),(567,1,913),(568,1,882),(569,1,311),(570,2,1220),(571,2,1575),(572,1,58),(573,1,1576),(574,2,495),(575,1,1021),(576,2,1060),(577,2,439),(578,2,1066),(579,1,328),(580,1,210),(581,2,1151),(582,2,207),(583,1,1131),(584,1,1245),(585,2,300),(586,1,1215),(587,2,1644),(588,2,829),(589,1,890),(590,1,1448),(591,1,1344),(592,2,1191),(593,1,901),(594,2,341),(595,1,866),(596,2,31),(597,2,1115),(598,2,1525),(599,1,877),(600,2,1454),(601,2,486),(602,2,1128),(603,1,155),(604,2,48),(605,1,184),(606,1,131),(607,2,882),(608,2,1274),(609,2,1564),(610,1,1280),(611,2,800),(612,1,274),(613,2,274),(614,1,1167),(615,1,3),(616,1,1231),(617,2,238),(618,2,364),(619,1,1520),(620,2,59),(621,1,984),(622,1,152),(623,1,958),(624,1,202),(625,2,913),(626,1,490),(627,1,354),(628,2,474),(629,2,251),(630,2,994),(631,2,652),(632,2,1171),(633,2,1179),(634,2,1374),(635,2,1059),(636,2,70),(637,2,1118),(638,1,281),(639,2,193),(640,1,1501),(641,1,373),(642,2,34),(643,1,768),(644,1,597),(645,1,1097),(646,1,987),(647,1,1589),(648,2,1632),(649,2,312),(650,2,346),(651,2,1070),(652,2,474),(653,2,1166),(654,2,1157),(655,2,1198),(656,2,535),(657,2,1466),(658,1,571),(659,2,586),(660,2,1651),(661,2,61),(662,2,1624),(663,2,270),(664,1,1312),(665,1,14),(666,1,1039),(667,2,1285),(668,1,1147),(669,1,1012),(670,2,110),(671,1,407),(672,1,1375),(673,1,1510),(674,1,241),(675,1,1200),(676,1,574),(677,2,99),(678,1,900),(679,1,628),(680,1,601),(681,2,546),(682,1,275),(683,2,489),(684,2,1231),(685,2,384),(686,2,1094),(687,2,692),(688,1,136),(689,1,688),(690,2,629),(691,1,971),(692,2,111),(693,2,1635),(694,1,1222),(695,2,1515),(696,2,1318),(697,2,380),(698,1,712),(699,2,1413),(700,2,23),(701,1,513),(702,1,1476),(703,2,1002),(704,1,1065),(705,1,213),(706,1,1623),(707,2,719),(708,2,1051),(709,1,1416),(710,1,398),(711,1,1002),(712,2,847),(713,1,1544),(714,1,254),(715,2,848),(716,1,169),(717,1,1490),(718,2,637),(719,2,66),(720,1,1632),(721,2,133),(722,2,1008),(723,2,533),(724,2,811),(725,1,475),(726,1,1273),(727,2,1423),(728,1,380),(729,2,1498),(730,2,752),(731,1,191),(732,2,811),(733,2,895),(734,1,1374),(735,2,1337),(736,2,1348),(737,1,1423),(738,2,821),(739,2,278),(740,1,1197),(741,1,200),(742,2,111),(743,1,1271),(744,1,1075),(745,1,902),(746,2,1644),(747,2,396),(748,2,900),(749,1,167),(750,1,385),(751,1,1266),(752,2,1583),(753,1,903),(754,1,1231),(755,1,1613),(756,1,1449),(757,2,704),(758,1,722),(759,2,1172),(760,2,973),(761,1,1384),(762,2,394),(763,2,1271),(764,2,1265),(765,1,1252),(766,1,219),(767,2,1269),(768,2,112),(769,2,372),(770,1,551),(771,2,1026),(772,2,1557),(773,1,1270),(774,2,38),(775,1,695),(776,2,523),(777,1,902),(778,1,1441),(779,1,988),(780,2,50),(781,1,450),(782,2,770),(783,1,478),(784,1,450),(785,2,1578),(786,2,893),(787,1,1028),(788,1,1591),(789,2,702),(790,1,86),(791,2,940),(792,1,689),(793,1,1658),(794,1,182),(795,1,1444),(796,1,700),(797,1,375),(798,2,197),(799,1,971),(800,1,884),(801,1,597),(802,1,1609),(803,1,1567),(804,2,156),(805,1,26),(806,2,720),(807,2,1446),(808,1,1230),(809,2,1619),(810,2,6),(811,1,1500),(812,2,1135),(813,2,1427),(814,2,1162),(815,1,239),(816,2,1537),(817,1,448),(818,2,940),(819,2,694),(820,2,668),(821,2,235),(822,2,925),(823,1,564),(824,1,1564),(825,2,991),(826,1,1653),(827,2,695),(828,2,1121),(829,1,183),(830,1,577),(831,2,388),(832,2,1358),(833,1,1382),(834,2,670),(835,2,1432),(836,1,59),(837,2,821),(838,2,564),(839,2,1360),(840,2,32),(841,1,315),(842,2,274),(843,1,401),(844,2,173),(845,1,1161),(846,2,259),(847,2,751),(848,1,711),(849,1,529),(850,2,991),(851,2,1203),(852,1,802),(853,2,1504),(854,2,394),(855,2,554),(856,2,558),(857,2,269),(858,1,940),(859,2,1302),(860,1,1033),(861,1,257),(862,1,19),(863,2,1118),(864,2,1388),(865,2,992),(866,2,203),(867,1,812),(868,2,791),(869,1,523),(870,1,796),(871,1,874),(872,1,580),(873,2,1006),(874,1,537),(875,2,1244),(876,1,87),(877,1,146),(878,1,950),(879,2,798),(880,2,590),(881,1,876),(882,2,1552),(883,2,1179),(884,2,940),(885,1,182),(886,2,1480),(887,2,973),(888,2,85),(889,2,1009),(890,2,861),(891,1,479),(892,2,1162),(893,1,1632),(894,2,924),(895,1,1289),(896,2,756),(897,2,50),(898,2,18),(899,1,1209),(900,1,330),(901,2,429),(902,2,1582),(903,1,619),(904,2,617),(905,1,958),(906,2,1505),(907,2,224),(908,2,1531),(909,1,1145),(910,1,1507),(911,1,381),(912,1,1248),(913,1,867),(914,2,415),(915,2,1297),(916,1,630),(917,1,417),(918,2,628),(919,2,96),(920,2,760),(921,2,996),(922,1,882),(923,1,1504),(924,2,891),(925,2,1225),(926,1,435),(927,2,1263),(928,2,1536),(929,2,1253),(930,1,823),(931,1,1387),(932,1,37),(933,1,994),(934,2,1270),(935,2,665),(936,1,350),(937,2,958),(938,1,1474),(939,2,1014),(940,1,796),(941,2,657),(942,2,243),(943,1,618),(944,1,1196),(945,1,1537),(946,2,1084),(947,1,869),(948,2,1646),(949,1,1325),(950,2,1420),(951,1,1303),(952,2,1292),(953,1,793),(954,1,571),(955,1,206),(956,2,830),(957,1,889),(958,2,208),(959,2,191),(960,2,1601),(961,1,603),(962,1,757),(963,1,1374),(964,2,204),(965,2,153),(966,2,597),(967,1,396),(968,1,1632),(969,2,1320),(970,2,866),(971,2,904),(972,1,1119),(973,2,1105),(974,2,1461),(975,2,862),(976,1,401),(977,1,806),(978,1,815),(979,1,184),(980,2,1645),(981,1,1388),(982,1,1234),(983,1,177),(984,1,252),(985,2,1107),(986,1,312),(987,2,295),(988,1,905),(989,2,158),(990,1,389),(991,2,659),(992,2,77),(993,1,1508),(994,2,235),(995,2,975),(996,2,1270),(997,2,573),(998,1,338),(999,1,241),(1000,2,1343),(1001,2,1414),(1002,1,1338),(1003,1,893);
/*!40000 ALTER TABLE `san_pham_chi_tiet_dot_giam_gia` ENABLE KEYS */;
UNLOCK TABLES;

--
-- Table structure for table `san_pham_danh_muc`
--

DROP TABLE IF EXISTS `san_pham_danh_muc`;
/*!40101 SET @saved_cs_client     = @@character_set_client */;
/*!50503 SET character_set_client = utf8mb4 */;
CREATE TABLE `san_pham_danh_muc` (
  `SAN_PHAM_ID` int NOT NULL,
  `DANH_MUC_ID` int NOT NULL,
  PRIMARY KEY (`SAN_PHAM_ID`,`DANH_MUC_ID`),
  KEY `DANH_MUC_ID` (`DANH_MUC_ID`),
  CONSTRAINT `san_pham_danh_muc_ibfk_1` FOREIGN KEY (`SAN_PHAM_ID`) REFERENCES `san_pham` (`ID`),
  CONSTRAINT `san_pham_danh_muc_ibfk_2` FOREIGN KEY (`DANH_MUC_ID`) REFERENCES `danh_muc` (`ID`)
) ENGINE=InnoDB DEFAULT CHARSET=utf8mb4 COLLATE=utf8mb4_unicode_ci;
/*!40101 SET character_set_client = @saved_cs_client */;

--
-- Dumping data for table `san_pham_danh_muc`
--

LOCK TABLES `san_pham_danh_muc` WRITE;
/*!40000 ALTER TABLE `san_pham_danh_muc` DISABLE KEYS */;
INSERT INTO `san_pham_danh_muc` VALUES (417,1),(421,1),(422,1),(428,1),(429,1),(433,1),(452,1),(457,1),(475,1),(478,1),(480,1),(499,1),(503,1),(16,2),(411,2),(428,2),(429,2),(435,2),(436,2),(440,2),(443,2),(478,2),(482,2),(484,2),(488,2),(489,2),(503,2),(4,3),(426,3),(433,3),(435,3),(440,3),(447,3),(448,3),(455,3),(461,3),(475,3),(485,3),(486,3),(494,3),(1,4),(3,4),(18,4),(415,4),(416,4),(421,4),(422,4),(433,4),(445,4),(446,4),(448,4),(449,4),(450,4),(451,4),(454,4),(461,4),(464,4),(466,4),(471,4),(484,4),(491,4),(503,4),(411,5),(421,5),(443,5),(448,5),(455,5),(459,5),(468,5),(477,5),(487,5),(494,5),(505,5),(16,6),(20,6),(411,6),(414,6),(417,6),(418,6),(419,6),(425,6),(427,6),(434,6),(449,6),(458,6),(459,6),(460,6),(463,6),(480,6),(481,6),(499,6),(502,6),(414,7),(415,7),(416,7),(417,7),(424,7),(427,7),(431,7),(432,7),(443,7),(454,7),(455,7),(458,7),(461,7),(469,7),(481,7),(482,7),(487,7),(433,8),(442,8),(452,8),(454,8),(468,8),(481,8),(3,9),(411,9),(420,9),(427,9),(428,9),(432,9),(435,9),(436,9),(437,9),(440,9),(441,9),(445,9),(447,9),(449,9),(450,9),(456,9),(465,9),(484,9),(491,9),(492,9),(498,9),(3,10),(16,10),(412,10),(424,10),(426,10),(427,10),(436,10),(438,10),(443,10),(447,10),(450,10),(452,10),(458,10),(459,10),(461,10),(463,10),(480,10),(482,10),(489,10),(505,10),(20,11),(411,11),(424,11),(428,11),(431,11),(461,11),(471,11),(480,11),(490,11),(491,11),(498,11),(3,12),(4,12),(17,12),(421,12),(430,12),(431,12),(433,12),(434,12),(440,12),(447,12),(453,12),(457,12),(458,12),(464,12),(474,12),(475,12),(482,12),(486,12),(488,12),(489,12),(505,12),(411,13),(428,13),(444,13),(445,13),(453,13),(455,13),(464,13),(465,13),(473,13),(491,13),(500,13),(2,14),(3,14),(411,14),(415,14),(433,14),(442,14),(443,14),(444,14),(451,14),(461,14),(480,14),(483,14),(487,14),(493,14),(496,14),(4,15),(20,15),(421,15),(432,15),(444,15),(461,15),(462,15),(480,15),(481,15),(483,15),(495,15),(1,16),(2,16),(17,16),(19,16),(434,16),(435,16),(437,16),(456,16),(459,16),(472,16),(474,16),(490,16),(491,16),(492,16),(499,16),(501,16),(16,17),(17,17),(20,17),(417,17),(435,17),(462,17),(466,17),(468,17),(485,17),(494,17),(503,17),(17,18),(411,18),(433,18),(442,18),(451,18),(452,18),(457,18),(458,18),(461,18),(473,18),(476,18),(482,18),(485,18),(492,18),(17,19),(19,19),(413,19),(414,19),(428,19),(430,19),(437,19),(438,19),(441,19),(446,19),(459,19),(460,19),(465,19),(473,19),(474,19),(480,19),(488,19),(496,19),(503,19),(504,19),(2,20),(16,20),(17,20),(413,20),(414,20),(440,20),(448,20),(450,20),(452,20),(457,20),(464,20),(465,20),(466,20),(468,20),(469,20),(487,20),(489,20),(497,20),(501,20),(505,20),(18,21),(19,21),(423,21),(425,21),(434,21),(439,21),(440,21),(447,21),(461,21),(467,21),(468,21),(481,21),(482,21),(497,21),(499,21),(504,21),(412,22),(419,22),(424,22),(431,22),(435,22),(437,22),(448,22),(449,22),(452,22),(460,22),(471,22),(412,23),(415,23),(434,23),(444,23),(446,23),(451,23),(456,23),(460,23),(466,23),(480,23),(487,23),(493,23),(501,23),(504,23),(19,24),(418,24),(444,24),(445,24),(446,24),(462,24),(466,24),(471,24),(479,24),(482,24),(486,24),(504,24),(416,25),(418,25),(421,25),(423,25),(463,25),(464,25),(481,25),(490,25),(493,25),(495,25),(500,25),(503,25),(505,25);
/*!40000 ALTER TABLE `san_pham_danh_muc` ENABLE KEYS */;
UNLOCK TABLES;

--
-- Table structure for table `san_pham_ua_thich`
--

DROP TABLE IF EXISTS `san_pham_ua_thich`;
/*!40101 SET @saved_cs_client     = @@character_set_client */;
/*!50503 SET character_set_client = utf8mb4 */;
CREATE TABLE `san_pham_ua_thich` (
  `ID` int NOT NULL AUTO_INCREMENT,
  `KHACH_HANG_ID` int NOT NULL,
  `SAN_PHAM_ID` int NOT NULL,
  `IS_DELETED` bit(1) NOT NULL DEFAULT b'0',
  PRIMARY KEY (`ID`),
  KEY `KHACH_HANG_ID` (`KHACH_HANG_ID`),
  KEY `SAN_PHAM_ID` (`SAN_PHAM_ID`),
  CONSTRAINT `san_pham_ua_thich_ibfk_1` FOREIGN KEY (`KHACH_HANG_ID`) REFERENCES `khach_hang` (`ID`),
  CONSTRAINT `san_pham_ua_thich_ibfk_2` FOREIGN KEY (`SAN_PHAM_ID`) REFERENCES `san_pham` (`ID`)
) ENGINE=InnoDB AUTO_INCREMENT=3 DEFAULT CHARSET=utf8mb4 COLLATE=utf8mb4_unicode_ci;
/*!40101 SET character_set_client = @saved_cs_client */;

--
-- Dumping data for table `san_pham_ua_thich`
--

LOCK TABLES `san_pham_ua_thich` WRITE;
/*!40000 ALTER TABLE `san_pham_ua_thich` DISABLE KEYS */;
INSERT INTO `san_pham_ua_thich` VALUES (1,1,1,_binary '\0'),(2,3,4,_binary '\0');
/*!40000 ALTER TABLE `san_pham_ua_thich` ENABLE KEYS */;
UNLOCK TABLES;

--
-- Table structure for table `tai_khoan`
--

DROP TABLE IF EXISTS `tai_khoan`;
/*!40101 SET @saved_cs_client     = @@character_set_client */;
/*!50503 SET character_set_client = utf8mb4 */;
CREATE TABLE `tai_khoan` (
  `ID` int NOT NULL AUTO_INCREMENT,
  `USER_NAME` varchar(255) CHARACTER SET utf8mb4 COLLATE utf8mb4_unicode_ci DEFAULT NULL,
  `EMAIL` varchar(255) CHARACTER SET utf8mb4 COLLATE utf8mb4_unicode_ci DEFAULT NULL,
  `SO_DIEN_THOAI` varchar(20) CHARACTER SET utf8mb4 COLLATE utf8mb4_unicode_ci DEFAULT NULL,
  `ANH_URL` varchar(255) CHARACTER SET utf8mb4 COLLATE utf8mb4_unicode_ci DEFAULT NULL,
  `ROLE` varchar(50) CHARACTER SET utf8mb4 COLLATE utf8mb4_unicode_ci DEFAULT NULL,
  `PASSWORD` varchar(255) CHARACTER SET utf8mb4 COLLATE utf8mb4_unicode_ci DEFAULT NULL,
  `GOOGLE_ID` varchar(255) CHARACTER SET utf8mb4 COLLATE utf8mb4_unicode_ci DEFAULT NULL,
  `FACEBOOK_ID` varchar(255) CHARACTER SET utf8mb4 COLLATE utf8mb4_unicode_ci DEFAULT NULL,
  `IS_ENABLE` bit(1) NOT NULL DEFAULT b'1',
  `IS_DELETED` bit(1) NOT NULL DEFAULT b'0',
  PRIMARY KEY (`ID`),
  UNIQUE KEY `USER_NAME` (`USER_NAME`),
  UNIQUE KEY `EMAIL` (`EMAIL`),
  UNIQUE KEY `SO_DIEN_THOAI` (`SO_DIEN_THOAI`)
) ENGINE=InnoDB AUTO_INCREMENT=56 DEFAULT CHARSET=utf8mb4 COLLATE=utf8mb4_unicode_ci;
/*!40101 SET character_set_client = @saved_cs_client */;

--
-- Dumping data for table `tai_khoan`
--

LOCK TABLES `tai_khoan` WRITE;
/*!40000 ALTER TABLE `tai_khoan` DISABLE KEYS */;
INSERT INTO `tai_khoan` VALUES (1,'john_doe','john.doe@example.com','1234567890','john.jpg','ROLE_CUSTOMER','hashed_password_1',NULL,NULL,_binary '',_binary '\0'),(2,'jane_smith','jane.smith@example.com','0987654321','jane.jpg','ROLE_ADMIN','hashed_password_2',NULL,NULL,_binary '',_binary '\0'),(3,'peter_jones','peter.jones@example.com','1122334455','peter.jpg','ROLE_EMPLOYEE','hashed_password_3',NULL,NULL,_binary '',_binary '\0'),(4,'alice_brown','alice.brown@example.com','5551234567','alice.jpg','ROLE_ADMIN','hashed_password_4',NULL,NULL,_binary '',_binary '\0'),(5,'bob_wilson','bob.wilson@example.com','7779876543','bob.jpg','ROLE_ADMIN','hashed_password_5',NULL,NULL,_binary '',_binary '\0'),(26,'Gemma','Kurt.Biggs.95@yahoo.com','+81(383)648-512','dogThe quick brown fox jumps over the lazy','lazy dogThe quick brown fox j','brown fox jumps over the ','1','1',_binary '',_binary '\0'),(27,'Salma','Adam.Scruton.57@sky.com','+30(844)532-767','fox jumps over the lazy dogThe q','brown fox jumps over the lazy do','fox ju','2','2',_binary '',_binary '\0'),(28,'Matilda','Anderson.Cruse.13@facebook.com','+48(565)583-473','dogThe quick brown fox jumps o','over the lazy dogThe quick brow','jumps over the lazy dogThe quick br','3','3',_binary '',_binary '\0'),(29,'Hope','Nowell.Shawcross.13@qq.com','+378(283)645-372','over the lazy dogThe quick brown fox jumps','ogThe q','ogThe quick brown fox jumps over the lazy d','4','4',_binary '',_binary '\0'),(30,'Isla','Bud.Coull.09@yahoo.fr','+37(272)203-462','fox jumps over the','brown fox jumps over the lazy dogT','over the lazy dogThe quick brow','5','5',_binary '',_binary '\0'),(31,'Larry','Myrna.Harder.18@mac.com','+838(332)432-763','over the lazy do','fox jumps over the l','dogThe quic','6','6',_binary '',_binary '\0'),(32,'Kimble','Lillian.Page.34@yahoo.com.br','+315(701)689-473','b','brow','dogThe quick brown f','7','7',_binary '',_binary '\0'),(33,'Otto','Jess.Goodheart.29@virgilio.it','+32(572)283-623','dogThe quick','dogThe qui','quick brown fox jumps over ','8','8',_binary '',_binary '\0'),(34,'Natalie','Thomas.Yonge.67@tiscali.it','+64(574)785-630','dogThe qu','quick brown fox jumps over the lazy dogThe','over the lazy dogThe qu','9','9',_binary '',_binary '\0'),(35,'Raymond','Ethan.Hogan.06@me.com','+63(127)107-627','brown fox jumps over the lazy do','lazy dogThe quick br','fox jumps over the lazy dogThe quick br','10','10',_binary '',_binary '\0'),(36,'Celinda','Charis.Brabin.27@windstream.net','+270(800)314-011','brown fox jumps over the lazy d','the lazy dog','brown fox jumps over the l','11','11',_binary '',_binary '\0'),(37,'Ezekiel','Hedworth.Stetson.72@skynet.be','+35(865)485-354','fox jumps over the lazy dogThe q','dogThe quick brown fox j','brown fox jumps over the lazy dogTh','12','12',_binary '',_binary '\0'),(38,'Chance','Hugh.Parrott.71@optusnet.com.au','+646(328)505-697','the lazy','the lazy dogThe quick brown f','over t','13','13',_binary '',_binary '\0'),(39,'Travis','Teresa.Launchbury.26@optusnet.com.au','+15(314)675-141','d','the lazy d','jumps over the laz','14','14',_binary '',_binary '\0'),(40,'Thelma','Florence.Gilbert.73@uol.com.br','+67(381)203-738','gThe quick brown fox jumps over the l','over the lazy dogThe quic','lazy dogThe quic','15','15',_binary '',_binary '\0'),(41,'Clare','Gerald.Jolley.77@live.nl','+51(454)812-614','quick br','quick brown fox jumps over the la','fox','16','16',_binary '',_binary '\0'),(42,'Tony','Alison.Grainger.60@hotmail.fr','+36(115)895-387','the lazy','quick brown fox jumps over the la','the lazy dogThe quick brown fox jumps over','17','17',_binary '',_binary '\0'),(43,'Terence','Vivian.Shovelton.64@ntlworld.com','+560(562)127-218','fox jumps over the lazy dogThe quick','qu','dogThe q','18','18',_binary '',_binary '\0'),(44,'Mandy','Hunter.Meriwether.19@comcast.net','+366(338)982-375','quick brown fox j','quick brown ','lazy dogThe quick brown fox jumps ov','19','19',_binary '',_binary '\0'),(45,'Roderick','Diana.Souttar.62@hotmail.de','+691(152)779-428','jumps over the lazy dogThe quick br','brown fox jump','fox jumps over the lazy dogThe quick','20','20',_binary '',_binary '\0'),(46,'Colin','Sheryl.Beeching.47@yahoo.com.sg','+21(116)376-261','fox jumps over the lazy dogThe quick br','fox jumps over the lazy dogThe q','fox jumps over','21','21',_binary '',_binary '\0'),(47,'Lillian','Matilda.Kells.95@bluewin.ch','+10(372)889-572','the lazy dogThe quick brown','over the lazy dogThe quick brow','b','22','22',_binary '',_binary '\0'),(48,'Talitha','Bubby.Reiner.90@aim.com','+388(336)687-537','the lazy dogThe quick brown fox jumps ove','brown fox jumps over the la','brown fox jumps over','23','23',_binary '',_binary '\0'),(49,'Hero','Precious.Bonniwell.38@yahoo.es','+806(159)247-462','over the laz','brown fox jumps over the lazy dogThe qu','fox jumps over the lazy dogT','24','24',_binary '',_binary '\0'),(50,'Danielle','Tate.Cruddas.48@ymail.com','+86(170)781-842','jumps over the lazy ','lazy dogThe quick brown fox jumps over the','the ','25','25',_binary '',_binary '\0'),(51,'Abby','Troy.Thimbleby.42@cox.net','+34(528)467-151','the l','fox jumps over ','brown fox jumps over the lazy dogThe','26','26',_binary '',_binary '\0'),(52,'Jacob','Quentin.Moore.75@hetnet.nl','+425(727)711-976','the lazy dogThe quick','dog','quick b','27','27',_binary '',_binary '\0'),(53,'Lanny','Rhiannon.Stookey.09@hotmail.co.uk','+287(072)874-882','quick ','jumps over th','The quick brown fox jumps ove','28','28',_binary '',_binary '\0'),(54,'Marcia','Gorden.Jepson.12@yahoo.com.mx','+155(595)858-237','jumps ov','jumps over the ','jumps over the lazy dogThe','29','29',_binary '',_binary '\0'),(55,'Stephen','Talitha.Spicer.27@chello.nl','+396(461)849-370','brown fox jumps over the l','gThe quick brown fox jumps o','quick brown fox','30','30',_binary '',_binary '\0');
/*!40000 ALTER TABLE `tai_khoan` ENABLE KEYS */;
UNLOCK TABLES;

--
-- Table structure for table `thong_bao`
--

DROP TABLE IF EXISTS `thong_bao`;
/*!40101 SET @saved_cs_client     = @@character_set_client */;
/*!50503 SET character_set_client = utf8mb4 */;
CREATE TABLE `thong_bao` (
  `ID` int NOT NULL AUTO_INCREMENT,
  `TAI_KHOAN_ID` int NOT NULL,
  `URL` varchar(255) CHARACTER SET utf8mb4 COLLATE utf8mb4_unicode_ci DEFAULT NULL,
  `NOI_DUNG` text CHARACTER SET utf8mb4 COLLATE utf8mb4_unicode_ci,
  `THOI_GIAN` datetime NOT NULL,
  `TRANG_THAI` varchar(50) CHARACTER SET utf8mb4 COLLATE utf8mb4_unicode_ci DEFAULT NULL,
  `IS_DELETED` bit(1) NOT NULL DEFAULT b'0',
  PRIMARY KEY (`ID`),
  KEY `TAI_KHOAN_ID` (`TAI_KHOAN_ID`),
  CONSTRAINT `thong_bao_ibfk_1` FOREIGN KEY (`TAI_KHOAN_ID`) REFERENCES `tai_khoan` (`ID`)
) ENGINE=InnoDB AUTO_INCREMENT=3 DEFAULT CHARSET=utf8mb4 COLLATE=utf8mb4_unicode_ci;
/*!40101 SET character_set_client = @saved_cs_client */;

--
-- Dumping data for table `thong_bao`
--

LOCK TABLES `thong_bao` WRITE;
/*!40000 ALTER TABLE `thong_bao` DISABLE KEYS */;
INSERT INTO `thong_bao` VALUES (1,1,'/thong-bao/1','Bn c mt thng bo mi','2024-01-03 00:00:00','Cha c',_binary '\0'),(2,4,'/thong-bao/2','C sn phm mi','2024-01-03 00:00:00',' c',_binary '\0');
/*!40000 ALTER TABLE `thong_bao` ENABLE KEYS */;
UNLOCK TABLES;

--
-- Table structure for table `thuong_hieu`
--

DROP TABLE IF EXISTS `thuong_hieu`;
/*!40101 SET @saved_cs_client     = @@character_set_client */;
/*!50503 SET character_set_client = utf8mb4 */;
CREATE TABLE `thuong_hieu` (
  `ID` int NOT NULL AUTO_INCREMENT,
  `TEN` varchar(255) CHARACTER SET utf8mb4 COLLATE utf8mb4_unicode_ci NOT NULL,
  `IS_DELETED` bit(1) NOT NULL DEFAULT b'0',
  `thumbnail` varchar(255) CHARACTER SET utf8mb4 COLLATE utf8mb4_unicode_ci DEFAULT NULL,
  PRIMARY KEY (`ID`)
) ENGINE=InnoDB AUTO_INCREMENT=31 DEFAULT CHARSET=utf8mb4 COLLATE=utf8mb4_unicode_ci;
/*!40101 SET character_set_client = @saved_cs_client */;

--
-- Dumping data for table `thuong_hieu`
--

LOCK TABLES `thuong_hieu` WRITE;
/*!40000 ALTER TABLE `thuong_hieu` DISABLE KEYS */;
INSERT INTO `thuong_hieu` VALUES (1,'Nike',_binary '\0','https://dummyimage.com/100x40/ffffff/ff5733.png&text=Nike'),(2,'Adidas',_binary '\0','https://dummyimage.com/100x40/ffffff/33ff57.png&text=Adidas'),(3,'Puma',_binary '\0','https://dummyimage.com/100x40/ffffff/3357ff.png&text=Puma'),(4,'Under Armour',_binary '\0','https://dummyimage.com/100x40/ffffff/ff33a1.png&text=Under+Armour'),(5,'Reebok',_binary '\0','https://dummyimage.com/100x40/ffffff/a133ff.png&text=Reebok'),(6,'New Balance',_binary '\0','https://dummyimage.com/100x40/ffffff/33fff5.png&text=New+Balance'),(7,'Fila',_binary '\0','https://dummyimage.com/100x40/ffffff/f5ff33.png&text=Fila'),(8,'Champion',_binary '\0','https://dummyimage.com/100x40/ffffff/ff8c33.png&text=Champion'),(9,'Lacoste',_binary '\0','https://dummyimage.com/100x40/ffffff/8cff33.png&text=Lacoste'),(10,'Levi\'s',_binary '\0','https://dummyimage.com/100x40/ffffff/338cff.png&text=Levi\'s'),(11,'H&M',_binary '\0','https://dummyimage.com/100x40/ffffff/ff3369.png&text=H%26M'),(12,'Uniqlo',_binary '\0','https://dummyimage.com/100x40/ffffff/9933ff.png&text=Uniqlo'),(13,'Zara',_binary '\0','https://dummyimage.com/100x40/ffffff/33fff2.png&text=Zara'),(14,'Gucci',_binary '\0','https://dummyimage.com/100x40/ffffff/f2ff33.png&text=Gucci'),(15,'Prada',_binary '\0','https://dummyimage.com/100x40/ffffff/ffbf00.png&text=Prada'),(16,'Louis Vuitton',_binary '\0','https://dummyimage.com/100x40/ffffff/bfff00.png&text=Louis+Vuitton'),(17,'Versace',_binary '\0','https://dummyimage.com/100x40/ffffff/00ffbf.png&text=Versace'),(18,'Balenciaga',_binary '\0','https://dummyimage.com/100x40/ffffff/00bfff.png&text=Balenciaga'),(19,'Burberry',_binary '\0','https://dummyimage.com/100x40/ffffff/bf00ff.png&text=Burberry'),(20,'Tommy Hilfiger',_binary '\0','https://dummyimage.com/100x40/ffffff/ff00bf.png&text=Tommy+Hilfiger'),(21,'Calvin Klein',_binary '\0','https://dummyimage.com/100x40/ffffff/ff0066.png&text=Calvin+Klein'),(22,'Ralph Lauren',_binary '\0','https://dummyimage.com/100x40/ffffff/6600ff.png&text=Ralph+Lauren'),(23,'The North Face',_binary '\0','https://dummyimage.com/100x40/ffffff/0066ff.png&text=The+North+Face'),(24,'Patagonia',_binary '\0','https://dummyimage.com/100x40/ffffff/00ff66.png&text=Patagonia'),(25,'Columbia',_binary '\0','https://dummyimage.com/100x40/ffffff/66ff00.png&text=Columbia'),(26,'Off-White',_binary '\0','https://dummyimage.com/100x40/ffffff/ffcc00.png&text=Off-White'),(27,'Supreme',_binary '\0','https://dummyimage.com/100x40/ffffff/cc00ff.png&text=Supreme'),(28,'Diesel',_binary '\0','https://dummyimage.com/100x40/ffffff/00ffcc.png&text=Diesel'),(29,'Hugo Boss',_binary '\0','https://dummyimage.com/100x40/ffffff/ff6600.png&text=Hugo+Boss'),(30,'Stone Island',_binary '\0','https://dummyimage.com/100x40/ffffff/00ff99.png&text=Stone+Island');
/*!40000 ALTER TABLE `thuong_hieu` ENABLE KEYS */;
UNLOCK TABLES;
/*!40103 SET TIME_ZONE=@OLD_TIME_ZONE */;

/*!40101 SET SQL_MODE=@OLD_SQL_MODE */;
/*!40014 SET FOREIGN_KEY_CHECKS=@OLD_FOREIGN_KEY_CHECKS */;
/*!40014 SET UNIQUE_CHECKS=@OLD_UNIQUE_CHECKS */;
/*!40101 SET CHARACTER_SET_CLIENT=@OLD_CHARACTER_SET_CLIENT */;
/*!40101 SET CHARACTER_SET_RESULTS=@OLD_CHARACTER_SET_RESULTS */;
/*!40101 SET COLLATION_CONNECTION=@OLD_COLLATION_CONNECTION */;
/*!40111 SET SQL_NOTES=@OLD_SQL_NOTES */;

-- Dump completed on 2025-03-19 13:39:28
